event_id,num_detections,x_centroid,y_centroid,lifetime_frames,lifetime_seconds,mean_area_px,mean_area_km2,peak_intensity
0,2,2003.75,423.25,2,20,2.0,24728.752698625824,642.14599609375
1,1,2029.0,426.0,1,10,1.0,12364.376349312912,612.20361328125
2,26,2025.6421110715646,416.96440324183243,17,170,8.961538461538462,110803.83420730419,1258.6910400390625
3,2,2047.0,425.5,2,20,1.0,12364.376349312912,642.1521606445312
4,1,2036.0,414.0,1,10,1.0,12364.376349312912,612.2655639648438
5,1,2018.0,397.0,1,10,1.0,12364.376349312912,736.0111694335938
6,21,759.467085135164,538.3800782295854,15,150,27.333333333333332,337959.6202145529,5599.9892578125
7,5,765.5301587301587,544.0168253968254,5,50,7.0,86550.63444519039,1134.90869140625
8,1,763.0,541.0,1,10,1.0,12364.376349312912,583.1181640625
9,1,729.0,525.0,1,10,1.0,12364.376349312912,1817.612060546875
10,91,1306.2585743409832,780.098356223692,49,490,40.032967032967036,494982.67077524116,7735.4501953125
11,256,1314.5952450171276,770.4413116981644,87,870,41.67578125,515295.0440266385,2478.906982421875
12,2,1346.75,801.25,2,20,2.0,24728.752698625824,672.7030029296875
13,4,1348.6880952380952,799.3119047619048,4,40,8.0,98915.01079450331,768.7291259765625
14,3,1297.5,793.4444444444445,3,30,3.3333333333333335,41214.58783104304,703.9906005859375
15,6,1357.361111111111,763.2222222222222,4,40,1.8333333333333333,22668.023307073672,906.686279296875
16,1,1383.0,754.0,1,10,1.0,12364.376349312912,642.1207275390625
17,1,1382.0,751.0,1,10,1.0,12364.376349312912,612.2566528320312
18,1,1396.0,826.0,1,10,1.0,12364.376349312912,583.12158203125
19,2,1383.875,818.25,2,20,2.5,30910.94087328228,612.291259765625
20,3,1385.0,819.5,3,30,1.3333333333333333,16485.835132417214,672.72900390625
21,4,1388.55,822.8249999999999,4,40,11.25,139099.23392977024,704.024169921875
22,1,1394.0,805.5,1,10,2.0,24728.752698625824,672.689453125
23,5,1393.5241666666666,802.1341666666667,5,50,5.4,66767.63228628974,768.70751953125
24,99,449.07287520229903,822.6731026536637,85,850,60.4040404040404,746858.2885746587,1056.0390625
25,1,441.0,808.0,1,10,1.0,12364.376349312912,906.690673828125
26,2,423.75,839.5,2,20,1.5,18546.56452396937,642.13134765625
27,1,422.5,840.5,1,10,2.0,24728.752698625824,612.2791748046875
28,1,422.25,845.0,1,10,3.0,37093.12904793874,612.2713623046875
29,1,428.0,836.0,1,10,1.0,12364.376349312912,612.23486328125
30,2,425.66666666666663,837.1666666666667,2,20,2.0,24728.752698625824,612.272216796875
31,1,423.0,835.0,1,10,1.0,12364.376349312912,612.2452392578125
32,6,1042.1228224271701,981.7088823012735,6,60,10.833333333333334,133947.41045088987,1388.79931640625
33,1,1043.6666666666667,977.6666666666666,1,10,3.0,37093.12904793874,642.0955810546875
34,2,1052.0,984.5,2,20,1.0,12364.376349312912,703.986572265625
35,2,914.1666666666667,1115.8333333333335,2,20,2.0,24728.752698625824,703.953125
36,15,915.4788835725678,1117.7334715576824,15,150,8.8,108806.51187395364,2190.95654296875
37,3,916.4444444444445,1117.0,3,30,2.3333333333333335,28850.21148173013,736.0205078125
38,1,916.0,1115.0,1,10,1.0,12364.376349312912,583.056640625
39,1,917.0,1115.5,1,10,2.0,24728.752698625824,612.27783203125
40,9,920.0753561253563,1117.2606125356126,9,90,7.111111111111111,87924.45403955849,1817.6259765625
41,16,920.2218300610529,1116.8300491239086,16,160,18.6875,231059.28302778507,6820.17578125
42,2,919.625,1118.5,2,20,2.5,30910.94087328228,642.1585693359375
43,1,919.0,1118.5,1,10,2.0,24728.752698625824,672.68798828125
44,3,945.3333333333334,1114.6666666666667,3,30,1.6666666666666667,20607.293915521517,735.977294921875
45,1,945.0,1112.0,1,10,1.0,12364.376349312912,642.112060546875
46,1,940.0,1104.0,1,10,3.0,37093.12904793874,703.98779296875
47,1,938.5,1103.0,1,10,2.0,24728.752698625824,703.98779296875
48,20,939.1046435508936,1101.294441253191,19,190,7.55,93351.0414373125,1717.338623046875
49,1,906.0,1131.6666666666667,1,10,3.0,37093.12904793874,672.6973266601562
50,10,940.8957121212121,1103.9248582251082,10,100,13.3,164446.20544586173,3310.9677734375
51,9,939.7645502645503,1104.0806878306878,9,90,5.222222222222222,64569.52093530077,1258.6455078125
52,2,942.5,1101.75,2,20,1.5,18546.56452396937,642.1226806640625
53,2,924.0,1120.25,2,20,1.5,18546.56452396937,704.0133666992188
54,44,940.1887085200965,1104.130406496501,42,420,39.09090909090909,483334.71183677757,17602.1328125
55,1,976.0,1148.5,1,10,2.0,24728.752698625824,735.94970703125
56,7,976.2698412698412,1148.7903207903207,7,70,7.571428571428571,93615.99235908348,1135.0029296875
57,7,1655.1368962564782,1203.9065574947929,7,70,11.857142857142858,146606.1767132817,1095.06689453125
58,9,1655.1031705948374,1200.2921436588103,9,90,6.333333333333333,78307.71687898178,802.156494140625
59,10,1661.8781951381952,1194.2397385947388,10,100,12.2,150845.39146161752,943.01318359375
60,1,1650.0,1221.0,1,10,1.0,12364.376349312912,735.99951171875
61,16,1479.19202020781,1357.270703706496,14,140,39.0,482210.6776232036,802.1728515625
62,9,1467.3155394524958,1352.2162640901772,6,60,9.11111111111111,112653.20673818431,768.72412109375
63,5,1462.4116666666666,1355.085,4,40,4.2,51930.38066711423,672.74951171875
64,4,1465.0,1357.125,4,40,1.75,21637.658611297597,642.1458740234375
65,2,163.0,1372.0,2,20,1.0,12364.376349312912,583.12158203125
66,2,156.83333333333334,1365.020833333333,2,20,8.0,98915.0107945033,672.74951171875
67,1,81.0,1446.0,1,10,2.0,24728.752698625824,583.12158203125
68,1,87.0,1442.0,1,10,1.0,12364.376349312912,583.1480712890625
69,1,338.0,1569.0,1,10,1.0,12364.376349312912,583.12158203125
70,2,314.0,1557.25,2,20,1.5,18546.56452396937,672.765869140625
71,65,316.5312260116879,1550.7951856288,56,560,46.52307692307692,575228.8320049576,2304.012451171875
72,2,321.5,1557.5,2,20,1.0,12364.376349312912,612.30712890625
73,3,312.1333333333334,1540.3333333333333,3,30,3.6666666666666665,45336.046614147344,736.0084228515625
74,16,324.333777507215,1556.7140016233766,16,160,9.75,120552.66940580089,1668.24169921875
75,9,314.8766317016317,1531.0551476301475,9,90,6.111111111111111,75560.07769024557,1056.0040283203125
76,5,313.76761904761906,1531.9114285714286,5,50,4.2,51930.38066711423,704.001953125
77,3,310.5740740740741,1529.0925925925924,3,30,6.666666666666667,82429.17566208607,735.9885864257812
78,1,307.0,1525.0,1,10,1.0,12364.376349312912,612.264404296875
79,5,310.6331505531506,1524.302506012506,5,50,13.0,160736.89254106785,768.7222900390625
80,2,310.5444444444445,1521.9222222222222,2,20,7.0,86550.63444519039,768.7135009765625
81,4,293.9375,1519.3541666666667,4,40,3.5,43275.31722259519,672.7100219726562
82,4,1748.6309523809525,1770.845238095238,4,40,4.5,55639.69357190811,703.953125
83,4,1755.28125,1773.9375,4,40,2.0,24728.752698625824,612.280029296875
84,1,1763.0,1769.0,1,10,1.0,12364.376349312912,583.146240234375
85,1,1762.0,1768.0,1,10,1.0,12364.376349312912,583.07373046875
86,1,1733.0,1769.0,1,10,1.0,12364.376349312912,736.010498046875
87,1,1142.6666666666667,1882.3333333333333,1,10,3.0,37093.12904793874,583.12158203125
88,1,1142.0,1883.0,1,10,1.0,12364.376349312912,583.167724609375
89,2,1141.0,1884.0,2,20,1.0,12364.376349312912,583.177734375
90,2,1143.0,1886.0,2,20,1.0,12364.376349312912,583.14892578125
91,1,1166.0,808.0,1,10,1.0,12364.376349312912,583.09619140625
92,1,1166.0,808.0,1,10,1.0,12364.376349312912,583.1341552734375
93,1,1166.0,808.0,1,10,1.0,12364.376349312912,583.122802734375
94,1,1166.0,808.0,1,10,1.0,12364.376349312912,583.1181640625
95,2,1166.0,808.0,2,20,1.0,12364.376349312912,583.14306640625
96,1,1166.0,808.0,1,10,1.0,12364.376349312912,583.0654296875
97,1,1166.0,808.0,1,10,1.0,12364.376349312912,583.099609375
98,1,1166.0,808.0,1,10,1.0,12364.376349312912,612.25244140625
99,1,1166.0,808.0,1,10,1.0,12364.376349312912,612.2779541015625
100,1,1166.0,808.0,1,10,1.0,12364.376349312912,612.2808837890625
101,8,974.3543220668221,868.4881798756799,8,80,7.375,91187.27557618273,768.67333984375
102,9,974.8826812401372,865.5442495126706,9,90,10.88888888888889,134634.32024807396,1344.709716796875
103,26,973.5427285028147,845.1544408344123,23,230,39.69230769230769,490770.6304804202,1572.27587890625
104,12,968.9268518518519,847.599537037037,10,100,5.833333333333333,72125.5287043253,836.292236328125
105,29,956.5222521886269,833.8416989871766,23,230,13.724137931034482,169690.406449191,942.9298095703124
106,42,987.0010317790117,826.3700367645242,27,270,21.952380952380953,271427.4998587263,1868.8135986328125
107,38,992.1089328473516,832.4564665436443,21,210,33.71052631578947,416809.63430183794,2722.13134765625
108,15,1001.1470175438596,836.9054385964913,10,100,3.7333333333333334,46160.33837076821,871.118896484375
109,1,990.25,836.5,1,10,4.0,49457.50539725165,672.7129516601562
110,28,996.8438502479731,835.3734540624738,19,190,45.17857142857143,558604.8600671727,1344.6800537109375
111,9,969.4106315070832,842.6384246458441,7,70,12.0,148372.51619175496,1175.4873046875
112,1,945.6666666666666,853.6666666666666,1,10,3.0,37093.12904793874,703.9839477539062
113,17,943.1791710808122,846.9275158074365,17,170,34.76470588235294,429843.9072025842,1258.720703125
114,1,942.0,849.0,1,10,1.0,12364.376349312912,672.7102661132812
115,1,929.0,858.0,1,10,1.0,12364.376349312912,612.2265625
116,1,967.0,851.0,1,10,1.0,12364.376349312912,612.240234375
117,1,968.625,852.5,1,10,5.0,61821.88174656456,768.6952514648438
118,9,137.26388888888889,1537.9259259259259,9,90,4.111111111111111,50831.32499161975,768.6640625
119,2,146.25,1520.0,2,20,2.5,30910.94087328228,672.708984375
120,65,146.56261118304258,1524.272916050061,33,330,13.923076923076923,172150.16301735674,1056.015380859375
121,33,167.04148442895752,1522.7406734507265,32,320,24.303030303030305,300491.81309542287,1433.601318359375
122,5,167.04000000000002,1523.47,5,50,4.4,54403.25593697681,802.16943359375
123,5,166.85999999999999,1523.72,5,50,2.6,32147.37850821357,703.9822387695312
124,1,164.0,1523.0,1,10,1.0,12364.376349312912,642.14404296875
125,3,172.1111111111111,1525.2222222222224,2,20,1.6666666666666667,20607.29391552152,642.11669921875
126,2,176.5,1528.875,2,20,2.5,30910.940873282278,736.0146484375
127,2,184.25,1530.666666666667,2,20,5.0,61821.88174656456,768.6885986328125
128,1,186.0,1532.0,1,10,1.0,12364.376349312912,672.7158203125
129,5,167.94389610389612,1524.662077922078,5,50,6.4,79132.00863560264,942.9305419921876
130,1,157.0,1510.0,1,10,1.0,12364.376349312912,642.1375732421875
131,4,157.31964285714287,1509.4839285714284,4,40,5.75,71095.16400854925,768.6973876953125
132,1,202.0,1535.0,1,10,1.0,12364.376349312912,612.2658081054688
133,2,185.82142857142858,1491.0,2,20,4.5,55639.6935719081,802.1205444335938
134,3,184.7857142857143,1501.2380952380954,3,30,4.666666666666667,57700.42296346026,871.121826171875
135,1,384.0,1842.0,1,10,1.0,12364.376349312912,583.18896484375
136,1,377.0,1842.0,1,10,1.0,12364.376349312912,583.1341552734375
137,1,375.0,1836.0,1,10,1.0,12364.376349312912,583.1182861328125
138,1,375.0,1835.0,1,10,1.0,12364.376349312912,583.078369140625
139,1,370.0,1835.0,1,10,1.0,12364.376349312912,583.121826171875
140,11,373.29819624819623,1814.5803391053391,10,100,6.545454545454546,80930.46337732088,979.931640625
141,1,375.0,1815.0,1,10,1.0,12364.376349312912,612.28662109375
142,1,352.0,1807.0,1,10,1.0,12364.376349312912,612.314453125
143,3,352.8666666666666,1803.4041666666665,3,30,13.0,160736.89254106788,802.15234375
144,2,353.125,1803.875,2,20,3.5,43275.31722259519,703.9912109375
145,3,362.0,1810.0,3,30,2.0,24728.752698625827,612.2791748046875
146,1,372.0,1818.0,1,10,1.0,12364.376349312912,612.2613525390625
147,3,366.8333333333333,1823.0,3,30,3.0,37093.12904793874,642.13720703125
148,3,367.75,1824.8333333333333,3,30,1.6666666666666667,20607.293915521517,612.2705078125
149,2,370.0,1827.75,2,20,1.5,18546.56452396937,642.14111328125
150,5,370.1095238095238,1805.847619047619,5,50,8.2,101387.88606436588,906.6719970703124
151,1,366.0,1843.0,1,10,1.0,12364.376349312912,642.1585693359375
152,2,366.75,1845.5,2,20,1.5,18546.56452396937,735.9977416992188
153,7,365.62569641998215,1844.0039586339585,7,70,16.714285714285715,206661.71898137295,1216.7027587890625
154,2,374.625,1799.625,2,20,3.0,37093.12904793874,703.978759765625
155,1,816.0,765.5,1,10,2.0,24728.752698625824,703.951904296875
156,5,817.9617132867133,758.677972027972,5,50,10.6,131062.38930271687,1017.615234375
157,6,1050.9543919774185,1044.6054732791574,6,60,18.166666666666668,224619.5036791846,979.878173828125
158,1,1049.0,1044.0,1,10,1.0,12364.376349312912,612.2813720703125
159,4,1052.5555555555557,1043.1186868686868,4,40,5.5,68004.06992122102,735.9658203125
160,2,1047.625,1048.875,2,20,7.5,92732.82261984685,836.2789306640625
161,1,1047.0,1046.0,1,10,1.0,12364.376349312912,612.248291015625
162,6,174.16666666666666,1575.5833333333333,6,60,2.1666666666666665,26789.482090177975,672.6796875
163,1,175.0,1573.0,1,10,1.0,12364.376349312912,612.23193359375
164,2,179.0,1572.5,2,20,1.0,12364.376349312912,612.2499389648438
165,1,952.0,760.0,1,10,1.0,12364.376349312912,583.177734375
166,1,956.0,767.0,1,10,1.0,12364.376349312912,583.1182861328125
167,1,944.0,746.0,1,10,1.0,12364.376349312912,583.14306640625
168,2,948.0,745.0,2,20,1.0,12364.376349312912,583.098876953125
169,2,956.5,734.5,2,20,1.5,18546.56452396937,612.28662109375
170,1,963.0,763.0,1,10,1.0,12364.376349312912,612.27001953125
171,1,966.0,759.0,1,10,1.0,12364.376349312912,612.23388671875
172,1,968.0,736.0,1,10,1.0,12364.376349312912,612.238037109375
173,5,1717.64608974359,1870.4053846153845,5,50,8.8,108806.51187395363,768.6923828125
174,7,1724.214427437642,1868.0268565759638,7,70,9.571428571428571,118344.7450577093,836.2607421875
175,2,1720.0,1868.5,2,20,1.0,12364.376349312912,612.248291015625
176,2,1719.666666666667,1870.25,2,20,4.0,49457.50539725165,612.23193359375
177,2,1720.75,1866.0,2,20,1.5,18546.56452396937,672.72412109375
178,5,69.29047619047618,747.5690476190476,5,50,6.8,84077.75917532781,612.302001953125
179,1,68.0,751.0,1,10,1.0,12364.376349312912,612.29638671875
180,1,69.0,753.0,1,10,1.0,12364.376349312912,583.122802734375
181,1,68.0,752.0,1,10,1.0,12364.376349312912,612.22265625
182,1,74.0,751.0,1,10,3.0,37093.12904793874,583.0654296875
183,4,69.85714285714286,747.6071428571429,4,40,2.5,30910.940873282278,612.255859375
184,4,69.125,747.6,4,40,3.25,40184.22313526697,642.1708984375
185,15,71.12781854338577,747.1194144037421,15,150,28.0,346202.53778076154,736.00048828125
186,9,69.85942760942761,739.4343434343435,9,90,5.222222222222222,64569.52093530077,672.7158203125
187,1,74.0,744.0,1,10,1.0,12364.376349312912,612.2465209960938
188,1,1910.0,1015.0,1,10,1.0,12364.376349312912,583.173583984375
189,1,1920.0,1011.0,1,10,1.0,12364.376349312912,583.1026611328125
190,1,1903.0,1010.0,1,10,1.0,12364.376349312912,583.056640625
191,1,1928.0,1013.0,1,10,1.0,12364.376349312912,612.2723388671875
192,1,1046.0,1729.0,1,10,1.0,12364.376349312912,612.302001953125
193,1,1046.0,1729.0,1,10,1.0,12364.376349312912,583.1182861328125
194,2,1046.0,1729.0,2,20,1.0,12364.376349312912,612.294189453125
195,3,1046.0,1729.0,3,30,1.0,12364.376349312914,583.090576171875
196,1,1046.0,1729.0,1,10,1.0,12364.376349312912,583.07373046875
197,2,1046.0,1729.0,2,20,1.0,12364.376349312912,612.208984375
198,2,1046.0,1729.0,2,20,1.0,12364.376349312912,583.099609375
199,2,1046.0,1729.0,2,20,1.0,12364.376349312912,642.1298828125
200,1,1046.0,1729.0,1,10,1.0,12364.376349312912,612.28662109375
201,1,1046.0,1729.0,1,10,1.0,12364.376349312912,642.168701171875
202,1,1046.0,1729.0,1,10,1.0,12364.376349312912,642.07421875
203,1,1045.5,1722.0,1,10,2.0,24728.752698625824,612.3095703125
204,2,1045.75,1725.0,2,20,1.5,18546.56452396937,672.7861328125
205,1,1046.0,1729.0,1,10,1.0,12364.376349312912,612.287109375
206,1,1046.0,1729.0,1,10,1.0,12364.376349312912,612.254638671875
207,1,1046.0,1729.0,1,10,1.0,12364.376349312912,642.1329345703125
208,1,1046.0,1729.0,1,10,1.0,12364.376349312912,612.2713623046875
209,1,1046.0,1729.0,1,10,1.0,12364.376349312912,612.2530517578125
210,2,1046.0,1729.0,2,20,1.0,12364.376349312912,642.143310546875
211,1,1046.0,1729.0,1,10,1.0,12364.376349312912,612.242919921875
212,1,1046.0,1729.0,1,10,1.0,12364.376349312912,612.26806640625
213,2,1046.0,1729.0,2,20,1.0,12364.376349312912,612.2939453125
214,1,1046.0,1729.0,1,10,1.0,12364.376349312912,612.30712890625
215,1,1046.0,1729.0,1,10,1.0,12364.376349312912,612.2586669921875
216,5,1046.0,1729.0,5,50,1.0,12364.376349312912,672.7030029296875
217,1,1046.0,1729.0,1,10,1.0,12364.376349312912,612.242919921875
218,1,1046.0,1729.0,1,10,1.0,12364.376349312912,612.253173828125
219,1,1046.0,1729.0,1,10,1.0,12364.376349312912,642.1430053710938
220,2,1046.0,1729.0,2,20,1.0,12364.376349312912,612.2713623046875
221,2,1046.0,1729.0,2,20,1.0,12364.376349312912,642.1348876953125
222,2,1046.0,1729.0,2,20,1.0,12364.376349312912,612.27294921875
223,2,1046.0,1729.0,2,20,1.0,12364.376349312912,612.2967529296875
224,1,1046.0,1729.0,1,10,1.0,12364.376349312912,612.26708984375
225,1,1046.0,1729.0,1,10,1.0,12364.376349312912,612.291748046875
226,1,1046.0,1729.0,1,10,1.0,12364.376349312912,612.2467041015625
227,1,1046.0,1729.0,1,10,1.0,12364.376349312912,642.1546630859375
228,1,1046.0,1729.0,1,10,1.0,12364.376349312912,612.234619140625
229,1,1046.0,1729.0,1,10,1.0,12364.376349312912,612.2565307617188
230,1,1046.0,1729.0,1,10,1.0,12364.376349312912,612.2589721679688
231,1,1046.0,1729.0,1,10,1.0,12364.376349312912,612.2465209960938
232,1,1046.0,1729.0,1,10,1.0,12364.376349312912,612.2860107421875
233,1,1046.0,1729.0,1,10,1.0,12364.376349312912,642.21337890625
234,1,1046.0,1729.0,1,10,1.0,12364.376349312912,612.2589721679688
235,1,1046.0,1729.0,1,10,1.0,12364.376349312912,612.256103515625
236,2,1046.0,1729.0,2,20,1.0,12364.376349312912,612.2780151367188
237,1,1046.0,1729.0,1,10,1.0,12364.376349312912,642.1316528320312
238,1,1991.0,1533.0,1,10,1.0,12364.376349312912,583.14892578125
239,1,1991.0,1536.0,1,10,1.0,12364.376349312912,583.14892578125
240,1,1985.0,1539.0,1,10,1.0,12364.376349312912,612.255859375
241,1,1988.0,1539.5,1,10,2.0,24728.752698625824,735.95361328125
242,1,1985.0,1538.0,1,10,1.0,12364.376349312912,612.2392578125
243,1,1994.0,1543.0,1,10,1.0,12364.376349312912,612.22607421875
244,7,867.4192546583852,1727.952380952381,6,60,6.571428571428571,81251.61600977056,736.00390625
245,2,832.5,1735.5,2,20,1.0,12364.376349312912,583.07373046875
246,18,842.2884259259258,1711.9157407407408,15,150,4.055555555555555,50144.4151944357,672.72900390625
247,2,850.75,1731.5,2,20,3.0,37093.12904793874,672.7125244140625
248,1,896.0,1756.0,1,10,1.0,12364.376349312912,612.314453125
249,3,864.9166666666666,1722.8333333333333,2,20,2.0,24728.752698625827,642.173828125
250,2,866.9166666666667,1731.9166666666665,2,20,3.0,37093.12904793874,642.195556640625
251,1,859.5,1739.75,1,10,4.0,49457.50539725165,642.138671875
252,1,860.0,1740.0,1,10,1.0,12364.376349312912,612.282958984375
253,9,864.6703703703703,1728.851851851852,5,50,2.7777777777777777,34345.489859202535,672.72509765625
254,3,858.3333333333334,1728.3333333333333,3,30,1.3333333333333333,16485.835132417214,612.2752075195312
255,1,841.0,1699.0,1,10,1.0,12364.376349312912,612.278076171875
256,1,881.0,1725.5,1,10,2.0,24728.752698625824,612.2813720703125
257,1,854.0,1710.0,1,10,1.0,12364.376349312912,612.278076171875
258,15,862.1524475524476,1728.7307692307693,11,110,4.4,54403.255936976806,672.7074584960938
259,60,872.9925130570706,1727.755225571178,25,250,11.466666666666667,141778.18213878808,1095.097412109375
260,1,852.75,1727.25,1,10,3.0,37093.12904793874,612.2412109375
261,1,850.0,1716.0,1,10,1.0,12364.376349312912,612.2452392578125
262,2,857.75,1715.0,2,20,1.5,18546.56452396937,612.2499389648438
263,1,857.0,1715.0,1,10,1.0,12364.376349312912,612.2713623046875
264,4,843.6666666666666,1722.2916666666667,4,40,2.75,34002.03496061051,612.2578125
265,2,852.0,1722.75,2,20,2.0,24728.752698625824,642.1419677734375
266,3,862.75,1720.3333333333333,2,20,1.6666666666666667,20607.293915521517,612.2791748046875
267,1,868.0,1734.0,1,10,1.0,12364.376349312912,612.240234375
268,6,897.6677854753942,1731.0852018282676,6,60,23.333333333333332,288502.1148173013,1017.586669921875
269,1,893.0,1729.0,1,10,1.0,12364.376349312912,612.2791748046875
270,2,867.6666666666666,1742.916666666667,2,20,3.0,37093.12904793874,612.2465209960938
271,1,847.0,1704.0,1,10,1.0,12364.376349312912,612.2825927734375
272,1,881.0,1739.0,1,10,1.0,12364.376349312912,612.261962890625
273,1,837.0,1742.0,1,10,1.0,12364.376349312912,612.26806640625
274,2,877.25,1742.8333333333335,2,20,2.5,30910.940873282278,612.2791748046875
275,1,871.0,1744.0,1,10,1.0,12364.376349312912,612.2676391601562
276,2,857.5,1742.0,1,10,1.0,12364.376349312912,612.2584228515625
277,1,881.0,1749.0,1,10,1.0,12364.376349312912,612.2581176757812
278,3,877.2916666666666,1750.375,3,30,4.333333333333333,53578.96418035595,642.1531982421875
279,1,796.0,1680.0,1,10,1.0,12364.376349312912,612.294189453125
280,3,870.1666666666666,1741.3333333333333,3,30,1.3333333333333333,16485.835132417214,612.30810546875
281,2,866.625,1745.25,2,20,3.5,43275.31722259519,703.9900512695312
282,2,888.75,1737.5,2,20,3.5,43275.31722259519,672.7277221679688
283,2,894.25,1723.1666666666665,2,20,3.5,43275.31722259519,642.1331787109375
284,1,897.0,1730.5,1,10,2.0,24728.752698625824,612.2860107421875
285,4,811.3551587301588,1684.6944444444443,4,40,5.75,71095.16400854924,704.0121459960938
286,1,814.0,1681.5,1,10,2.0,24728.752698625824,642.1348876953125
287,7,856.3333333333333,1722.1785714285713,5,50,2.0,24728.752698625824,704.0113525390625
288,1,977.0,1853.0,1,10,1.0,12364.376349312912,583.14892578125
289,1,984.0,1851.0,1,10,1.0,12364.376349312912,583.1181640625
290,3,953.6666666666666,1018.0,3,30,1.0,12364.376349312914,583.1341552734375
291,1,960.0,1013.0,1,10,1.0,12364.376349312912,583.14892578125
292,1,1832.0,691.0,1,10,1.0,12364.376349312912,583.1341552734375
293,1,1837.0,694.0,1,10,2.0,24728.752698625824,583.1182861328125
294,6,1145.9436274509806,529.7794117647059,6,60,5.5,68004.06992122102,768.7255859375
295,1,1144.0,531.5,1,10,2.0,24728.752698625824,583.143798828125
296,4,1145.2424603174604,509.06130952380954,4,40,13.0,160736.89254106785,704.0262451171875
297,1,1144.0,508.25,1,10,3.0,37093.12904793874,612.281982421875
298,3,1148.513888888889,502.125,3,30,5.666666666666667,70064.79931277318,672.7861328125
299,5,1604.7266666666667,1081.22,5,50,3.4,42038.879587663905,672.7412109375
300,1,1569.0,1097.0,1,10,1.0,12364.376349312912,583.121826171875
301,5,1569.5,1101.8,5,50,2.8,34620.25377807615,703.940673828125
302,1,1567.0,1089.0,1,10,1.0,12364.376349312912,583.14892578125
303,1,1567.0,1088.0,1,10,1.0,12364.376349312912,583.099609375
304,1,1592.0,1092.0,1,10,1.0,12364.376349312912,802.16943359375
305,9,1577.3052188552188,1076.807757057757,6,60,7.0,86550.63444519037,836.2786865234375
306,1,1569.5,1056.0,1,10,2.0,24728.752698625824,612.2791748046875
307,1,1563.0,1047.0,1,10,1.0,12364.376349312912,612.2581176757812
308,1,1558.0,1045.0,1,10,1.0,12364.376349312912,612.2586669921875
309,1,1549.0,1057.0,1,10,1.0,12364.376349312912,612.2811279296875
310,28,1554.7136758677827,1055.1005418192917,20,200,5.392857142857143,66679.31531236604,768.722412109375
311,3,1551.5833333333333,1046.75,3,30,1.6666666666666667,20607.293915521517,642.15185546875
312,2,1597.75,1097.0,2,20,1.5,18546.56452396937,642.14453125
313,1,1591.5,1087.0,1,10,2.0,24728.752698625824,612.2646484375
314,1,1548.0,1051.0,1,10,1.0,12364.376349312912,612.291748046875
315,1,1545.0,1050.6666666666667,1,10,3.0,37093.12904793874,612.2465209960938
316,1,1544.0,1044.0,1,10,1.0,12364.376349312912,612.291748046875
317,1,1543.75,1048.25,1,10,3.0,37093.12904793874,642.2099609375
318,5,1547.45,1049.3666666666666,5,50,2.2,27201.627968488407,672.7102661132812
319,1,1547.0,1048.5,1,10,2.0,24728.752698625824,612.2477416992188
320,1,1552.0,1046.0,1,10,1.0,12364.376349312912,612.24169921875
321,1,1535.25,1064.0,1,10,4.0,49457.50539725165,871.1220703125
322,1,1313.0,1458.0,1,10,1.0,12364.376349312912,1175.4547119140625
323,1,1322.0,1468.0,1,10,1.0,12364.376349312912,3957.33349609375
324,1,693.0,273.0,1,10,1.0,12364.376349312912,612.29638671875
325,1,694.0,282.0,1,10,1.0,12364.376349312912,612.2646484375
326,1,708.0,271.0,1,10,1.0,12364.376349312912,642.1070556640625
327,1,689.0,299.0,1,10,1.0,12364.376349312912,836.2786865234375
328,1,691.0,296.5,1,10,4.0,49457.50539725165,703.962158203125
329,1,1896.0,530.0,1,10,1.0,12364.376349312912,583.1182861328125
330,1,1886.0,515.0,1,10,1.0,12364.376349312912,583.078369140625
331,1,1873.0,513.0,1,10,1.0,12364.376349312912,583.1181640625
332,1,1874.0,500.0,1,10,1.0,12364.376349312912,612.248291015625
333,1,1877.0,533.0,1,10,1.0,12364.376349312912,583.098876953125
334,2,1876.0,507.5,2,20,1.0,12364.376349312912,583.112060546875
335,1,1871.0,517.0,1,10,1.0,12364.376349312912,583.1160888671875
336,1,1876.0,514.0,1,10,1.0,12364.376349312912,612.29296875
337,2,1883.2,511.0166666666667,2,20,5.0,61821.881746564555,642.1229248046875
338,1,1881.0,504.0,1,10,1.0,12364.376349312912,612.25439453125
339,1,1874.0,501.0,1,10,1.0,12364.376349312912,612.2584228515625
340,1,1880.0,515.0,1,10,1.0,12364.376349312912,612.24169921875
341,3,1870.6666666666667,501.0,3,30,3.0,37093.12904793874,836.2679443359375
342,1,1848.5,532.0,1,10,2.0,24728.752698625824,871.1240234375
343,1,1865.5,536.0,1,10,2.0,24728.752698625824,672.6984252929688
344,17,1850.6366201608848,526.5176964375494,11,110,6.0588235294117645,74913.57435171939,979.8946533203124
345,61,1867.5788553119376,519.5801633077281,44,440,69.98360655737704,865303.6497576527,2080.72802734375
346,1,1862.0,528.0,1,10,1.0,12364.376349312912,612.297119140625
347,1,219.0,1540.5,1,10,2.0,24728.752698625824,704.0023193359375
348,2,226.0,1532.0,2,20,1.0,12364.376349312912,612.19873046875
349,1,223.0,1536.0,1,10,1.0,12364.376349312912,612.247802734375
350,1,1990.0,1687.5,1,10,2.0,24728.752698625824,583.1480712890625
351,11,1990.3649350649355,1689.932575757576,11,110,7.0,86550.63444519037,1433.618408203125
352,2,1989.0,1683.5833333333335,2,20,3.5,43275.31722259519,768.65380859375
353,1,1988.5,1686.0,1,10,2.0,24728.752698625824,612.30810546875
354,12,1990.532023994524,1687.9806980056976,12,120,8.5,105097.19896915976,1619.9298095703125
355,1,132.0,1394.0,1,10,1.0,12364.376349312912,583.078369140625
356,4,141.79722222222222,1391.1555555555556,4,40,6.75,83459.54035786216,703.951416015625
357,3,139.48809523809524,1386.3809523809523,3,30,4.0,49457.505397251654,672.74951171875
358,1,142.5,1391.5,1,10,4.0,49457.50539725165,612.23193359375
359,1,145.0,1396.0,1,10,1.0,12364.376349312912,583.06396484375
360,1,969.0,1820.0,1,10,1.0,12364.376349312912,583.078369140625
361,1,958.0,1822.0,1,10,1.0,12364.376349312912,583.0654296875
362,1,980.0,1827.0,1,10,1.0,12364.376349312912,612.2499389648438
363,2,107.5,1435.875,2,20,2.5,30910.940873282278,612.2978515625
364,8,95.77039722886762,1413.530355362839,7,70,9.25,114370.48123114445,735.95654296875
365,1,94.0,1414.428571428571,1,10,7.0,86550.63444519039,583.07373046875
366,5,96.49858585858586,1413.6052525252526,5,50,9.0,111279.38714381622,642.1708984375
367,1,85.0,1410.0,1,10,1.0,12364.376349312912,612.283447265625
368,7,93.39461152882207,1425.1352805089648,7,70,14.285714285714286,176633.9478473273,871.1051025390625
369,1,98.0,1428.0,1,10,1.0,12364.376349312912,612.2713623046875
370,31,95.5137541898137,1421.3675582248402,24,240,21.741935483870968,268825.4728850614,871.1038818359375
371,2,112.5,1405.5,2,20,3.0,37093.12904793874,672.7685546875
372,2,108.75,1433.0,2,20,3.0,37093.12904793874,612.2769775390625
373,1,1006.0,1.0,1,10,1.0,12364.376349312912,642.142822265625
374,1,1007.0,6.0,1,10,1.0,12364.376349312912,612.22265625
375,10,1012.1340095961092,3.454595829636202,10,100,36.3,448826.86148005864,3379.855224609375
376,1,1014.0,0.0,1,10,1.0,12364.376349312912,672.7306518554688
377,2,1537.5,831.625,2,20,3.0,37093.12904793874,672.7431640625
378,1,1875.0,452.0,1,10,1.0,12364.376349312912,583.143798828125
379,3,1873.3333333333333,449.3333333333333,3,30,1.0,12364.376349312914,583.14306640625
380,2,1884.1666666666665,457.5,2,20,2.0,24728.752698625824,612.3623046875
381,1,1884.0,456.0,1,10,1.0,12364.376349312912,612.29345703125
382,1,1888.0,457.0,1,10,1.0,12364.376349312912,612.336181640625
383,4,1455.23125,1329.9125,4,40,4.0,49457.50539725165,672.720703125
384,1,1226.0,1341.0,1,10,1.0,12364.376349312912,583.143798828125
385,1,1230.0,1344.0,1,10,1.0,12364.376349312912,703.9775390625
386,1,1830.3333333333333,408.3333333333333,1,10,3.0,37093.12904793874,612.234619140625
387,5,1825.5,410.675,5,50,2.8,34620.253778076156,642.168701171875
388,2,1828.25,426.25,2,20,1.5,18546.56452396937,642.060546875
389,2,1833.5,371.0,2,20,1.0,12364.376349312912,612.2535400390625
390,1,1831.0,410.0,1,10,1.0,12364.376349312912,612.2811279296875
391,1,1833.0,406.0,1,10,1.0,12364.376349312912,612.2578125
392,2,1830.625,407.5,2,20,2.0,24728.752698625824,612.24169921875
393,1,1829.0,406.5,1,10,4.0,49457.50539725165,642.1275634765625
394,1,1832.0,404.0,1,10,2.0,24728.752698625824,612.2452392578125
395,2,1835.5,412.75,2,20,1.5,18546.56452396937,612.28662109375
396,10,1840.575,398.9666666666667,9,90,2.7,33383.81614314486,672.7685546875
397,1,1831.0,425.0,1,10,1.0,12364.376349312912,612.2752075195312
398,1,1839.0,417.0,1,10,1.0,12364.376349312912,612.26806640625
399,1,1842.0,372.0,1,10,1.0,12364.376349312912,642.1478271484375
400,1,1841.0,373.0,1,10,1.0,12364.376349312912,612.26806640625
401,1,1840.0,374.0,1,10,1.0,12364.376349312912,612.2586669921875
402,2,1846.0,364.0,2,20,1.0,12364.376349312912,612.2791748046875
403,1,1845.0,379.0,1,10,1.0,12364.376349312912,612.2586669921875
404,2,1845.25,376.25,2,20,1.5,18546.56452396937,612.2813720703125
405,1,1848.0,377.0,1,10,1.0,12364.376349312912,612.2780151367188
406,2,1849.0,375.5,2,20,1.0,12364.376349312912,612.2791748046875
407,1,1851.5,373.5,1,10,2.0,24728.752698625824,642.172119140625
408,4,1850.75,375.25,4,40,1.0,12364.376349312912,612.3076171875
409,3,1843.2083333333333,373.63690476190476,3,30,5.666666666666667,70064.79931277316,672.7046508789062
410,1,1847.0,372.5,1,10,2.0,24728.752698625824,612.2465209960938
411,1,1854.0,371.0,1,10,1.0,12364.376349312912,612.271240234375
412,1,1854.0,372.0,1,10,1.0,12364.376349312912,612.2933349609375
413,4,1851.90625,373.0,4,40,3.5,43275.31722259519,642.134033203125
414,3,1854.5,372.8333333333333,3,30,1.6666666666666667,20607.29391552152,672.7327880859375
415,1,1858.0,371.0,1,10,1.0,12364.376349312912,612.2780151367188
416,2,1847.375,371.125,2,20,2.5,30910.940873282278,642.112060546875
417,7,1853.5059523809523,366.99404761904765,7,70,3.4285714285714284,42392.14748335856,672.7327880859375
418,9,1852.9656084656085,371.33465608465605,8,80,6.888888888888889,85176.81485082227,703.9933471679688
419,2,1855.0611111111111,370.4305555555556,2,20,9.0,111279.38714381622,703.9906005859375
420,1,1372.0,423.0,1,10,1.0,12364.376349312912,704.003662109375
421,1,1385.0,393.0,1,10,2.0,24728.752698625824,642.1397705078125
422,1,1418.0,401.0,1,10,1.0,12364.376349312912,642.0986328125
423,1,1384.6666666666667,414.0,1,10,3.0,37093.12904793874,612.2752075195312
424,1,1389.0,403.0,1,10,1.0,12364.376349312912,612.261962890625
425,1,1393.0,402.0,1,10,1.0,12364.376349312912,612.2452392578125
426,22,1404.1898486022167,396.20474819908486,22,220,47.72727272727273,590117.962126298,1134.936767578125
427,1,1358.0,1450.0,1,10,1.0,12364.376349312912,1388.76171875
428,1,1350.0,1451.0,1,10,1.0,12364.376349312912,736.0015869140625
429,9,346.6422158088825,1720.3015672599004,9,90,12.444444444444445,153867.79456922735,1258.698486328125
430,1,1170.0,1342.0,1,10,1.0,12364.376349312912,583.121826171875
431,1,1168.0,1345.0,1,10,1.0,12364.376349312912,612.2589721679688
432,5,741.9564102564102,1648.0507692307692,5,50,7.0,86550.63444519039,1095.1275634765625
433,1,1288.0,67.0,1,10,1.0,12364.376349312912,612.248291015625
434,1,1287.0,69.0,1,10,1.0,12364.376349312912,583.0654296875
435,2,1286.5,69.5,2,20,2.0,24728.752698625824,672.765869140625
436,2,761.0,1628.5,2,20,1.0,12364.376349312912,612.268310546875
437,3,778.3880952380954,1625.7404761904763,3,30,7.333333333333333,90672.09322829469,768.735595703125
438,4,773.5629551820728,1624.2644607843135,4,40,9.25,114370.48123114444,802.1324462890625
439,1,1362.0,236.0,1,10,1.0,12364.376349312912,583.090576171875
440,1,1363.0,230.5,1,10,2.0,24728.752698625824,672.6572265625
441,9,1362.2502645502643,232.76349206349207,9,90,6.333333333333333,78307.71687898178,1479.06591796875
442,1,1362.0,234.0,1,10,1.0,12364.376349312912,642.087646484375
443,1,1361.3333333333333,235.0,1,10,3.0,37093.12904793874,642.1229248046875
444,7,1677.7142857142858,1104.7619047619048,6,60,1.5714285714285714,19429.734263206006,583.146240234375
445,1,1689.0,1103.0,1,10,1.0,12364.376349312912,583.081298828125
446,1,1680.0,1099.5,1,10,2.0,24728.752698625824,583.1422119140625
447,1,868.0,1289.0,1,10,1.0,12364.376349312912,583.090576171875
448,2,870.5,1291.0,2,20,1.0,12364.376349312912,583.099609375
449,2,864.25,1289.25,2,20,1.5,18546.56452396937,583.112060546875
450,1,878.0,1289.0,1,10,1.0,12364.376349312912,612.32666015625
451,1,872.0,1289.0,1,10,1.0,12364.376349312912,612.24365234375
452,2,856.5,1279.0,2,20,2.0,24728.752698625824,612.271484375
453,1,1168.0,1308.0,1,10,1.0,12364.376349312912,583.090576171875
454,1,1157.0,1299.0,1,10,1.0,12364.376349312912,1479.09130859375
455,8,1383.933630952381,1644.9,8,80,6.25,77277.3521832057,979.91015625
456,1,529.0,1807.0,1,10,1.0,12364.376349312912,612.268310546875
457,1,516.0,1806.0,1,10,1.0,12364.376349312912,1344.7147216796875
458,2,1198.8333333333335,366.5,2,20,2.0,24728.752698625824,612.26513671875
459,5,1198.9333333333332,365.0666666666667,5,50,4.4,54403.25593697681,704.0908203125
460,1,1197.0,364.0,1,10,1.0,12364.376349312912,583.098876953125
461,1,1199.5,367.25,1,10,3.0,37093.12904793874,612.23193359375
462,1,1204.5,368.0,1,10,2.0,24728.752698625824,642.120849609375
463,1,1198.2,359.6,1,10,5.0,61821.88174656456,642.13134765625
464,7,1452.875,2043.7142857142858,7,70,2.7142857142857144,33560.45009099219,704.0576171875
465,2,1465.2286764705882,2046.5904411764704,2,20,15.0,185465.6452396937,1095.09765625
466,8,1461.604642857143,2046.6701339285714,8,80,11.25,139099.23392977024,1868.783935546875
467,1,1462.0,2046.0,1,10,3.0,37093.12904793874,642.069580078125
468,1,1461.0,2047.0,1,10,5.0,61821.88174656456,704.02197265625
469,3,1460.6428571428569,2046.9047619047617,3,30,4.666666666666667,57700.42296346026,802.123291015625
470,5,1458.8066666666666,2046.3866666666668,5,50,4.4,54403.25593697681,736.00390625
471,2,1462.9,2046.9,2,20,6.0,74186.25809587748,768.6884155273438
472,1,1470.0,2047.0,1,10,1.0,12364.376349312912,612.2819213867188
473,1,1480.0,2046.5,1,10,2.0,24728.752698625824,612.2791748046875
474,2,1474.25,2046.75,2,20,2.0,24728.752698625824,672.7374267578125
475,1,268.0,952.0,1,10,1.0,12364.376349312912,704.025390625
476,1,268.0,954.0,1,10,1.0,12364.376349312912,672.677734375
477,2,1455.833333333333,139.41666666666666,2,20,3.0,37093.12904793874,672.79541015625
478,2,1455.25,141.25,2,20,3.0,37093.12904793874,642.111572265625
479,3,1454.5555555555557,144.11111111111111,3,30,3.0,37093.12904793874,672.7218017578125
480,3,1458.3333333333333,138.16666666666666,3,30,2.0,24728.752698625827,672.7218017578125
481,1,1457.0,139.5,1,10,2.0,24728.752698625824,642.135009765625
482,3,1456.861111111111,142.91666666666666,3,30,4.666666666666667,57700.42296346026,768.685302734375
483,1,47.0,273.5,1,10,2.0,24728.752698625824,672.79541015625
484,21,58.28303297231868,271.70828852295017,21,210,16.142857142857142,199596.36106747983,1095.0975341796875
485,2,49.0,269.875,2,20,5.0,61821.88174656456,735.9989013671875
486,15,50.87027476264156,270.223825797077,15,150,34.13333333333333,422037.37938988075,1134.9024658203125
487,1,1811.0,979.0,1,10,1.0,12364.376349312912,583.06396484375
488,1,1817.0,988.5,1,10,2.0,24728.752698625824,612.336181640625
489,1,1802.0,980.0,1,10,1.0,12364.376349312912,1301.3671875
490,1,1846.0,1516.0,1,10,1.0,12364.376349312912,583.098876953125
491,4,1839.5,1513.5,4,40,1.0,12364.376349312912,612.30224609375
492,1,1840.0,1513.5,1,10,2.0,24728.752698625824,703.9957275390625
493,4,1843.875,1514.625,4,40,3.75,46366.41130992342,768.7178344726562
494,1,1847.0,1513.0,1,10,3.0,37093.12904793874,704.028076171875
495,1,1847.5,1515.0,1,10,2.0,24728.752698625824,642.1131591796875
496,3,749.8333333333334,1780.0833333333333,3,30,3.3333333333333335,41214.587831043034,612.30810546875
497,2,755.2083333333334,1789.25,2,20,4.0,49457.50539725165,642.168701171875
498,1,746.0,1792.0,1,10,1.0,12364.376349312912,802.136474609375
499,1,621.0,311.0,1,10,1.0,12364.376349312912,979.948974609375
500,1,614.0,298.0,1,10,1.0,12364.376349312912,5870.90576171875
501,2,1033.9166666666665,913.5833333333333,2,20,2.5,30910.94087328228,736.031494140625
502,3,1039.0,917.1666666666666,3,30,1.6666666666666667,20607.29391552152,768.7141723632812
503,1,696.0,565.0,1,10,1.0,12364.376349312912,583.112060546875
504,1,717.0,550.5,1,10,2.0,24728.752698625824,612.306640625
505,6,717.8865689865689,549.7207722832723,6,60,10.5,129825.95166778559,1095.0986328125
506,2,717.625,551.25,2,20,3.0,37093.12904793874,672.67578125
507,1,723.0,542.0,1,10,1.0,12364.376349312912,612.2749633789062
508,1,716.75,569.25,1,10,4.0,49457.50539725165,642.1495361328125
509,5,715.375,570.075,5,50,2.8,34620.253778076156,871.090576171875
510,8,709.9429632867133,565.1744401431902,8,80,11.75,145281.42210442672,1619.9163818359375
511,1,717.0,571.0,1,10,1.0,12364.376349312912,612.2809448242188
512,1,783.0,1878.0,1,10,1.0,12364.376349312912,642.168701171875
513,1,785.0,1871.0,1,10,1.0,12364.376349312912,642.0986328125
514,3,743.0,1005.5,3,30,1.3333333333333333,16485.835132417214,612.30810546875
515,4,1466.3333333333335,1226.6666666666665,4,40,2.0,24728.752698625824,736.0478515625
516,1,1463.5,1222.0,1,10,2.0,24728.752698625824,735.9716796875
517,2,1468.0,1224.5,2,20,1.0,12364.376349312912,642.17919921875
518,2,1502.0,1224.5,2,20,1.0,12364.376349312912,612.30712890625
519,1,1481.0,1228.0,1,10,1.0,12364.376349312912,612.242919921875
520,1,1487.5,1229.5,1,10,2.0,24728.752698625824,642.121826171875
521,1,1483.0,1229.0,1,10,1.0,12364.376349312912,612.253173828125
522,8,1483.7999669312169,1229.3690987253485,8,80,13.5,166919.08071572433,1525.324462890625
523,2,1482.25,1229.75,2,20,5.5,68004.06992122102,871.1083984375
524,2,1501.0,1222.75,2,20,1.5,18546.56452396937,642.1393432617188
525,3,1655.5714285714287,1389.7380952380954,3,30,3.6666666666666665,45336.046614147344,672.703125
526,6,1645.5514991181656,1403.7152116402115,6,60,9.666666666666666,119522.30471002484,871.18359375
527,1,1689.0,1390.0,1,10,1.0,12364.376349312912,612.2565307617188
528,1,1690.0,1384.0,1,10,1.0,12364.376349312912,612.2499389648438
529,2,1689.8333333333335,1386.0,2,20,4.0,49457.50539725165,672.7074584960938
530,1,1691.0,1385.5,1,10,2.0,24728.752698625824,612.277099609375
531,1,1671.0,1385.5,1,10,2.0,24728.752698625824,612.2581176757812
532,2,1673.0,1387.0,2,20,1.5,18546.56452396937,672.6937255859375
533,3,1670.6666666666667,1393.3055555555559,3,30,4.0,49457.505397251654,672.7055053710938
534,6,239.7611111111111,985.4499999999999,6,60,6.666666666666667,82429.17566208608,1017.606689453125
535,3,1185.648148148148,783.7962962962962,3,30,5.333333333333333,65943.34052966887,1479.1328125
536,8,105.33310185185186,876.124945533769,6,60,16.75,207103.30385099127,979.931640625
537,1,103.0,880.0,1,10,1.0,12364.376349312912,642.1302490234375
538,3,102.73333333333333,881.4484848484848,3,30,10.0,123643.76349312912,802.162109375
539,3,1592.5333333333335,396.26666666666665,3,30,3.0,37093.12904793874,1017.57861328125
540,1,362.5,1562.0,1,10,2.0,24728.752698625824,642.12109375
541,3,350.7833333333333,1555.3666666666668,3,30,3.6666666666666665,45336.046614147344,942.9150390625
542,4,2007.375,1987.5,4,40,1.25,15455.470436641139,704.046875
543,1,2030.0,1970.0,1,10,1.0,12364.376349312912,836.2417602539062
544,1,2026.0,1993.0,1,10,1.0,12364.376349312912,612.2760009765625
545,1,2029.0,1990.0,1,10,1.0,12364.376349312912,768.7354736328125
546,1,1996.0,2000.0,1,10,1.0,12364.376349312912,942.886474609375
547,1,2047.0,1992.0,1,10,1.0,12364.376349312912,612.264404296875
548,5,2026.1955555555555,1985.2622222222221,5,50,8.8,108806.5118739536,704.0032348632812
549,8,2036.8169966356108,2000.1958786231885,8,80,11.0,136008.13984244203,736.018798828125
550,11,2031.9311789619205,1996.5762658394235,11,110,18.181818181818183,224806.84271478018,768.695068359375
551,4,2032.6666666666667,1992.3333333333333,4,40,3.0,37093.12904793874,642.1331787109375
552,1,144.0,409.0,1,10,1.0,12364.376349312912,736.034912109375
553,1,147.0,394.0,1,10,1.0,12364.376349312912,642.087646484375
554,2,1409.0,461.5,2,20,1.0,12364.376349312912,612.27734375
555,1,1409.0,463.0,1,10,1.0,12364.376349312912,768.7178344726562
556,10,1405.145576923077,479.35230769230765,8,80,6.0,74186.25809587746,735.9918212890625
557,7,1400.7047091563895,484.87474080541307,7,70,8.0,98915.01079450331,768.71337890625
558,1,1404.25,441.0,1,10,4.0,49457.50539725165,672.725341796875
559,1,1403.0,439.75,1,10,4.0,49457.50539725165,642.1434936523438
560,5,1405.15,445.7166666666666,5,50,12.0,148372.51619175496,871.0897827148438
561,30,1411.424815468845,449.0885083794729,24,240,16.133333333333333,199478.60510224834,2247.09228515625
562,1,1421.0,449.0,1,10,1.0,12364.376349312912,612.2535400390625
563,4,1425.9583333333335,461.14583333333337,4,40,2.75,34002.03496061051,703.9722900390625
564,4,1396.9166666666665,471.7083333333333,4,40,4.25,52548.59948457988,942.9244384765624
565,1,525.0,821.0,1,10,1.0,12364.376349312912,768.63525390625
566,1,550.0,798.0,1,10,1.0,12364.376349312912,612.253173828125
567,21,544.3582301957301,809.9647762951334,12,120,10.571428571428571,130709.12140702219,942.9153442382812
568,4,556.4,806.4666666666667,4,40,3.5,43275.31722259519,1095.1123046875
569,1,9.0,170.0,1,10,1.0,12364.376349312912,612.23193359375
570,1,14.0,164.0,1,10,1.0,12364.376349312912,612.314453125
571,2,13.5,166.375,2,20,2.5,30910.940873282278,704.0166015625
572,3,13.444444444444445,165.61111111111111,3,30,2.6666666666666665,32971.67026483443,942.9541015625
573,3,17.333333333333332,163.33333333333334,3,30,2.6666666666666665,32971.67026483443,736.09375
574,1,26.0,158.0,1,10,1.0,12364.376349312912,612.254638671875
575,2,26.5,160.25,2,20,1.5,18546.56452396937,642.120849609375
576,28,30.388265306122445,158.85948129251702,28,280,8.5,105097.19896915976,1017.5987548828124
577,6,36.672619047619044,157.12797619047618,6,60,4.833333333333333,59761.15235501242,836.2904663085938
578,5,47.12651629072681,157.24120300751878,5,50,15.2,187938.52050955626,1134.945068359375
579,7,47.88409019636223,156.38033700212782,7,70,22.285714285714285,275548.9586418306,1525.3011474609375
580,2,50.16666666666667,155.08333333333331,2,20,3.5,43275.31722259519,642.10791015625
581,2,47.125,156.75,2,20,2.0,24728.752698625824,642.1419677734375
582,4,50.96818181818182,157.76136363636363,4,40,5.75,71095.16400854924,768.7245483398438
583,9,52.89626614802321,163.08091333285492,9,90,19.88888888888889,245913.70739189012,1258.63818359375
584,1,57.0,168.0,1,10,1.0,12364.376349312912,642.1546630859375
585,8,47.55,166.69375,8,80,4.5,55639.69357190811,906.6805419921876
586,1,52.0,168.0,1,10,1.0,12364.376349312912,642.1070556640625
587,10,54.40727757427758,170.108785600565,10,100,17.5,216376.58611297593,1868.798828125
588,1,59.0,171.0,1,10,1.0,12364.376349312912,612.281494140625
589,1,52.0,174.0,1,10,2.0,24728.752698625824,612.2566528320312
590,5,52.93454545454546,177.32,5,50,5.8,71713.3828260149,1095.1138916015625
591,7,51.035714285714285,174.21428571428572,7,70,2.5714285714285716,31794.11061251892,906.666015625
592,13,50.41192677357836,173.22820210207087,13,130,10.538461538461538,130301.50460429762,1258.660400390625
593,4,50.25,172.4042207792208,4,40,5.25,64912.97583389279,704.0185546875
594,2,50.66666666666667,171.41666666666669,2,20,3.5,43275.31722259519,768.7200927734375
595,1,29.0,1292.5,1,10,2.0,24728.752698625824,871.09765625
596,1,37.0,1302.0,1,10,1.0,12364.376349312912,612.2586669921875
597,8,539.8075808393532,1541.703646370829,8,80,10.0,123643.76349312912,802.052734375
598,1,540.6666666666666,1541.5,1,10,4.0,49457.50539725165,642.174072265625
599,1,541.0,1539.0,1,10,1.0,12364.376349312912,612.28662109375
600,8,528.1791035353535,1529.6871843434344,8,80,10.375,128280.40462412147,871.124267578125
601,1,278.0,1670.0,1,10,1.0,12364.376349312912,612.28662109375
602,1,326.0,1650.0,1,10,1.0,12364.376349312912,612.27587890625
603,1,289.0,1645.5,1,10,2.0,24728.752698625824,612.30712890625
604,1,312.0,1674.5,1,10,2.0,24728.752698625824,642.145263671875
605,24,290.0901390386046,1661.6286896169652,16,160,28.041666666666668,346717.72012864955,1175.443359375
606,1,315.0,1659.5,1,10,6.0,74186.25809587748,704.0079345703125
607,1,339.0,1646.0,1,10,1.0,12364.376349312912,2080.706298828125
608,1,279.0,1681.0,1,10,1.0,12364.376349312912,612.2722778320312
609,3,1540.6666666666667,1096.3333333333333,3,30,1.0,12364.376349312914,642.080322265625
610,2,1539.0,1098.0,2,20,1.0,12364.376349312912,612.2808837890625
611,1,1540.0,1100.0,1,10,1.0,12364.376349312912,612.2809448242188
612,1,1544.0,1100.5,1,10,2.0,24728.752698625824,642.1207275390625
613,2,1543.5,1099.75,2,20,2.5,30910.94087328228,703.973876953125
614,1,1539.5,1098.0,1,10,2.0,24728.752698625824,672.6875
615,3,1540.7936507936508,1087.047619047619,3,30,4.333333333333333,53578.96418035595,768.6895751953125
616,6,1536.6666666666667,1085.25,6,60,2.3333333333333335,28850.211481730134,942.9568481445312
617,2,1544.0,1104.0,2,20,1.0,12364.376349312912,612.2967529296875
618,1,1167.0,1681.25,1,10,3.0,37093.12904793874,942.91845703125
619,13,1156.2650183150183,1683.623126873127,12,120,4.3076923076923075,53261.92888934793,802.1046142578125
620,6,1157.4722222222224,1682.0277777777776,5,50,2.5,30910.940873282278,768.7261352539062
621,1,251.0,1002.0,1,10,1.0,12364.376349312912,768.7138671875
622,1,258.0,1005.0,1,10,7.0,86550.63444519039,836.2536010742188
623,21,271.90750265276455,1004.1406684108008,20,200,10.80952380952381,133653.020537811,1055.9783935546875
624,1,1245.5,1152.0,1,10,2.0,24728.752698625824,642.125
625,1,1244.0,1153.5,1,10,2.0,24728.752698625824,642.174072265625
626,1,1495.5,848.0,1,10,2.0,24728.752698625824,642.19140625
627,1,1502.0,837.0,1,10,3.0,37093.12904793874,703.982421875
628,7,1786.4809523809524,1768.2690476190476,7,70,3.2857142857142856,40625.80800488528,672.75244140625
629,1,1787.8333333333333,1755.1666666666667,1,10,6.0,74186.25809587748,703.9760131835938
630,1,1786.0,1749.5,1,10,2.0,24728.752698625824,642.1495361328125
631,5,1784.0,1743.0,5,50,2.2,27201.627968488407,735.9775390625
632,1,475.0,1449.0,1,10,1.0,12364.376349312912,768.7421875
633,1,463.0,1447.0,1,10,1.0,12364.376349312912,906.6636962890624
634,1,959.0,1716.0,1,10,1.0,12364.376349312912,612.30810546875
635,1,958.0,1717.0,1,10,1.0,12364.376349312912,612.28662109375
636,3,1402.8722222222223,771.9944444444445,3,30,4.0,49457.505397251654,906.74462890625
637,1,614.0,850.5,1,10,2.0,24728.752698625824,703.951171875
638,1,617.0,857.0,1,10,1.0,12364.376349312912,1433.58251953125
639,1,1580.0,914.0,1,10,1.0,12364.376349312912,642.07568359375
640,1,1579.0,918.5,1,10,2.0,24728.752698625824,736.0
641,2,1579.95,916.475,2,20,4.5,55639.69357190811,672.7085571289062
642,2,1579.875,916.375,2,20,3.0,37093.12904793874,735.9977416992188
643,5,2037.3,185.8,5,50,3.2,39566.004317801315,1017.6182861328124
644,1,1163.0,416.0,1,10,1.0,12364.376349312912,642.15673828125
645,1,1177.0,420.0,1,10,1.0,12364.376349312912,1056.0218505859375
646,4,1080.75,259.625,4,40,1.5,18546.56452396937,642.085205078125
647,2,1208.25,75.25,2,20,1.5,18546.56452396937,642.092529296875
648,1,1219.5,82.5,1,10,2.0,24728.752698625824,672.689453125
649,2,1619.3333333333335,501.16666666666663,2,20,2.0,24728.752698625824,768.6990966796875
650,5,1624.56,503.88,5,50,3.8,46984.630127389064,1017.573486328125
651,2,1298.5,383.0,2,20,2.0,24728.752698625824,672.701171875
652,1,1863.0,990.0,1,10,1.0,12364.376349312912,612.263916015625
653,1,1864.0,989.0,1,10,1.0,12364.376349312912,612.287109375
654,2,565.5,354.25,2,20,1.5,18546.56452396937,642.107421875
655,1,568.5,358.25,1,10,3.0,37093.12904793874,642.1131591796875
656,8,1036.8508928571428,576.4440476190475,8,80,4.5,55639.69357190811,942.918212890625
657,2,1191.5,643.3333333333333,2,20,2.5,30910.94087328228,672.7306518554688
658,1,1196.625,1318.0,1,10,8.0,98915.0107945033,1572.2742919921875
659,1,1196.0,1332.5,1,10,2.0,24728.752698625824,672.7421875
660,2,23.333333333333336,231.33333333333331,2,20,2.0,24728.752698625824,642.14404296875
661,1,50.0,203.0,1,10,1.0,12364.376349312912,642.143310546875
662,8,50.243750000000006,204.63125000000002,8,80,6.25,77277.3521832057,1258.6641845703125
663,1,57.66666666666666,203.66666666666663,1,10,3.0,37093.12904793874,802.1029052734375
664,3,60.92916666666667,208.69583333333333,3,30,4.666666666666667,57700.42296346026,768.735595703125
665,1,54.0,233.0,1,10,1.0,12364.376349312912,612.26513671875
666,2,55.5,233.5,2,20,2.0,24728.752698625824,942.95068359375
667,64,55.95909788111827,230.59382886843787,35,350,42.765625,528770.282313585,4341.35400390625
668,3,73.64444444444443,220.5111111111111,3,30,5.0,61821.88174656456,942.9468994140624
669,35,73.30451782118644,216.75023200635582,29,290,39.51428571428571,488569.4997457073,2247.1220703125
670,2,68.25,215.25,2,20,3.0,37093.12904793874,836.2706298828125
671,3,65.83333333333333,227.16666666666666,3,30,1.6666666666666667,20607.293915521517,704.0023193359375
672,1,1612.0,1234.5,1,10,4.0,49457.50539725165,672.7164306640625
673,1,1616.0,1223.0,1,10,1.0,12364.376349312912,672.7138671875
674,1,167.0,1445.0,1,10,1.0,12364.376349312912,642.14404296875
675,1,156.0,1438.0,1,10,1.0,12364.376349312912,612.248779296875
676,1,449.0,1694.0,1,10,1.0,12364.376349312912,612.2813720703125
677,1,448.0,1693.0,1,10,1.0,12364.376349312912,768.7241821289062
678,5,358.6733333333333,689.2733333333333,5,50,3.8,46984.630127389064,736.0146484375
679,1,1996.0,402.5,1,10,2.0,24728.752698625824,672.7085571289062
680,4,1995.2722222222224,400.7416666666667,4,40,7.5,92732.82261984685,1017.5694580078124
681,1,1747.5,543.0,1,10,4.0,49457.50539725165,736.0132446289062
682,4,1745.45,533.4,4,40,3.0,37093.12904793874,672.7129516601562
683,1,1745.0,542.5,1,10,2.0,24728.752698625824,612.2584228515625
684,1,1880.0,396.0,1,10,1.0,12364.376349312912,2599.08984375
685,3,1885.2833333333335,413.23333333333335,3,30,6.0,74186.25809587746,802.1377563476562
686,1,1883.0,417.0,1,10,1.0,12364.376349312912,612.238037109375
687,2,1889.083333333333,412.75,2,20,3.0,37093.12904793874,672.703369140625
688,3,1038.7333333333333,875.3333333333334,3,30,3.6666666666666665,45336.046614147344,768.695068359375
689,6,1044.2303240740741,872.899537037037,6,60,13.333333333333334,164858.35132417214,1095.1292724609375
690,9,1046.3245610535464,867.6994719183126,9,90,11.777777777777779,145624.87700301874,802.1483154296875
691,13,50.13535168401422,1288.224820463785,13,130,48.46153846153846,599196.7000051641,5335.466796875
692,1,1845.0,1836.0,1,10,1.0,12364.376349312912,735.9998168945312
693,2,1833.0,1847.0,2,20,1.0,12364.376349312912,612.2825927734375
694,3,1850.7222222222224,1851.5555555555557,3,30,2.0,24728.752698625827,612.2832641601562
695,1,1850.0,1852.0,1,10,1.0,12364.376349312912,612.2658081054688
696,1,1852.0,1848.0,1,10,1.0,12364.376349312912,612.3359375
697,2,1849.5,1848.0,2,20,1.0,12364.376349312912,642.1585693359375
698,3,1841.6666666666667,1843.5833333333333,3,30,2.0,24728.75269862582,703.9804077148438
699,8,1848.0414186507937,1843.7103174603176,6,60,3.75,46366.411309923424,736.0040283203125
700,1,1846.0,1838.0,1,10,1.0,12364.376349312912,612.27587890625
701,1,1237.0,395.0,1,10,1.0,12364.376349312912,612.2814331054688
702,1,1236.0,385.0,1,10,1.0,12364.376349312912,703.9933471679688
703,2,1349.0,1004.75,2,20,2.5,30910.940873282278,704.0133666992188
704,2,1352.0,1011.75,2,20,1.5,18546.56452396937,642.127685546875
705,2,1353.8333333333335,1013.6666666666667,2,20,3.0,37093.12904793874,672.638671875
706,9,1353.1081057328997,1016.1397936071904,9,90,21.77777777777778,269268.64049614785,1017.5960693359376
707,2,1349.0,1028.0,2,20,1.0,12364.376349312912,642.1226806640625
708,1,1347.5,1031.0,1,10,2.0,24728.752698625824,642.1166381835938
709,3,1359.3333333333333,1028.3333333333333,3,30,1.6666666666666667,20607.293915521517,672.7010498046875
710,1,1354.0,991.0,1,10,3.0,37093.12904793874,612.2581176757812
711,4,1358.6666666666665,985.75,4,40,2.0,24728.752698625824,642.139892578125
712,2,622.25,503.75,2,20,1.5,18546.56452396937,703.982421875
713,4,622.6302083333334,505.9375,4,40,7.25,89641.72853251861,979.9002685546876
714,1,630.0,504.0,1,10,1.0,12364.376349312912,612.2780151367188
715,7,625.7825396825398,491.0857142857143,7,70,4.857142857142857,60055.54226809128,871.117919921875
716,5,624.52,504.6,5,50,4.8,59349.00647670198,906.6893920898438
717,1,427.0,551.0,1,10,1.0,12364.376349312912,612.283447265625
718,1,427.0,553.0,1,10,1.0,12364.376349312912,704.0066528320312
719,1,1480.0,416.0,1,10,1.0,12364.376349312912,1134.948486328125
720,6,1497.5,412.25,6,60,1.6666666666666667,20607.293915521517,642.1502685546875
721,2,1495.875,413.25,2,20,3.0,37093.12904793874,642.11083984375
722,7,1503.6249084249084,411.38699633699633,7,70,9.285714285714286,114812.06610076276,736.0152587890625
723,3,1211.1777777777777,768.4111111111112,3,30,5.333333333333333,65943.34052966886,942.9620361328124
724,1,1212.0,770.0,1,10,1.0,12364.376349312912,612.2713623046875
725,2,1306.9,319.12222222222226,2,20,7.0,86550.63444519039,735.98779296875
726,4,1319.1222222222223,322.46666666666664,4,40,6.0,74186.25809587748,906.6444091796876
727,5,752.9466666666667,837.1133333333333,5,50,3.2,39566.004317801315,942.9434814453124
728,1,444.0,1052.0,1,10,1.0,12364.376349312912,612.2530517578125
729,1,435.0,1033.0,1,10,1.0,12364.376349312912,612.256103515625
730,1,448.0,1038.0,1,10,1.0,12364.376349312912,612.242919921875
731,1,444.0,1038.0,1,10,1.0,12364.376349312912,612.2528686523438
732,2,446.5,1041.5,2,20,1.0,12364.376349312912,612.261962890625
733,6,446.3055555555555,1039.5833333333333,6,60,2.6666666666666665,32971.670264834436,642.1275634765625
734,1,450.6666666666667,1044.0,1,10,3.0,37093.12904793874,612.2713623046875
735,5,1575.6666666666665,1513.4666666666667,5,50,2.8,34620.25377807615,642.143310546875
736,1,1574.5,1512.0,1,10,2.0,24728.752698625824,642.1275634765625
737,6,1578.527777777778,1514.847222222222,6,60,3.0,37093.12904793873,642.145263671875
738,2,1579.0,1514.5,2,20,1.0,12364.376349312912,612.2626953125
739,2,1831.6666666666665,1925.8333333333335,2,20,2.0,24728.752698625824,736.003173828125
740,1,1853.0,1881.0,1,10,1.0,12364.376349312912,612.2464599609375
741,2,1837.0,1932.5,2,20,1.0,12364.376349312912,642.1546630859375
742,1,1833.0,1940.0,1,10,1.0,12364.376349312912,672.71435546875
743,8,1838.1614583333333,1903.984375,6,60,4.875,60276.33470290045,736.0181884765625
744,1,1845.0,1895.0,1,10,1.0,12364.376349312912,612.2791748046875
745,4,1837.8687499999999,1892.14375,4,40,6.75,83459.54035786216,768.7183837890625
746,94,1857.3029255460208,1898.0079451131783,62,620,37.670212765957444,465768.68779698963,3882.666748046875
747,1,1962.0,933.0,1,10,1.0,12364.376349312912,768.7021484375
748,1,1968.0,935.0,1,10,2.0,24728.752698625824,612.2939453125
749,1,1968.0,926.0,1,10,1.0,12364.376349312912,612.256103515625
750,3,1247.5555555555554,525.5370370370371,3,30,6.0,74186.25809587748,979.8987426757812
751,1,1550.5,1325.0,1,10,2.0,24728.752698625824,642.1068115234375
752,1,1548.0,1328.0,1,10,1.0,12364.376349312912,672.689208984375
753,9,1506.3017676891775,706.4236932323879,9,90,22.22222222222222,274763.91887362034,1216.699951171875
754,4,1507.0166666666669,699.5333333333333,3,30,4.5,55639.6935719081,672.705078125
755,4,1489.0,709.4583333333334,4,40,2.25,27819.84678595405,672.6898193359375
756,2,1246.25,1514.5,2,20,1.5,18546.56452396937,736.03369140625
757,1,419.0,808.0,1,10,1.0,12364.376349312912,768.735595703125
758,1,408.0,810.0,1,10,1.0,12364.376349312912,906.6826171875
759,1,573.5,1834.0,1,10,2.0,24728.752698625824,768.735595703125
760,1,569.0,1830.0,1,10,1.0,12364.376349312912,1619.8885498046875
761,2,616.25,1836.125,2,20,5.0,61821.88174656456,768.730712890625
762,2,617.5,1834.5,2,20,1.0,12364.376349312912,672.6982421875
763,1,754.5,819.5,1,10,2.0,24728.752698625824,642.127685546875
764,1,757.0,820.0,1,10,1.0,12364.376349312912,612.272216796875
765,15,777.420644078144,825.0646922059423,14,140,9.133333333333333,112927.97065705797,2478.953369140625
766,1,769.0,937.0,1,10,1.0,12364.376349312912,736.0014038085938
767,1,767.0,932.0,1,10,1.0,12364.376349312912,612.26806640625
768,1,859.0,1760.0,1,10,1.0,12364.376349312912,768.7178344726562
769,3,840.8333333333334,1759.6666666666667,3,30,1.3333333333333333,16485.835132417214,612.26806640625
770,1,843.0,1762.0,1,10,3.0,37093.12904793874,642.147705078125
771,1,846.0,1762.0,1,10,1.0,12364.376349312912,612.2791748046875
772,1,859.0,1768.0,1,10,1.0,12364.376349312912,612.297119140625
773,1,599.0,59.0,1,10,1.0,12364.376349312912,672.7001953125
774,1,602.0,46.0,1,10,1.0,12364.376349312912,612.25048828125
775,3,605.0,47.5,3,30,1.6666666666666667,20607.29391552152,672.7568359375
776,1,606.0,50.0,1,10,1.0,12364.376349312912,672.68212890625
777,1,605.0,55.0,1,10,1.0,12364.376349312912,612.2265625
778,4,834.8083333333334,1488.5166666666667,4,40,3.25,40184.22313526696,642.1478271484375
779,2,832.75,1488.125,2,20,3.0,37093.12904793874,735.9859619140625
780,1,838.0,1497.0,1,10,3.0,37093.12904793874,642.157470703125
781,1,1741.0,1946.0,1,10,1.0,12364.376349312912,906.6685791015624
782,1,1743.0,1945.0,1,10,1.0,12364.376349312912,642.18115234375
783,1,1731.0,1944.0,1,10,1.0,12364.376349312912,979.9292602539062
784,2,1134.0,1301.25,2,20,1.5,18546.56452396937,642.126220703125
785,1,402.0,1518.0,1,10,1.0,12364.376349312912,642.1397705078125
786,3,408.93333333333334,1506.0333333333335,3,30,3.6666666666666665,45336.046614147344,704.0185546875
787,11,407.7571855186974,1509.5100281964412,11,110,13.363636363636363,165233.0293953635,1258.6905517578125
788,5,409.77714285714285,1500.162857142857,5,50,6.0,74186.25809587748,979.94091796875
789,2,411.25,1497.0,2,20,1.5,18546.56452396937,642.134033203125
790,22,410.64473602621075,1502.2880807144893,22,220,16.727272727272727,206822.2952975978,3310.933349609375
791,4,412.38928571428573,1500.9464285714287,4,40,7.0,86550.63444519039,1344.720458984375
792,1,413.0,1502.0,1,10,3.0,37093.12904793874,836.2789306640625
793,14,416.0162424395045,1503.0424220942296,13,130,40.642857142857146,502523.58162564615,3242.68505859375
794,2,389.5,1521.0,2,20,2.0,24728.752698625824,736.01171875
795,1,386.3333333333333,1521.3333333333333,1,10,3.0,37093.12904793874,642.11083984375
796,1,1571.8,501.6,1,10,5.0,61821.88174656456,802.134765625
797,1,1576.0,490.5,1,10,2.0,24728.752698625824,642.1387939453125
798,1,1547.0,1241.0,1,10,1.0,12364.376349312912,612.24169921875
799,40,1549.8751558270978,1245.8698136949738,28,280,14.475,178974.3476563044,2135.473388671875
800,45,1550.5535899085362,1244.5911207455438,31,310,26.31111111111111,325320.4799463664,1973.3310546875
801,1,1550.0,1248.0,1,10,1.0,12364.376349312912,612.2499389648438
802,8,1537.112468671679,1237.676206140351,6,60,10.25,126734.85758045735,1973.33251953125
803,50,1534.4606310233626,1241.4433122749112,44,440,14.14,174832.28157928455,2660.26123046875
804,1,395.0,1813.0,1,10,1.0,12364.376349312912,979.9318237304688
805,1,396.0,1807.0,1,10,1.0,12364.376349312912,612.238037109375
806,2,1373.5,196.0,2,20,1.0,12364.376349312912,735.99951171875
807,2,1403.25,738.0,2,20,2.5,30910.94087328228,703.969482421875
808,2,1399.25,737.5,2,20,2.5,30910.94087328228,642.1123046875
809,2,1284.125,1112.25,2,20,2.0,24728.752698625824,612.28662109375
810,2,1288.25,1124.5,2,20,3.5,43275.31722259519,672.6995849609375
811,2,1288.25,1124.5,2,20,1.5,18546.56452396937,672.7261962890625
812,4,830.7333333333333,743.4916666666666,4,40,3.5,43275.31722259519,871.09228515625
813,1,831.5,742.0,1,10,2.0,24728.752698625824,672.7227172851562
814,1,831.0,742.0,1,10,1.0,12364.376349312912,704.0079345703125
815,4,834.775,749.075,4,40,3.25,40184.22313526696,703.9892578125
816,1,1574.0,1305.0,1,10,1.0,12364.376349312912,735.942626953125
817,1,1576.0,1317.5,1,10,2.0,24728.752698625824,642.1531982421875
818,2,1574.25,1319.75,2,20,1.5,18546.56452396937,672.70166015625
819,1,1570.0,1315.0,1,10,1.0,12364.376349312912,704.0079345703125
820,4,1125.7083333333335,1175.7291666666665,4,40,3.0,37093.12904793874,836.292724609375
821,5,1288.4378787878786,342.3333333333333,5,50,6.6,81604.88390546522,802.134765625
822,1,1288.0,340.0,1,10,1.0,12364.376349312912,612.242919921875
823,1,1409.75,1348.0,1,10,4.0,49457.50539725165,703.9901123046875
824,1,1408.0,1351.0,1,10,3.0,37093.12904793874,703.9778442382812
825,2,411.25,1538.5,2,20,1.5,18546.56452396937,672.744873046875
826,5,415.0916666666666,1538.425,5,50,4.8,59349.00647670198,942.904052734375
827,2,415.125,1538.75,2,20,3.0,37093.12904793874,735.9973754882812
828,3,415.25,1540.25,3,30,5.0,61821.88174656456,802.14453125
829,1,413.5,1547.0,1,10,2.0,24728.752698625824,612.2769775390625
830,1,416.5,1550.0,1,10,2.0,24728.752698625824,612.2465209960938
831,6,412.3429292929293,1540.446645021645,6,60,7.166666666666667,88611.36383674254,1017.5699462890624
832,1,246.0,1614.0,1,10,1.0,12364.376349312912,612.231201171875
833,1,247.0,1614.0,1,10,1.0,12364.376349312912,672.7227172851562
834,1,246.0,1615.0,1,10,1.0,12364.376349312912,642.1502685546875
835,2,1221.9017857142856,371.8035714285714,2,20,7.5,92732.82261984685,768.7285766601562
836,2,786.25,1048.5,2,20,1.5,18546.56452396937,871.091064453125
837,9,787.2551298238799,1050.598122248122,9,90,10.555555555555555,130512.86146496964,3108.2666015625
838,2,791.1666666666667,1056.0833333333335,2,20,2.5,30910.94087328228,768.7208251953125
839,1,790.0,1055.0,1,10,1.0,12364.376349312912,642.1159057617188
840,1,793.5,1057.5,1,10,4.0,49457.50539725165,871.1080932617188
841,2,792.8333333333333,1056.3333333333335,2,20,2.0,24728.752698625824,704.0023193359375
842,2,791.25,1057.6666666666665,2,20,3.5,43275.31722259519,1388.7969970703125
843,3,793.9444444444445,1060.2222222222224,3,30,2.3333333333333335,28850.21148173013,979.91650390625
844,3,1595.1666666666667,474.5833333333333,3,30,1.6666666666666667,20607.293915521517,642.1166381835938
845,1,1609.5,478.0,1,10,2.0,24728.752698625824,1216.706298828125
846,2,1582.8333333333335,1285.25,2,20,4.0,49457.50539725165,836.28173828125
847,1,1456.0,1613.0,1,10,1.0,12364.376349312912,612.242919921875
848,7,1476.810714285714,1613.3607142857143,5,50,4.714285714285714,58289.202789618015,768.693359375
849,2,1479.5833333333335,1605.8333333333335,2,20,3.5,43275.31722259519,703.9911499023438
850,2,2010.0,1628.5,2,20,1.0,12364.376349312912,672.735595703125
851,2,2009.5,1621.5,2,20,2.0,24728.752698625824,642.143310546875
852,2,1053.5,368.0,2,20,2.0,24728.752698625824,672.7030029296875
853,2,1051.0,368.5,2,20,1.0,12364.376349312912,612.30322265625
854,1,1052.0,374.0,1,10,1.0,12364.376349312912,612.257568359375
855,5,1048.15,376.0,5,50,2.8,34620.253778076156,703.9933471679688
856,2,1046.9,375.2,2,20,5.0,61821.88174656456,703.991943359375
857,1,1194.0,1372.0,1,10,1.0,12364.376349312912,612.291748046875
858,1,1194.0,1368.0,1,10,1.0,12364.376349312912,612.26806640625
859,3,141.5,539.0833333333334,3,30,2.6666666666666665,32971.67026483443,906.6932373046876
860,2,1812.0,362.0,2,20,1.0,12364.376349312912,612.251708984375
861,2,1827.9722222222222,354.22222222222223,2,20,10.5,129825.95166778557,736.006103515625
862,4,1825.797619047619,352.61904761904765,4,40,4.0,49457.50539725165,642.1478271484375
863,1,1829.0,354.0,1,10,1.0,12364.376349312912,612.263916015625
864,8,1238.16475317029,1491.8366415513835,8,80,19.875,245741.97994259407,768.7200927734375
865,1,1251.0,1498.5,1,10,2.0,24728.752698625824,768.70849609375
866,7,1762.017857142857,1832.794642857143,7,70,4.714285714285714,58289.202789618015,642.1546630859375
867,10,1772.19,1828.53,10,100,3.6,44511.75485752648,642.1546630859375
868,24,1785.4847222222222,1824.1646825396826,13,130,4.75,58730.787659236325,672.6903076171875
869,29,1784.0979474548442,1823.301724137931,16,160,3.413793103448276,42209.422709723396,703.99609375
870,17,1781.6213235294117,1827.5379901960785,12,120,2.6470588235294117,32729.231512887123,642.15185546875
871,1,1828.0,1810.0,1,10,1.0,12364.376349312912,612.25048828125
872,7,1790.7857142857142,1827.734693877551,4,40,2.5714285714285716,31794.110612518918,768.7015380859375
873,2,123.97222222222223,417.83333333333337,2,20,8.5,105097.19896915974,1301.33544921875
874,1,125.5,416.5,1,10,2.0,24728.752698625824,642.1126708984375
875,1,126.25,417.5,1,10,8.0,98915.0107945033,703.978759765625
876,18,103.99127492877491,396.0376878779656,14,140,11.88888888888889,146998.69659738685,2912.015625
877,2,111.66666666666666,397.66666666666663,2,20,2.0,24728.752698625824,906.68408203125
878,11,96.68710809392628,393.09118785255146,7,70,9.909090909090908,122519.7292795552,1572.26708984375
879,1,115.0,397.0,1,10,1.0,12364.376349312912,612.2676391601562
880,5,111.025,396.8,4,40,9.4,116225.13768354137,1668.2772216796875
881,12,103.76137566137567,396.0731812169311,9,90,8.5,105097.19896915976,1056.008544921875
882,22,107.85484723609721,392.9201714951715,16,160,6.363636363636363,78682.39495017308,1717.3271484375
883,2,1039.0,331.5,2,20,3.0,37093.12904793874,672.720703125
884,3,166.33333333333334,905.6666666666666,3,30,1.6666666666666667,20607.29391552152,672.720703125
885,1,164.0,907.0,1,10,1.0,12364.376349312912,612.2581787109375
886,1,481.5263157894737,861.3684210526316,1,10,19.0,234923.15063694533,802.1295166015625
887,5,480.71428571428567,870.7285714285714,5,50,6.4,79132.00863560263,979.9276123046876
888,7,1601.2094387755103,2019.144642857143,7,70,7.857142857142857,97148.67131603001,703.999267578125
889,1,292.0,1847.0,1,10,1.0,12364.376349312912,612.2452392578125
890,1,302.0,1849.0,1,10,1.0,12364.376349312912,768.729248046875
891,2,950.5,549.25,2,20,1.5,18546.56452396937,612.2767333984375
892,1,949.0,545.0,1,10,3.0,37093.12904793874,736.0183715820312
893,1,948.5,543.0,1,10,2.0,24728.752698625824,642.1397705078125
894,1,950.5,544.5,1,10,2.0,24728.752698625824,642.1131591796875
895,5,767.8333333333333,1153.2,5,50,2.0,24728.752698625824,703.978759765625
896,2,1689.0,1551.5,2,20,1.0,12364.376349312912,735.9775390625
897,1,1690.0,1552.5,1,10,2.0,24728.752698625824,642.1275634765625
898,2,118.5,47.5,2,20,1.0,12364.376349312912,642.1070556640625
899,1,121.0,58.0,1,10,1.0,12364.376349312912,612.2809448242188
900,2,1182.1,335.33333333333337,2,20,4.0,49457.50539725164,612.2535400390625
901,1,960.6666666666666,948.6666666666666,1,10,3.0,37093.12904793874,871.090576171875
902,1,948.0,952.0,1,10,1.0,12364.376349312912,612.2586669921875
903,1,945.0,952.0,1,10,1.0,12364.376349312912,612.2705078125
904,5,1376.6333333333334,377.53333333333336,5,50,2.2,27201.627968488407,703.98193359375
905,2,1236.7,821.3333333333333,2,20,4.0,49457.50539725165,703.9822387695312
906,5,1229.7,827.7,5,50,1.6,19783.002158900657,704.0185546875
907,2,1803.0,407.0,2,20,1.0,12364.376349312912,703.9822387695312
908,1,1096.0,1756.0,1,10,1.0,12364.376349312912,612.2809448242188
909,1,1102.0,1754.0,1,10,1.0,12364.376349312912,612.2646484375
910,1,1100.0,1752.0,1,10,1.0,12364.376349312912,612.2749633789062
911,1,1101.0,1749.0,1,10,1.0,12364.376349312912,612.2465209960938
912,5,156.18791443850267,880.2514081996435,5,50,11.2,138481.01511230462,1134.9765625
913,2,1506.0,2042.5,2,20,1.0,12364.376349312912,642.1207275390625
914,2,1505.0,2033.0,2,20,1.0,12364.376349312912,612.248291015625
915,5,1043.331111111111,1016.1933333333334,5,50,5.4,66767.63228628972,768.7183837890625
916,1,1062.0,1687.3333333333333,1,10,3.0,37093.12904793874,642.1131591796875
917,4,1096.2430555555557,1651.170138888889,4,40,4.75,58730.78765923633,672.7055053710938
918,1,1063.0,1673.0,1,10,1.0,12364.376349312912,642.1546630859375
919,4,1065.0625,1679.125,3,30,2.0,24728.752698625824,642.1182861328125
920,181,1095.7893624172225,1664.9271852017312,81,810,33.41436464088398,413147.77989306353,1525.298095703125
921,4,1105.9750000000001,1633.6750000000002,3,30,3.25,40184.22313526697,735.9908447265625
922,3,1455.3333333333333,186.33333333333334,3,30,2.3333333333333335,28850.211481730123,672.7129516601562
923,2,1454.957142857143,186.88571428571427,2,20,8.5,105097.19896915976,768.6875
924,2,1454.0,188.0,2,20,1.0,12364.376349312912,642.1195068359375
925,1,1223.0,50.0,1,10,1.0,12364.376349312912,612.2814331054688
926,1,1219.0,36.0,1,10,1.0,12364.376349312912,612.264404296875
927,1,1226.0,44.0,1,10,1.0,12364.376349312912,612.256103515625
928,1,1221.0,21.0,1,10,1.0,12364.376349312912,612.2713623046875
929,2,1020.0,1837.5,2,20,1.0,12364.376349312912,642.139892578125
930,3,1016.8000000000001,1836.5333333333335,3,30,2.3333333333333335,28850.21148173013,735.9931640625
931,2,1016.0,1837.5,2,20,1.0,12364.376349312912,612.2689208984375
932,1,1460.0,1819.5,1,10,2.0,24728.752698625824,642.1316528320312
933,1,1470.0,1826.0,1,10,1.0,12364.376349312912,768.7261962890625
934,3,1842.5833333333333,717.4880952380953,3,30,5.0,61821.88174656456,906.68408203125
935,1,1842.0,717.0,1,10,1.0,12364.376349312912,612.2791748046875
936,2,82.0,243.5,2,20,1.0,12364.376349312912,642.1376953125
937,4,306.4583333333333,1478.1249999999998,4,40,2.25,27819.846785954054,642.172119140625
938,1,301.0,1483.0,1,10,7.0,86550.63444519039,802.1484375
939,1,1733.0,1456.0,1,10,1.0,12364.376349312912,612.2584228515625
940,4,1734.6875,1454.5625,4,40,3.25,40184.22313526697,802.115966796875
941,1,1718.5,1457.0,1,10,2.0,24728.752698625824,642.1370849609375
942,1,1730.0,1452.0,1,10,1.0,12364.376349312912,612.2769775390625
943,5,456.3666666666667,1477.5333333333333,5,50,2.2,27201.627968488407,836.28173828125
944,2,1196.7222222222222,1248.6666666666665,2,20,6.0,74186.25809587748,768.7119140625
945,5,530.1377777777777,1723.0422222222223,5,50,9.2,113752.26241367878,906.6792602539062
946,2,1886.0,1951.75,2,20,2.5,30910.940873282278,642.1370849609375
947,1,1212.3333333333333,726.6666666666666,1,10,3.0,37093.12904793874,612.251708984375
948,1,1209.0,718.0,1,10,3.0,37093.12904793874,642.1331787109375
949,1,578.3333333333334,1380.6666666666667,1,10,3.0,37093.12904793874,1433.578369140625
950,1,573.0,1367.0,1,10,1.0,12364.376349312912,5162.6669921875
951,1,1090.0,1776.5,1,10,2.0,24728.752698625824,642.1361083984375
952,3,1089.3333333333333,1780.8333333333333,3,30,2.3333333333333335,28850.21148173013,642.1329345703125
953,2,1892.0,1539.5,2,20,1.0,12364.376349312912,703.9822387695312
954,8,1892.1564425770307,1539.1236344537815,8,80,9.75,120552.6694058009,979.8980712890624
955,1,475.0,1570.0,1,10,1.0,12364.376349312912,736.0069580078125
956,1,470.0,1570.0,1,10,1.0,12364.376349312912,642.1397705078125
957,2,804.7,1564.4,2,20,3.0,37093.12904793874,672.7277221679688
958,2,1514.5,1096.5,2,20,1.0,12364.376349312912,672.722900390625
959,2,1507.0,1080.5,2,20,1.0,12364.376349312912,642.1597900390625
960,1,1506.0,1078.0,1,10,1.0,12364.376349312912,612.256103515625
961,2,799.5,651.0,2,20,3.0,37093.12904793874,672.6973266601562
962,1,903.6666666666666,1228.3333333333333,1,10,3.0,37093.12904793874,672.6973266601562
963,2,908.5,1222.25,2,20,1.5,18546.56452396937,642.1331787109375
964,2,534.25,1408.25,2,20,3.5,43275.31722259519,703.983154296875
965,2,567.5,1743.0,2,20,1.0,12364.376349312912,612.2769775390625
966,2,519.75,455.0,2,20,2.5,30910.940873282278,672.7164306640625
967,11,1693.2907828282828,539.8664141414142,10,100,5.181818181818182,64069.950173712365,1344.73193359375
968,7,1691.5302721088433,561.862925170068,6,60,4.285714285714286,52990.1843541982,768.7176513671875
969,1,68.5,913.0,1,10,2.0,24728.752698625824,612.337890625
970,2,66.5,913.25,2,20,2.5,30910.940873282278,768.7135009765625
971,1,66.0,915.0,1,10,1.0,12364.376349312912,642.1359252929688
972,4,159.38392857142856,826.3035714285714,4,40,4.5,55639.6935719081,672.704833984375
973,1,327.0,1502.0,1,10,1.0,12364.376349312912,642.08349609375
974,1,331.25,1501.5,1,10,3.0,37093.12904793874,642.1331787109375
975,2,332.05,1500.9833333333333,2,20,5.5,68004.06992122102,736.0179443359375
976,2,825.5833333333333,794.4166666666667,2,20,2.5,30910.94087328228,871.091064453125
977,1,1596.0,375.0,1,10,1.0,12364.376349312912,672.7412109375
978,1,1593.0,363.0,1,10,1.0,12364.376349312912,672.7293701171875
979,3,710.5333333333333,310.73333333333335,3,30,3.6666666666666665,45336.046614147344,768.6932983398438
980,1,960.0,265.0,1,10,1.0,12364.376349312912,735.9851684570312
981,1,960.0,266.0,1,10,1.0,12364.376349312912,612.291748046875
982,2,686.0,896.0,2,20,1.0,12364.376349312912,612.2658081054688
983,2,1861.75,1800.5,2,20,2.5,30910.94087328228,672.7102661132812
984,1,1867.0,1804.0,1,10,2.0,24728.752698625824,642.11083984375
985,2,1854.1666666666665,1795.8333333333335,2,20,2.0,24728.752698625824,672.7293701171875
986,6,1853.2627989811488,1796.962249373434,6,60,18.333333333333332,226680.23307073672,1388.823486328125
987,3,1360.779202279202,591.0470085470087,3,30,8.0,98915.01079450328,1258.641845703125
988,1,1363.0,593.0,1,10,1.0,12364.376349312912,642.1331787109375
989,3,1361.3333333333333,588.6666666666666,3,30,3.0,37093.12904793873,704.0166625976562
990,2,1362.0416666666665,592.0,2,20,5.5,68004.06992122102,642.2333984375
991,1,1361.3333333333333,591.6666666666666,1,10,3.0,37093.12904793874,642.0205078125
992,1,307.0,983.5,1,10,2.0,24728.752698625824,612.2830810546875
993,4,307.1583333333333,984.3916666666667,4,40,3.75,46366.411309923424,768.6895751953125
994,9,298.50202377227134,982.3859524673252,9,90,29.11111111111111,359940.73372444254,1479.1282958984375
995,5,295.9951007326007,975.5699404761905,3,30,8.6,106333.63660409107,1216.69140625
996,5,294.7264235764236,965.1612221112222,5,50,9.0,111279.38714381622,836.2645263671875
997,4,862.6023706896551,1681.8726652298851,4,40,14.5,179283.45706503722,735.986083984375
998,13,1099.1525247550685,2016.6471271114835,13,130,16.53846153846154,204487.76270017514,871.1102905273438
999,1,876.0,1226.0,1,10,1.0,12364.376349312912,612.2967529296875
1000,3,876.5277777777778,1223.0277777777776,3,30,2.6666666666666665,32971.67026483443,672.7100219726562
1001,2,531.25,477.0,2,20,1.5,18546.56452396937,642.133544921875
1002,1,537.0,461.0,1,10,1.0,12364.376349312912,642.1436157226562
1003,2,533.75,468.5,1,10,1.5,18546.56452396937,642.139892578125
1004,1,537.0,465.0,1,10,1.0,12364.376349312912,612.224609375
1005,6,1075.6620370370372,1547.2476851851852,6,60,8.5,105097.19896915976,802.1566162109375
1006,2,163.67857142857144,936.5357142857142,2,20,5.5,68004.06992122102,704.0166625976562
1007,1,161.0,933.0,1,10,1.0,12364.376349312912,612.2265625
1008,4,844.4761904761905,1120.1785714285713,4,40,6.5,80368.44627053392,1095.139404296875
1009,3,1446.0833333333333,730.75,3,30,3.0,37093.12904793873,768.6875
1010,4,1448.0238095238094,729.6071428571429,4,40,4.5,55639.69357190811,836.2421875
1011,5,1447.15,727.9583333333334,5,50,4.0,49457.50539725165,1134.917724609375
1012,3,1446.5777777777778,727.3777777777777,3,30,3.0,37093.12904793874,704.0121459960938
1013,6,1283.0277777777776,534.7222222222222,6,60,2.3333333333333335,28850.21148173013,871.111083984375
1014,2,144.72916666666669,798.8541666666667,2,20,7.0,86550.63444519039,672.7191162109375
1015,11,372.43484848484843,959.4939393939393,11,110,4.0,49457.50539725165,942.82373046875
1016,1,356.0,958.0,1,10,1.0,12364.376349312912,703.9872436523438
1017,1,356.0,958.0,1,10,1.0,12364.376349312912,642.1316528320312
1018,1,1371.0,465.0,1,10,1.0,12364.376349312912,642.0205078125
1019,1,1370.0,464.0,1,10,1.0,12364.376349312912,672.7102661132812
1020,8,1657.0962995337995,1725.4376977189477,8,80,12.625,156100.25141007552,942.923095703125
1021,1,1082.0,1030.0,1,10,1.0,12364.376349312912,642.13330078125
1022,8,1084.0034722222222,1025.9947916666665,8,80,3.75,46366.411309923424,703.9778442382812
1023,2,1256.25,1067.0,2,20,1.5,18546.56452396937,642.1331787109375
1024,1,1257.0,1067.0,1,10,1.0,12364.376349312912,642.112060546875
1025,1,2040.0,684.0,1,10,1.0,12364.376349312912,736.0014038085938
1026,6,2038.9791666666667,680.875,6,60,3.8333333333333335,47396.776005699496,1388.810546875
1027,2,334.75,1673.392857142857,2,20,6.5,80368.44627053392,704.028076171875
1028,2,1954.25,1527.75,2,20,1.5,18546.56452396937,612.256103515625
1029,4,1957.0833333333333,1519.2916666666667,4,40,3.0,37093.12904793874,672.7374267578125
1030,9,1133.6999999999998,216.05238095238096,9,90,4.0,49457.50539725165,735.988037109375
1031,1,759.0,1881.0,1,10,1.0,12364.376349312912,612.2658081054688
1032,2,758.0,1881.0,2,20,2.0,24728.752698625824,672.7267456054688
1033,8,813.3549352572691,1165.2271676577543,8,80,13.0,160736.89254106785,2303.99560546875
1034,1,473.0,1592.0,1,10,1.0,12364.376349312912,672.7374267578125
1035,4,476.2394230769231,1591.0384615384614,4,40,9.75,120552.66940580089,942.9334106445312
1036,2,0.125,1314.25,2,20,3.0,37093.12904793874,836.2645263671875
