frame,x,y,area_px,intensity,area_km2,bbox,cluster_id,occurrences
0,333.5,0.5,4.0,4679.8115234375,138606.49568582693,"(0, 333, 2, 335)",0,25
0,1819.875,2026.75,8.0,4679.8115234375,277212.99137165386,"(2024, 1819, 2031, 1822)",19,47
1,333.6,0.8,5.0,6056.455078125,173258.11960728368,"(0, 333, 3, 335)",0,25
1,1695.5,320.0,2.0,4291.9462890625,69303.24784291346,"(320, 1695, 321, 1697)",21,21
1,1712.5,330.5,2.0,3654.671875,69303.24784291346,"(330, 1712, 332, 1714)",21,21
1,1719.0,335.0,1.0,3567.4951171875,34651.62392145673,"(335, 1719, 336, 1720)",21,21
1,1752.0,417.0,1.0,3921.7958984375,34651.62392145673,"(417, 1752, 418, 1753)",22,23
1,1820.3529411764705,2026.235294117647,17.0,9764.953125,589077.6066647645,"(2023, 1819, 2031, 1823)",19,47
2,333.1111111111111,1.7777777777777777,9.0,9341.0048828125,311864.6152931106,"(0, 332, 6, 335)",0,25
2,1701.9473684210527,318.8421052631579,19.0,8255.7421875,658380.854507678,"(316, 1699, 322, 1707)",21,21
2,1699.5,321.5,2.0,3831.931640625,69303.24784291346,"(321, 1699, 323, 1701)",21,21
2,1701.4736842105262,326.2105263157895,19.0,4679.734375,658380.854507678,"(323, 1697, 330, 1707)",21,21
2,1819.909090909091,2026.909090909091,11.0,7864.99072265625,381167.86313602404,"(2024, 1819, 2030, 1823)",19,47
3,332.75,1.75,12.0,8255.447265625,415819.4870574808,"(0, 332, 5, 335)",0,25
3,1700.111111111111,317.3333333333333,9.0,4679.8115234375,311864.6152931106,"(316, 1699, 320, 1703)",21,21
3,1698.0,320.75,4.0,4581.9130859375,138606.49568582693,"(320, 1697, 323, 1700)",21,21
3,1702.0,325.3333333333333,3.0,3654.671875,103954.8717643702,"(325, 1701, 327, 1704)",21,21
3,1146.0,836.0,1.0,3567.4951171875,34651.62392145673,"(836, 1146, 837, 1147)",29,11
3,1819.2,2026.9,10.0,6515.1806640625,346516.23921456735,"(2023, 1818, 2031, 1821)",19,47
4,332.3,1.6,10.0,6991.7958984375,346516.23921456735,"(0, 331, 6, 335)",0,25
4,338.0,6.5,4.0,4387.2587890625,138606.49568582693,"(5, 338, 9, 339)",0,25
4,1700.4772727272727,322.8636363636364,44.0,6284.587890625,1524671.4525440962,"(317, 1695, 329, 1707)",21,21
4,1750.0,416.0,1.0,3567.6689453125,34651.62392145673,"(416, 1750, 417, 1751)",22,23
4,30.19148936170213,1285.9148936170213,47.0,18035.333984375,1628626.3243084664,"(1275, 28, 1298, 33)",33,13
4,682.0,1288.0,1.0,3567.6689453125,34651.62392145673,"(1288, 682, 1289, 683)",34,10
4,28.0,1299.0,1.0,3654.6591796875,34651.62392145673,"(1299, 28, 1300, 29)",33,13
4,28.0,1301.5,2.0,3654.6591796875,69303.24784291346,"(1301, 28, 1303, 29)",33,13
4,1818.0,2024.0,1.0,3654.6591796875,34651.62392145673,"(2024, 1818, 2025, 1819)",19,47
4,1818.5,2028.0,4.0,4981.6142578125,138606.49568582693,"(2027, 1818, 2030, 1820)",19,47
4,1825.5,2029.0,2.0,4105.5986328125,69303.24784291346,"(2029, 1825, 2030, 1827)",19,47
5,331.55555555555554,1.4444444444444444,9.0,5833.9404296875,311864.6152931106,"(0, 331, 5, 334)",0,25
5,1699.5555555555557,319.5925925925926,27.0,5293.23046875,935593.8458793318,"(315, 1697, 325, 1703)",21,21
5,1693.5,318.5,2.0,4105.8505859375,69303.24784291346,"(318, 1693, 320, 1695)",21,21
5,1695.0,321.0,1.0,3567.4150390625,34651.62392145673,"(321, 1695, 322, 1696)",21,21
5,1704.5,326.0,2.0,3832.0849609375,69303.24784291346,"(326, 1704, 327, 1706)",21,21
5,1166.5,946.0,2.0,3654.728515625,69303.24784291346,"(946, 1166, 947, 1168)",36,16
5,1177.5,949.0,4.0,4198.1669921875,138606.49568582693,"(949, 1176, 950, 1180)",36,16
5,1818.0,2027.5,2.0,5399.189453125,69303.24784291346,"(2027, 1818, 2029, 1819)",19,47
6,330.4,0.8,5.0,4387.62890625,173258.11960728368,"(0, 330, 3, 332)",0,25
6,334.0,0.0,1.0,3742.2060546875,34651.62392145673,"(0, 334, 1, 335)",0,25
6,329.0,4.5,2.0,4105.6650390625,69303.24784291346,"(4, 329, 6, 330)",0,25
6,1699.3703703703704,321.1111111111111,27.0,4581.99609375,935593.8458793318,"(317, 1697, 326, 1704)",21,21
6,1712.4,329.8,5.0,4198.0546875,173258.11960728368,"(329, 1711, 332, 1715)",21,21
6,1143.0,833.0,1.0,3742.2060546875,34651.62392145673,"(833, 1143, 834, 1144)",29,11
6,926.0,865.0,1.0,3655.0458984375,34651.62392145673,"(865, 926, 866, 927)",38,25
6,1166.5714285714287,944.7142857142857,7.0,4981.6259765625,242561.3674501971,"(944, 1165, 946, 1170)",36,16
6,27.227272727272727,1288.090909090909,44.0,12836.08203125,1524671.4525440962,"(1279, 26, 1301, 30)",33,13
7,331.2857142857143,1.3571428571428572,14.0,8255.6376953125,485122.7349003942,"(0, 330, 4, 334)",0,25
7,336.5,1.5,2.0,3655.0458984375,69303.24784291346,"(1, 336, 3, 338)",0,25
7,1699.625,324.25,8.0,3741.98046875,277212.99137165386,"(322, 1697, 327, 1703)",21,21
7,1713.0,331.0,1.0,3567.6494140625,34651.62392145673,"(331, 1713, 332, 1714)",21,21
7,1749.0,415.25,4.0,6399.9560546875,138606.49568582693,"(415, 1748, 417, 1751)",22,23
7,1143.0,834.0,1.0,3741.98046875,34651.62392145673,"(834, 1143, 835, 1144)",29,11
7,1167.0,946.0,3.0,5085.3037109375,103954.8717643702,"(946, 1166, 947, 1169)",36,16
7,27.83783783783784,1290.7837837837837,37.0,10493.73828125,1282110.0850938992,"(1282, 27, 1302, 30)",33,13
8,332.26666666666665,2.4,15.0,6399.87890625,519774.35882185097,"(0, 331, 8, 335)",0,25
8,336.0,0.0,1.0,3742.05029296875,34651.62392145673,"(0, 336, 1, 337)",0,25
8,338.0,0.0,1.0,4387.39404296875,34651.62392145673,"(0, 338, 1, 339)",0,25
8,1704.5,323.5,2.0,3742.05029296875,69303.24784291346,"(323, 1704, 325, 1706)",21,21
8,1701.75,325.0,4.0,4198.34326171875,138606.49568582693,"(324, 1701, 327, 1704)",21,21
8,1705.0,327.0,1.0,3654.82275390625,34651.62392145673,"(327, 1705, 328, 1706)",21,21
8,1750.5,416.0,2.0,3921.7177734375,69303.24784291346,"(416, 1750, 417, 1752)",22,23
8,1381.0,863.0,1.0,3654.82275390625,34651.62392145673,"(863, 1381, 864, 1382)",40,13
8,1168.5,946.0,2.0,3921.7177734375,69303.24784291346,"(946, 1168, 947, 1170)",36,16
8,29.36842105263158,1289.4736842105262,38.0,14881.0908203125,1316761.709015356,"(1281, 28, 1299, 32)",33,13
8,1818.0,2027.0,1.0,3742.05029296875,34651.62392145673,"(2027, 1818, 2028, 1819)",19,47
9,337.5151515151515,2.3333333333333335,33.0,8387.044921875,1143503.5894080722,"(0, 332, 9, 342)",0,25
9,352.4,3.4,5.0,4013.0947265625,173258.11960728368,"(2, 352, 6, 354)",0,25
9,695.0,54.0,1.0,4013.0947265625,34651.62392145673,"(54, 695, 55, 696)",41,22
9,1703.0,323.0,1.0,4105.603515625,34651.62392145673,"(323, 1703, 324, 1704)",21,21
9,1703.0625,326.1875,16.0,4680.08984375,554425.9827433077,"(324, 1700, 329, 1707)",21,21
9,1715.5,332.5,2.0,4105.603515625,69303.24784291346,"(332, 1715, 334, 1717)",21,21
9,1751.0,416.75,4.0,4013.0947265625,138606.49568582693,"(416, 1750, 418, 1753)",22,23
9,1145.0,834.0,1.0,3567.6533203125,34651.62392145673,"(834, 1145, 835, 1146)",29,11
9,30.032258064516128,1291.8709677419354,31.0,13501.8408203125,1074200.3415651587,"(1283, 29, 1301, 33)",33,13
9,682.0,1288.0,1.0,3567.6533203125,34651.62392145673,"(1288, 682, 1289, 683)",34,10
9,1819.0,2028.0,3.0,5399.169921875,103954.8717643702,"(2027, 1819, 2030, 1820)",19,47
10,338.3636363636364,1.5454545454545454,22.0,6400.0439453125,762335.7262720481,"(0, 332, 7, 342)",0,25
10,352.23809523809524,5.476190476190476,21.0,5615.2001953125,727684.1023505913,"(0, 351, 12, 355)",0,25
10,695.0,53.0,1.0,4198.22119140625,34651.62392145673,"(53, 695, 54, 696)",41,22
10,86.25,189.5,4.0,4292.27099609375,138606.49568582693,"(188, 86, 192, 88)",43,17
10,1705.6,324.4,5.0,4013.06982421875,173258.11960728368,"(324, 1704, 326, 1708)",21,21
10,1701.5,325.0,2.0,3742.06103515625,69303.24784291346,"(325, 1701, 326, 1703)",21,21
10,1380.6,861.2,5.0,4105.80908203125,173258.11960728368,"(860, 1379, 863, 1383)",40,13
10,30.161290322580644,1292.5806451612902,31.0,12349.126953125,1074200.3415651587,"(1284, 29, 1301, 33)",33,13
10,1819.0,2028.0,3.0,5293.06982421875,103954.8717643702,"(2027, 1819, 2030, 1820)",19,47
11,352.1818181818182,4.909090909090909,22.0,5615.06103515625,762335.7262720481,"(0, 350, 12, 355)",0,25
11,341.0,4.5,2.0,4198.2099609375,69303.24784291346,"(4, 341, 6, 342)",0,25
11,86.0,189.0,3.0,3921.9345703125,103954.8717643702,"(188, 86, 191, 87)",43,17
11,1701.75,325.0,4.0,3921.9345703125,138606.49568582693,"(324, 1701, 327, 1704)",21,21
11,1707.0,325.0,1.0,3742.0634765625,34651.62392145673,"(325, 1707, 326, 1708)",21,21
11,1446.5,714.5,4.0,4012.9140625,138606.49568582693,"(714, 1446, 716, 1448)",47,12
11,930.0,874.0,1.0,3567.6181640625,34651.62392145673,"(874, 930, 875, 931)",38,25
11,30.06451612903226,1292.3870967741937,31.0,7993.86767578125,1074200.3415651587,"(1283, 29, 1302, 33)",33,13
11,682.0,1288.0,1.0,3567.6181640625,34651.62392145673,"(1288, 682, 1289, 683)",34,10
11,1819.0,2028.0,1.0,4484.083984375,34651.62392145673,"(2028, 1819, 2029, 1820)",19,47
12,352.25,1.5,4.0,4198.1669921875,138606.49568582693,"(0, 352, 4, 354)",0,25
12,350.8,7.0,5.0,4387.34765625,173258.11960728368,"(5, 350, 10, 352)",0,25
12,1703.0,325.0,1.0,3654.728515625,34651.62392145673,"(325, 1703, 326, 1704)",21,21
12,1447.0,715.2,10.0,6870.7939453125,346516.23921456735,"(714, 1446, 718, 1449)",47,12
12,1375.5,856.5,2.0,4013.080078125,69303.24784291346,"(856, 1375, 858, 1377)",40,13
12,1378.5,858.5,2.0,4105.8505859375,69303.24784291346,"(858, 1378, 860, 1380)",40,13
12,1381.0,860.0,1.0,3567.4150390625,34651.62392145673,"(860, 1381, 861, 1382)",40,13
12,1388.0,865.0,1.0,3742.04296875,34651.62392145673,"(865, 1388, 866, 1389)",40,13
12,1390.5,866.5,2.0,3654.728515625,69303.24784291346,"(866, 1390, 868, 1392)",40,13
12,29.736842105263158,1293.1052631578948,38.0,11403.390625,1316761.709015356,"(1283, 28, 1305, 32)",33,13
13,351.44444444444446,3.888888888888889,9.0,4198.181640625,311864.6152931106,"(1, 351, 8, 353)",0,25
13,1753.3333333333333,412.3333333333333,3.0,5188.54052734375,103954.8717643702,"(412, 1753, 414, 1755)",22,23
13,1749.875,415.375,8.0,5293.19384765625,277212.99137165386,"(414, 1748, 417, 1752)",22,23
13,1446.5,714.875,8.0,6056.52587890625,277212.99137165386,"(714, 1445, 717, 1449)",47,12
13,1144.0,833.0,1.0,3567.58837890625,34651.62392145673,"(833, 1144, 834, 1145)",29,11
13,1384.0,862.0,1.0,3654.85498046875,34651.62392145673,"(862, 1384, 863, 1385)",40,13
13,1387.0,864.0,1.0,3567.58837890625,34651.62392145673,"(864, 1387, 865, 1388)",40,13
13,28.91891891891892,1294.1891891891892,37.0,9765.1904296875,1282110.0850938992,"(1283, 28, 1307, 31)",33,13
14,331.2,1.2,5.0,5833.94287109375,173258.11960728368,"(0, 331, 4, 333)",0,25
14,351.0,3.7857142857142856,14.0,5188.38330078125,485122.7349003942,"(0, 350, 9, 353)",0,25
14,1701.0,322.0,1.0,3742.060546875,34651.62392145673,"(322, 1701, 323, 1702)",21,21
14,1753.0,411.5,2.0,4292.18408203125,69303.24784291346,"(411, 1753, 413, 1754)",22,23
14,1749.2,415.2,5.0,4012.94482421875,173258.11960728368,"(414, 1748, 417, 1751)",22,23
14,1447.0,715.0,1.0,3567.57666015625,34651.62392145673,"(715, 1447, 716, 1448)",47,12
14,28.676470588235293,1291.4411764705883,34.0,7113.814453125,1178155.213329529,"(1282, 28, 1303, 31)",33,13
14,680.0,1287.0,1.0,3567.57666015625,34651.62392145673,"(1287, 680, 1288, 681)",34,10
15,330.5,2.25,12.0,5723.9873046875,415819.4870574808,"(0, 330, 7, 333)",0,25
15,337.0,0.0,3.0,4679.7412109375,103954.8717643702,"(0, 336, 1, 339)",0,25
15,350.6666666666667,3.111111111111111,9.0,4880.9814453125,311864.6152931106,"(0, 350, 8, 353)",0,25
15,1752.0,412.0,3.0,3832.1513671875,103954.8717643702,"(411, 1751, 414, 1754)",22,23
15,1748.3333333333333,415.3333333333333,3.0,4582.1015625,103954.8717643702,"(415, 1748, 417, 1750)",22,23
15,27.92,1292.8,25.0,7484.26123046875,866290.5980364183,"(1283, 27, 1302, 30)",33,13
15,680.0,1286.0,1.0,3654.7490234375,34651.62392145673,"(1286, 680, 1287, 681)",34,10
16,330.55555555555554,1.4444444444444444,9.0,5614.9296875,311864.6152931106,"(0, 330, 5, 333)",0,25
16,334.0,0.0,1.0,3741.9287109375,34651.62392145673,"(0, 334, 1, 335)",0,25
16,337.5,0.0,4.0,5293.05859375,138606.49568582693,"(0, 336, 1, 340)",0,25
16,350.0,5.5,4.0,4780.447265625,138606.49568582693,"(4, 350, 8, 351)",0,25
16,1469.0,375.0,3.0,5084.8955078125,103954.8717643702,"(374, 1469, 377, 1470)",51,16
16,1748.0,415.0,3.0,4198.1435546875,103954.8717643702,"(415, 1747, 416, 1750)",22,23
16,27.65,1295.75,20.0,6170.640625,693032.4784291347,"(1288, 27, 1303, 29)",33,13
17,330.2857142857143,1.5714285714285714,7.0,5833.935546875,242561.3674501971,"(0, 330, 5, 332)",0,25
17,351.0,2.0,3.0,4013.1650390625,103954.8717643702,"(1, 351, 4, 352)",0,25
17,350.0,5.0,1.0,3921.77734375,34651.62392145673,"(5, 350, 6, 351)",0,25
17,695.0,57.0,1.0,3831.7880859375,34651.62392145673,"(57, 695, 58, 696)",41,22
17,1468.0,378.5,2.0,3567.4150390625,69303.24784291346,"(378, 1468, 380, 1469)",51,16
17,1749.7142857142858,414.2857142857143,7.0,4484.0947265625,242561.3674501971,"(413, 1748, 416, 1752)",22,23
17,680.0,1286.0,1.0,3567.4150390625,34651.62392145673,"(1286, 680, 1287, 681)",34,10
17,28.0,1296.0,11.0,4013.1650390625,381167.86313602404,"(1291, 28, 1302, 29)",33,13
18,327.2857142857143,1.5714285714285714,7.0,5506.2470703125,242561.3674501971,"(0, 327, 5, 329)",0,25
18,61.0,148.0,1.0,3567.529296875,34651.62392145673,"(148, 61, 149, 62)",52,24
18,988.0,737.0,1.0,3741.98046875,34651.62392145673,"(737, 988, 738, 989)",54,18
19,328.53333333333336,2.8666666666666667,15.0,7993.849609375,519774.35882185097,"(0, 328, 8, 331)",0,25
19,693.6666666666666,57.333333333333336,3.0,4292.1201171875,103954.8717643702,"(57, 693, 59, 695)",41,22
19,1749.0,413.5,2.0,3742.271484375,69303.24784291346,"(413, 1749, 415, 1750)",22,23
20,329.4117647058824,3.823529411764706,17.0,5945.0361328125,589077.6066647645,"(0, 329, 11, 332)",0,25
20,694.0,58.0,1.0,3741.8486328125,34651.62392145673,"(58, 694, 59, 695)",41,22
20,1749.0,415.0,1.0,3567.4951171875,34651.62392145673,"(415, 1749, 416, 1750)",22,23
20,1755.3333333333333,415.3333333333333,3.0,4105.4716796875,103954.8717643702,"(415, 1755, 417, 1757)",22,23
20,680.0,1286.0,1.0,3567.4951171875,34651.62392145673,"(1286, 680, 1287, 681)",34,10
21,331.25,0.75,4.0,4292.302734375,138606.49568582693,"(0, 331, 3, 333)",0,25
21,352.0,4.5,2.0,3832.0849609375,69303.24784291346,"(4, 352, 6, 353)",0,25
21,1708.0,343.0,1.0,3742.04296875,34651.62392145673,"(343, 1708, 344, 1709)",21,21
21,1752.0,415.0,1.0,3742.04296875,34651.62392145673,"(415, 1752, 416, 1753)",22,23
21,1755.6666666666667,415.3333333333333,3.0,4780.71484375,103954.8717643702,"(415, 1755, 417, 1757)",22,23
22,332.0,0.0,1.0,3567.4814453125,34651.62392145673,"(0, 332, 1, 333)",0,25
22,1707.3333333333333,343.6666666666667,3.0,4881.2509765625,103954.8717643702,"(343, 1707, 345, 1709)",21,21
22,1751.625,414.875,8.0,5723.7099609375,277212.99137165386,"(414, 1750, 417, 1754)",22,23
22,1756.5,415.0,2.0,3741.8759765625,69303.24784291346,"(415, 1756, 416, 1758)",22,23
22,1314.0,734.0,1.0,3567.4814453125,34651.62392145673,"(734, 1314, 735, 1315)",63,10
22,1319.0,734.0,1.0,3741.8759765625,34651.62392145673,"(734, 1319, 735, 1320)",63,10
22,681.0,1287.0,1.0,3567.4814453125,34651.62392145673,"(1287, 681, 1288, 682)",34,10
23,351.0,6.5,2.0,3831.99609375,69303.24784291346,"(6, 351, 8, 352)",0,25
23,57.5,152.0,2.0,3831.99609375,69303.24784291346,"(152, 57, 153, 59)",52,24
23,1709.75,362.75,4.0,4292.26171875,138606.49568582693,"(362, 1709, 364, 1712)",21,21
23,1712.0,369.0,1.0,3921.998046875,34651.62392145673,"(369, 1712, 370, 1713)",21,21
23,1751.5,414.5,4.0,4483.9228515625,138606.49568582693,"(414, 1751, 416, 1753)",22,23
24,351.57142857142856,2.5714285714285716,7.0,4013.01953125,242561.3674501971,"(0, 351, 6, 353)",0,25
24,1703.0,339.0,1.0,3654.8134765625,34651.62392145673,"(339, 1703, 340, 1704)",21,21
24,1703.6666666666667,348.3333333333333,3.0,4981.6884765625,103954.8717643702,"(348, 1703, 350, 1705)",21,21
24,1749.5,415.5,2.0,3741.95703125,69303.24784291346,"(415, 1749, 417, 1751)",22,23
24,1307.0,730.0,1.0,3654.8134765625,34651.62392145673,"(730, 1307, 731, 1308)",63,10
24,1317.0,733.0,1.0,3654.8134765625,34651.62392145673,"(733, 1317, 734, 1318)",63,10
25,1749.5,414.0,2.0,3921.998046875,69303.24784291346,"(414, 1749, 415, 1751)",22,23
25,1316.0,732.0,1.0,4292.26171875,34651.62392145673,"(732, 1316, 733, 1317)",63,10
26,1749.5,414.0,2.0,3742.2646484375,69303.24784291346,"(414, 1749, 415, 1751)",22,23
26,1315.0,731.5,2.0,4881.353515625,69303.24784291346,"(731, 1315, 733, 1316)",63,10
27,1750.0,414.0,1.0,3655.072265625,34651.62392145673,"(414, 1750, 415, 1751)",22,23
27,1315.0,731.0,1.0,3742.2646484375,34651.62392145673,"(731, 1315, 732, 1316)",63,10
28,1750.0,415.0,1.0,4105.4794921875,34651.62392145673,"(415, 1750, 416, 1751)",22,23
29,939.0,873.0,1.0,3567.7958984375,34651.62392145673,"(873, 939, 874, 940)",38,25
30,1817.0,2027.3333333333333,3.0,4679.763671875,103954.8717643702,"(2027, 1816, 2029, 1819)",19,47
30,1816.0,2030.5,2.0,4981.7216796875,69303.24784291346,"(2030, 1816, 2032, 1817)",19,47
31,1703.0,359.0,1.0,3655.0458984375,34651.62392145673,"(359, 1703, 360, 1704)",21,21
31,1817.0,2028.0,3.0,4198.2802734375,103954.8717643702,"(2027, 1816, 2030, 1819)",19,47
32,1879.0,488.0,1.0,4013.1767578125,34651.62392145673,"(488, 1879, 489, 1880)",67,47
32,1816.3333333333333,2029.3333333333333,6.0,5945.0498046875,207909.7435287404,"(2027, 1816, 2032, 1818)",19,47
33,1697.5,351.0,4.0,4484.1240234375,138606.49568582693,"(350, 1697, 353, 1699)",21,21
33,1703.5,359.0,2.0,3831.931640625,69303.24784291346,"(359, 1703, 360, 1705)",21,21
33,1816.4444444444443,2029.4444444444443,9.0,6284.587890625,311864.6152931106,"(2027, 1815, 2033, 1819)",19,47
34,1697.5,351.5,2.0,4012.931640625,69303.24784291346,"(351, 1697, 353, 1699)",21,21
34,680.0,1286.0,1.0,3567.5888671875,34651.62392145673,"(1286, 680, 1287, 681)",34,10
34,1817.1818181818182,2030.909090909091,11.0,9063.2626953125,381167.86313602404,"(2028, 1816, 2034, 1819)",19,47
35,1817.4615384615386,2030.3076923076924,13.0,9063.126953125,450471.11097893753,"(2028, 1816, 2034, 1820)",19,47
36,1459.3333333333333,372.3333333333333,3.0,4105.8447265625,103954.8717643702,"(372, 1459, 374, 1461)",51,16
36,1817.4,2029.2,10.0,8519.9755859375,346516.23921456735,"(2027, 1816, 2032, 1819)",19,47
37,1817.5,2029.25,8.0,9765.2421875,277212.99137165386,"(2027, 1817, 2032, 1819)",19,47
38,1146.0,839.0,1.0,3567.4677734375,34651.62392145673,"(839, 1146, 840, 1147)",29,11
38,1816.625,2028.0,8.0,6170.724609375,277212.99137165386,"(2026, 1816, 2031, 1818)",19,47
39,1815.9,2028.1,10.0,10053.44921875,346516.23921456735,"(2026, 1815, 2031, 1818)",19,47
40,1291.5,117.0,2.0,3654.9169921875,69303.24784291346,"(117, 1291, 118, 1293)",73,49
40,1815.3333333333333,2027.5555555555557,9.0,7865.16845703125,311864.6152931106,"(2026, 1814, 2030, 1817)",19,47
41,1291.5,117.0,2.0,3742.1201171875,69303.24784291346,"(117, 1291, 118, 1293)",73,49
41,1263.4285714285713,687.1428571428571,7.0,6170.7958984375,242561.3674501971,"(685, 1263, 690, 1265)",79,30
41,1815.75,2028.5,8.0,6870.9501953125,277212.99137165386,"(2027, 1815, 2031, 1818)",19,47
42,1264.0,687.0,1.0,3567.5146484375,34651.62392145673,"(687, 1264, 688, 1265)",79,30
42,1816.5,2028.8,10.0,8654.1923828125,346516.23921456735,"(2027, 1815, 2032, 1819)",19,47
43,1264.0,688.5,2.0,4013.1767578125,69303.24784291346,"(688, 1264, 690, 1265)",79,30
43,1816.375,2029.0,8.0,5833.6220703125,277212.99137165386,"(2027, 1815, 2032, 1818)",19,47
44,1456.0,374.0,1.0,3655.0458984375,34651.62392145673,"(374, 1456, 375, 1457)",51,16
44,1263.0,690.0,3.0,4012.935546875,103954.8717643702,"(689, 1263, 692, 1264)",79,30
44,1289.6666666666667,801.0,3.0,3831.857421875,103954.8717643702,"(800, 1289, 803, 1291)",85,47
44,1815.5,2028.0,4.0,5188.5205078125,138606.49568582693,"(2027, 1815, 2030, 1817)",19,47
45,1264.1666666666667,691.1666666666666,12.0,5723.7470703125,415819.4870574808,"(688, 1263, 696, 1266)",79,30
45,1816.5,2027.0,2.0,4484.16015625,69303.24784291346,"(2027, 1816, 2028, 1818)",19,47
46,1265.0666666666666,692.7333333333333,15.0,6284.501953125,519774.35882185097,"(690, 1264, 697, 1267)",79,30
46,1818.0,2028.0,1.0,4291.9794921875,34651.62392145673,"(2028, 1818, 2029, 1819)",19,47
47,1265.090909090909,694.1818181818181,11.0,4981.6005859375,381167.86313602404,"(691, 1264, 699, 1267)",79,30
47,1816.6666666666667,2028.0,3.0,4582.0107421875,103954.8717643702,"(2027, 1816, 2030, 1818)",19,47
48,1265.0,693.0,3.0,4581.8515625,103954.8717643702,"(692, 1265, 695, 1266)",79,30
48,1817.0,2028.0,3.0,4679.7802734375,103954.8717643702,"(2027, 1817, 2030, 1818)",19,47
49,1317.0,731.5,2.0,3831.99609375,69303.24784291346,"(731, 1317, 733, 1318)",63,10
50,1706.0,337.0,1.0,4013.1650390625,34651.62392145673,"(337, 1706, 338, 1707)",21,21
50,1316.0,730.0,1.0,4013.1650390625,34651.62392145673,"(730, 1316, 731, 1317)",63,10
50,1021.0,977.0,1.0,3567.4150390625,34651.62392145673,"(977, 1021, 978, 1022)",92,40
51,1816.0,2027.0,1.0,3654.7919921875,34651.62392145673,"(2027, 1816, 2028, 1817)",19,47
52,692.0,57.0,1.0,3567.5498046875,34651.62392145673,"(57, 692, 58, 693)",41,22
52,1456.0,373.0,1.0,3742.271484375,34651.62392145673,"(373, 1456, 374, 1457)",51,16
52,1815.0,2027.0,1.0,3922.0390625,34651.62392145673,"(2027, 1815, 2028, 1816)",19,47
53,693.0,58.0,1.0,3655.072265625,34651.62392145673,"(58, 693, 59, 694)",41,22
53,1816.0,2027.5,2.0,4291.9931640625,69303.24784291346,"(2027, 1816, 2029, 1817)",19,47
54,693.0,57.0,1.0,3567.7626953125,34651.62392145673,"(57, 693, 58, 694)",41,22
59,1265.0,107.5,2.0,3655.072265625,69303.24784291346,"(107, 1265, 109, 1266)",73,49
60,1264.5714285714287,106.85714285714286,7.0,4387.5771484375,242561.3674501971,"(105, 1264, 110, 1266)",73,49
60,1454.0,386.0,1.0,4013.1650390625,34651.62392145673,"(386, 1454, 387, 1455)",51,16
61,14.0,72.0,1.0,3654.6591796875,34651.62392145673,"(72, 14, 73, 15)",107,11
61,1264.6,107.8,5.0,4012.9658203125,173258.11960728368,"(107, 1264, 110, 1266)",73,49
61,1440.0,713.0,1.0,3921.7431640625,34651.62392145673,"(713, 1440, 714, 1441)",47,12
62,687.0,64.0,1.0,3567.6494140625,34651.62392145673,"(64, 687, 65, 688)",41,22
62,1440.0,711.0,1.0,4198.38671875,34651.62392145673,"(711, 1440, 712, 1441)",47,12
63,61.666666666666664,147.33333333333334,3.0,3831.99609375,103954.8717643702,"(147, 61, 149, 63)",52,24
63,1439.6666666666667,710.3333333333334,3.0,4387.392578125,103954.8717643702,"(710, 1439, 712, 1441)",47,12
64,1440.6666666666667,708.6666666666666,3.0,4292.302734375,103954.8717643702,"(708, 1440, 710, 1442)",47,12
65,1254.3333333333333,680.1666666666666,18.0,4292.2431640625,623729.2305862212,"(677, 1251, 685, 1258)",79,30
65,1259.0,688.0,1.0,3742.0634765625,34651.62392145673,"(688, 1259, 689, 1260)",79,30
65,1173.5,948.0,2.0,3654.681640625,69303.24784291346,"(948, 1173, 949, 1175)",36,16
66,1174.4761904761904,948.6666666666666,21.0,5945.205078125,727684.1023505913,"(948, 1170, 951, 1180)",36,16
67,1258.52,684.6,25.0,4780.71484375,866290.5980364183,"(677, 1254, 695, 1263)",79,30
67,1170.1818181818182,946.4545454545455,11.0,5188.6357421875,381167.86313602404,"(946, 1167, 948, 1174)",36,16
67,1179.0,948.0,1.0,3742.04296875,34651.62392145673,"(948, 1179, 949, 1180)",36,16
68,1264.3333333333333,108.66666666666667,3.0,3831.99609375,103954.8717643702,"(108, 1264, 110, 1266)",73,49
68,1254.9259259259259,678.1481481481482,27.0,4387.392578125,935593.8458793318,"(669, 1247, 688, 1261)",79,30
68,1174.1515151515152,947.2121212121212,33.0,7610.18505859375,1143503.5894080722,"(945, 1168, 950, 1181)",36,16
69,1264.0,109.0,3.0,3921.7626953125,103954.8717643702,"(108, 1264, 111, 1265)",73,49
69,55.0,149.5,2.0,3831.7568359375,69303.24784291346,"(149, 55, 151, 56)",52,24
69,1258.0,684.5,2.0,3654.849609375,69303.24784291346,"(684, 1258, 686, 1259)",79,30
69,1169.4,946.2666666666667,15.0,7737.908203125,519774.35882185097,"(945, 1166, 948, 1174)",36,16
69,1176.0,948.0,1.0,3567.50390625,34651.62392145673,"(948, 1176, 949, 1177)",36,16
70,56.666666666666664,149.66666666666666,3.0,4292.26171875,103954.8717643702,"(149, 56, 151, 58)",52,24
70,1176.0,950.0,3.0,4012.931640625,103954.8717643702,"(950, 1175, 951, 1178)",36,16
71,56.9,150.1,10.0,6633.5908203125,346516.23921456735,"(148, 55, 153, 60)",52,24
72,56.6,150.0,10.0,6515.46484375,346516.23921456735,"(148, 54, 152, 59)",52,24
73,1265.0,108.0,3.0,3832.15234375,103954.8717643702,"(107, 1265, 110, 1266)",73,49
73,55.84615384615385,150.07692307692307,13.0,10345.7646484375,450471.11097893753,"(148, 54, 153, 59)",52,24
73,1281.0,802.0,1.0,3567.6494140625,34651.62392145673,"(802, 1281, 803, 1282)",85,47
74,1264.0,108.5,2.0,3742.271484375,69303.24784291346,"(108, 1264, 110, 1265)",73,49
74,56.333333333333336,148.88888888888889,9.0,5188.203125,311864.6152931106,"(146, 54, 152, 59)",52,24
75,1263.5,107.0,2.0,3655.072265625,69303.24784291346,"(107, 1263, 108, 1265)",73,49
75,87.5,125.5,2.0,3742.2646484375,69303.24784291346,"(125, 87, 127, 89)",127,13
75,57.42857142857143,146.28571428571428,7.0,7235.9990234375,242561.3674501971,"(145, 57, 149, 59)",52,24
75,54.2,150.2,5.0,5615.2568359375,173258.11960728368,"(149, 53, 152, 56)",52,24
75,1280.0,801.0,1.0,3567.4150390625,34651.62392145673,"(801, 1280, 802, 1281)",85,47
75,1019.5,962.5,2.0,3742.2646484375,69303.24784291346,"(962, 1019, 964, 1021)",92,40
76,1263.0,106.5,2.0,3741.8955078125,69303.24784291346,"(106, 1263, 108, 1264)",73,49
76,1265.0,107.0,1.0,3654.9169921875,34651.62392145673,"(107, 1265, 108, 1266)",73,49
76,87.0,125.0,1.0,3567.4677734375,34651.62392145673,"(125, 87, 126, 88)",127,13
76,57.5,146.5,2.0,4483.802734375,69303.24784291346,"(146, 57, 148, 59)",52,24
76,54.0,150.0,1.0,4582.0654296875,34651.62392145673,"(150, 54, 151, 55)",52,24
76,1279.0,801.0,1.0,3741.8955078125,34651.62392145673,"(801, 1279, 802, 1280)",85,47
76,1018.0,962.0,1.0,3567.4677734375,34651.62392145673,"(962, 1018, 963, 1019)",92,40
77,1264.5714285714287,107.57142857142857,7.0,4105.8447265625,242561.3674501971,"(106, 1264, 110, 1267)",73,49
77,56.4,148.8,5.0,4105.8447265625,173258.11960728368,"(147, 55, 151, 58)",52,24
77,1280.0,802.0,1.0,3921.9228515625,34651.62392145673,"(802, 1280, 803, 1281)",85,47
78,1264.7142857142858,107.0,7.0,3832.15234375,242561.3674501971,"(106, 1264, 109, 1267)",73,49
78,55.2,151.0,5.0,5292.9287109375,173258.11960728368,"(150, 54, 153, 57)",52,24
78,743.0,499.0,1.0,3567.6494140625,34651.62392145673,"(499, 743, 500, 744)",132,13
78,1281.0,801.5,2.0,4012.95703125,69303.24784291346,"(801, 1281, 803, 1282)",85,47
79,1265.0,108.0,3.0,3654.681640625,103954.8717643702,"(107, 1265, 110, 1266)",73,49
79,57.5,146.5,2.0,3654.681640625,69303.24784291346,"(146, 57, 148, 59)",52,24
79,55.5,152.0,2.0,3567.5498046875,69303.24784291346,"(152, 55, 153, 57)",52,24
79,1281.0,802.0,1.0,4387.5068359375,34651.62392145673,"(802, 1281, 803, 1282)",85,47
80,1264.4,108.6,5.0,3832.1259765625,173258.11960728368,"(107, 1264, 111, 1266)",73,49
80,53.0,154.0,8.0,5084.998046875,277212.99137165386,"(153, 52, 157, 56)",52,24
80,1281.0,802.0,1.0,4291.97900390625,34651.62392145673,"(802, 1281, 803, 1282)",85,47
81,1263.75,109.0,4.0,4013.01953125,138606.49568582693,"(108, 1263, 111, 1265)",73,49
81,51.76923076923077,156.8846153846154,26.0,6633.2880859375,900942.2219578751,"(153, 50, 163, 54)",52,24
81,1280.0,802.0,1.0,4387.2783203125,34651.62392145673,"(802, 1280, 803, 1281)",85,47
82,1264.0,109.0,3.0,4105.486328125,103954.8717643702,"(108, 1264, 111, 1265)",73,49
82,51.333333333333336,156.83333333333334,6.0,4198.2734375,207909.7435287404,"(155, 51, 159, 53)",52,24
82,1280.0,801.5,2.0,4582.0107421875,69303.24784291346,"(801, 1280, 803, 1281)",85,47
83,54.75,143.0,4.0,6633.5830078125,138606.49568582693,"(142, 54, 145, 56)",52,24
83,1281.0,802.5,2.0,5085.1123046875,69303.24784291346,"(802, 1281, 804, 1282)",85,47
83,1019.0,963.0,1.0,3655.072265625,34651.62392145673,"(963, 1019, 964, 1020)",92,40
84,54.5,143.0,2.0,4198.2734375,69303.24784291346,"(143, 54, 144, 56)",52,24
84,55.0,146.0,1.0,3567.4150390625,34651.62392145673,"(146, 55, 147, 56)",52,24
84,1750.0,409.0,1.0,3921.77734375,34651.62392145673,"(409, 1750, 410, 1751)",22,23
84,1316.0,730.0,1.0,3567.4150390625,34651.62392145673,"(730, 1316, 731, 1317)",63,10
84,1280.0,796.0,1.0,3831.7880859375,34651.62392145673,"(796, 1280, 797, 1281)",85,47
84,1281.0,802.5,2.0,5188.623046875,69303.24784291346,"(802, 1281, 804, 1282)",85,47
84,1019.0,963.0,1.0,3567.4150390625,34651.62392145673,"(963, 1019, 964, 1020)",92,40
84,169.0,1614.0,1.0,4291.9931640625,34651.62392145673,"(1614, 169, 1615, 170)",137,43
85,55.0,144.5,2.0,3654.728515625,69303.24784291346,"(144, 55, 146, 56)",52,24
85,1315.0,729.0,1.0,3742.04296875,34651.62392145673,"(729, 1315, 730, 1316)",63,10
85,1281.0,802.5,2.0,5084.9501953125,69303.24784291346,"(802, 1281, 804, 1282)",85,47
86,55.0,144.0,3.0,4582.009765625,103954.8717643702,"(143, 55, 146, 56)",52,24
86,1280.5,802.0,4.0,4198.212890625,138606.49568582693,"(801, 1280, 804, 1282)",85,47
87,90.0,124.0,1.0,3567.7578125,34651.62392145673,"(124, 90, 125, 91)",127,13
87,1279.3333333333333,802.0,3.0,4484.0537109375,103954.8717643702,"(801, 1279, 804, 1281)",85,47
88,1267.3333333333333,107.66666666666667,3.0,4292.17578125,103954.8717643702,"(107, 1267, 109, 1269)",73,49
88,50.0,155.0,1.0,3921.751953125,34651.62392145673,"(155, 50, 156, 51)",52,24
88,1689.5,290.0,4.0,3921.751953125,138606.49568582693,"(290, 1688, 291, 1692)",141,26
88,1279.0,802.0,5.0,5085.10693359375,173258.11960728368,"(800, 1278, 805, 1281)",85,47
88,1167.5,946.0,2.0,3921.751953125,69303.24784291346,"(946, 1167, 947, 1169)",36,16
88,1175.7777777777778,947.6666666666666,9.0,4105.603515625,311864.6152931106,"(947, 1173, 950, 1179)",36,16
88,167.0,1612.0,1.0,3654.720703125,34651.62392145673,"(1612, 167, 1613, 168)",137,43
89,1269.0,108.0,10.0,5293.2392578125,346516.23921456735,"(106, 1268, 110, 1272)",73,49
89,55.0,154.0,1.0,4198.09375,34651.62392145673,"(154, 55, 155, 56)",52,24
89,52.0,155.5,2.0,3832.04248046875,69303.24784291346,"(155, 52, 157, 53)",52,24
89,1689.2941176470588,290.88235294117646,17.0,4581.86279296875,589077.6066647645,"(290, 1685, 293, 1696)",141,26
89,1281.0,803.2,5.0,4981.677734375,173258.11960728368,"(802, 1280, 806, 1283)",85,47
90,14.0,73.0,1.0,3654.9091796875,34651.62392145673,"(73, 14, 74, 15)",107,11
90,1268.888888888889,107.77777777777777,9.0,4680.0966796875,311864.6152931106,"(106, 1268, 111, 1271)",73,49
90,1688.4333333333334,291.4,30.0,5833.8359375,1039548.7176437019,"(290, 1682, 294, 1696)",141,26
90,1281.3333333333333,803.8333333333334,6.0,5506.6142578125,207909.7435287404,"(802, 1281, 806, 1283)",85,47
90,1173.0,948.0,1.0,3741.9541015625,34651.62392145673,"(948, 1173, 949, 1174)",36,16
90,1180.0,949.0,1.0,3567.4619140625,34651.62392145673,"(949, 1180, 950, 1181)",36,16
91,1268.1818181818182,107.0,22.0,4981.7783203125,762335.7262720481,"(104, 1266, 111, 1271)",73,49
91,55.0,154.0,1.0,3742.02783203125,34651.62392145673,"(154, 55, 155, 56)",52,24
91,54.0,156.0,1.0,3742.02783203125,34651.62392145673,"(156, 54, 157, 55)",52,24
91,60.0,156.5,2.0,4105.80615234375,69303.24784291346,"(156, 60, 158, 61)",52,24
91,1689.1842105263158,292.0,38.0,4881.18115234375,1316761.709015356,"(290, 1681, 295, 1699)",141,26
91,1281.4,803.6,5.0,5085.20849609375,173258.11960728368,"(802, 1281, 806, 1283)",85,47
92,14.5,72.0,2.0,3655.072265625,69303.24784291346,"(72, 14, 73, 16)",107,11
92,1269.037037037037,106.44444444444444,27.0,5945.3740234375,935593.8458793318,"(102, 1267, 111, 1272)",73,49
92,1690.1190476190477,291.5,42.0,5833.935546875,1455368.2047011827,"(290, 1682, 294, 1699)",141,26
92,1282.1666666666667,803.3333333333334,6.0,5398.9091796875,207909.7435287404,"(802, 1281, 806, 1284)",85,47
93,1268.2758620689656,106.03448275862068,29.0,5614.9853515625,1004897.0937222452,"(102, 1267, 111, 1271)",73,49
93,1690.0,290.04,25.0,5085.1484375,866290.5980364183,"(289, 1684, 293, 1697)",141,26
93,1692.0,305.5,2.0,4012.9921875,69303.24784291346,"(305, 1692, 307, 1693)",141,26
93,1281.5,802.5,6.0,5293.19921875,207909.7435287404,"(801, 1281, 805, 1283)",85,47
93,163.5,1610.0,2.0,4387.484375,69303.24784291346,"(1610, 163, 1611, 165)",137,43
94,1268.4761904761904,106.14285714285714,21.0,4679.91259765625,727684.1023505913,"(102, 1267, 110, 1271)",73,49
94,1272.0,107.0,1.0,3567.689453125,34651.62392145673,"(107, 1272, 108, 1273)",73,49
94,1281.0,107.0,1.0,3654.76953125,34651.62392145673,"(107, 1281, 108, 1282)",73,49
94,740.0,499.0,1.0,3654.76953125,34651.62392145673,"(499, 740, 500, 741)",132,13
94,742.0,499.0,1.0,3654.76953125,34651.62392145673,"(499, 742, 500, 743)",132,13
94,1281.1666666666667,803.3333333333334,6.0,5188.40185546875,207909.7435287404,"(802, 1280, 806, 1283)",85,47
94,151.0,1609.0,1.0,3567.689453125,34651.62392145673,"(1609, 151, 1610, 152)",137,43
95,15.142857142857142,72.85714285714286,7.0,4198.2373046875,242561.3674501971,"(71, 14, 75, 17)",107,11
95,1269.4074074074074,108.29629629629629,27.0,4387.291015625,935593.8458793318,"(105, 1266, 113, 1274)",73,49
95,1281.0,109.0,1.0,3742.154296875,34651.62392145673,"(109, 1281, 110, 1282)",73,49
95,1686.0,291.0,1.0,3567.8134765625,34651.62392145673,"(291, 1686, 292, 1687)",141,26
95,1689.875,292.875,8.0,3922.01318359375,277212.99137165386,"(292, 1687, 294, 1694)",141,26
95,742.0,500.0,1.0,3831.8994140625,34651.62392145673,"(500, 742, 501, 743)",132,13
95,739.0,501.0,1.0,3567.8134765625,34651.62392145673,"(501, 739, 502, 740)",132,13
95,1281.6,804.4,5.0,4780.47900390625,173258.11960728368,"(803, 1281, 807, 1283)",85,47
95,1288.0,803.0,1.0,3654.9833984375,34651.62392145673,"(803, 1288, 804, 1289)",85,47
95,151.0,1610.0,1.0,4013.2294921875,34651.62392145673,"(1610, 151, 1611, 152)",137,43
96,15.333333333333334,72.66666666666667,3.0,4105.61181640625,103954.8717643702,"(72, 15, 74, 17)",107,11
96,1268.4,107.0,25.0,4105.61181640625,866290.5980364183,"(104, 1265, 111, 1272)",73,49
96,1272.6666666666667,107.0,3.0,3654.89501953125,103954.8717643702,"(106, 1272, 109, 1274)",73,49
96,1692.8333333333333,292.6666666666667,6.0,3742.140625,207909.7435287404,"(292, 1691, 294, 1696)",141,26
96,1879.5,497.0,2.0,3921.986328125,69303.24784291346,"(497, 1879, 498, 1881)",67,47
96,741.0,499.5,2.0,3654.89501953125,69303.24784291346,"(499, 741, 501, 742)",132,13
96,743.0,499.0,1.0,3654.89501953125,34651.62392145673,"(499, 743, 500, 744)",132,13
96,1282.0,803.0,3.0,4881.05908203125,103954.8717643702,"(802, 1282, 805, 1283)",85,47
96,1289.0,803.0,1.0,3831.90625,34651.62392145673,"(803, 1289, 804, 1290)",85,47
97,15.0,72.0,1.0,4198.326171875,34651.62392145673,"(72, 15, 73, 16)",107,11
97,1269.0740740740741,106.77777777777777,27.0,4198.326171875,935593.8458793318,"(104, 1266, 110, 1274)",73,49
97,1272.0,104.0,1.0,3567.75830078125,34651.62392145673,"(104, 1272, 105, 1273)",73,49
97,1880.0,496.0,1.0,4387.43505859375,34651.62392145673,"(496, 1880, 497, 1881)",67,47
97,1285.0,799.0,1.0,3567.75830078125,34651.62392145673,"(799, 1285, 800, 1286)",85,47
97,1282.0,802.5,2.0,4105.75732421875,69303.24784291346,"(802, 1282, 804, 1283)",85,47
97,1289.0,802.0,1.0,3832.0224609375,34651.62392145673,"(802, 1289, 803, 1290)",85,47
97,1182.0,948.0,1.0,3567.75830078125,34651.62392145673,"(948, 1182, 949, 1183)",36,16
98,1266.95,107.85,20.0,4679.93408203125,693032.4784291347,"(105, 1265, 113, 1271)",73,49
98,1879.5,496.5,2.0,4105.58154296875,69303.24784291346,"(496, 1879, 498, 1881)",67,47
98,1281.5,802.0,4.0,3921.73291015625,138606.49568582693,"(801, 1281, 804, 1283)",85,47
98,1289.0,802.0,1.0,3567.71875,34651.62392145673,"(802, 1289, 803, 1290)",85,47
98,1182.5,948.0,2.0,3654.73095703125,69303.24784291346,"(948, 1182, 949, 1184)",36,16
99,1264.9473684210527,105.94736842105263,19.0,4581.89306640625,658380.854507678,"(102, 1264, 111, 1267)",73,49
99,1293.0,120.0,1.0,3567.677734375,34651.62392145673,"(120, 1293, 121, 1294)",73,49
99,1878.0,494.5,2.0,4780.5185546875,69303.24784291346,"(494, 1878, 496, 1879)",67,47
99,1885.0,496.0,1.0,4013.0888671875,34651.62392145673,"(496, 1885, 497, 1886)",67,47
99,1279.6666666666667,800.3333333333334,3.0,4581.89306640625,103954.8717643702,"(800, 1279, 802, 1281)",85,47
99,1287.0,800.0,1.0,3567.677734375,34651.62392145673,"(800, 1287, 801, 1288)",85,47
99,1017.0,960.5,2.0,3654.88525390625,69303.24784291346,"(960, 1017, 962, 1018)",92,40
100,1264.0,106.70588235294117,17.0,4292.07177734375,589077.6066647645,"(103, 1263, 112, 1266)",73,49
100,1292.3333333333333,120.66666666666667,3.0,3742.140625,103954.8717643702,"(120, 1292, 122, 1294)",73,49
100,1692.0,305.0,1.0,4780.5849609375,34651.62392145673,"(305, 1692, 306, 1693)",141,26
100,1884.0,497.0,1.0,3567.6494140625,34651.62392145673,"(497, 1884, 498, 1885)",67,47
100,1279.0,801.0,3.0,4581.8408203125,103954.8717643702,"(800, 1279, 803, 1280)",85,47
100,1016.6666666666666,960.6666666666666,3.0,3742.140625,103954.8717643702,"(960, 1016, 962, 1018)",92,40
101,693.5,63.0,2.0,3742.0625,69303.24784291346,"(63, 693, 64, 695)",41,22
101,14.5,72.0,2.0,3831.96240234375,69303.24784291346,"(72, 14, 73, 16)",107,11
101,1693.0,305.5,4.0,5085.04248046875,138606.49568582693,"(305, 1692, 307, 1695)",141,26
101,1281.0,801.5,2.0,4483.9794921875,69303.24784291346,"(801, 1281, 803, 1282)",85,47
101,1018.5,962.5,2.0,3654.75927734375,69303.24784291346,"(962, 1018, 964, 1020)",92,40
101,1016.5,965.0,2.0,3831.96240234375,69303.24784291346,"(965, 1016, 966, 1018)",92,40
102,14.5,72.0,2.0,3832.0341796875,69303.24784291346,"(72, 14, 73, 16)",107,11
102,1272.0,101.0,1.0,3567.57666015625,34651.62392145673,"(101, 1272, 102, 1273)",73,49
102,1299.0,128.0,1.0,3742.060546875,34651.62392145673,"(128, 1299, 129, 1300)",73,49
102,1693.5,306.0,2.0,3742.060546875,69303.24784291346,"(306, 1693, 307, 1695)",141,26
102,1281.5,802.5,4.0,4981.76611328125,138606.49568582693,"(802, 1281, 804, 1283)",85,47
102,1017.0,965.5,2.0,3567.57666015625,69303.24784291346,"(965, 1017, 967, 1018)",92,40
102,1146.0,1468.0,1.0,3742.060546875,34651.62392145673,"(1468, 1146, 1469, 1147)",156,32
103,1282.0,802.0,3.0,5188.6298828125,103954.8717643702,"(801, 1282, 804, 1283)",85,47
103,1146.0,1468.0,1.0,3921.96484375,34651.62392145673,"(1468, 1146, 1469, 1147)",156,32
104,1265.0,106.0,1.0,3567.8447265625,34651.62392145673,"(106, 1265, 107, 1266)",73,49
104,1293.5,120.0,2.0,3654.87890625,69303.24784291346,"(120, 1293, 121, 1295)",73,49
104,87.5,125.0,2.0,3567.8447265625,69303.24784291346,"(125, 87, 126, 89)",127,13
104,1281.0,801.5,2.0,4387.2255859375,69303.24784291346,"(801, 1281, 803, 1282)",85,47
104,1018.0,962.5,2.0,3741.9130859375,69303.24784291346,"(962, 1018, 964, 1019)",92,40
104,1145.0,1467.0,1.0,5615.16796875,34651.62392145673,"(1467, 1145, 1468, 1146)",156,32
105,14.0,72.5,2.0,4105.587890625,69303.24784291346,"(72, 14, 74, 15)",107,11
105,1693.0,306.0,1.0,3654.8642578125,34651.62392145673,"(306, 1693, 307, 1694)",141,26
105,1281.0,803.0,1.0,4198.1650390625,34651.62392145673,"(803, 1281, 804, 1282)",85,47
105,1018.0,964.0,1.0,3567.779296875,34651.62392145673,"(964, 1018, 965, 1019)",92,40
105,1020.0,967.0,1.0,3741.94921875,34651.62392145673,"(967, 1020, 968, 1021)",92,40
106,693.0,65.0,1.0,3831.80712890625,34651.62392145673,"(65, 693, 66, 694)",41,22
106,1693.0,305.25,4.0,4484.0234375,138606.49568582693,"(305, 1692, 307, 1695)",141,26
106,1283.0,803.5,2.0,4484.0234375,69303.24784291346,"(803, 1283, 805, 1284)",85,47
106,1256.0,916.6666666666666,3.0,4198.24365234375,103954.8717643702,"(916, 1255, 918, 1258)",160,12
106,1019.0,963.0,1.0,3654.82666015625,34651.62392145673,"(963, 1019, 964, 1020)",92,40
106,1021.3333333333334,967.3333333333334,3.0,3921.748046875,103954.8717643702,"(967, 1021, 969, 1023)",92,40
107,692.0,64.5,2.0,4292.0595703125,69303.24784291346,"(64, 692, 66, 693)",41,22
107,15.0,72.0,1.0,3742.14111328125,34651.62392145673,"(72, 15, 73, 16)",107,11
107,1283.0,804.0,1.0,4198.205078125,34651.62392145673,"(804, 1283, 805, 1284)",85,47
107,1256.5,916.0,4.0,4013.02587890625,138606.49568582693,"(915, 1256, 918, 1258)",160,12
107,1136.0,940.0,1.0,3567.64013671875,34651.62392145673,"(940, 1136, 941, 1137)",161,26
108,15.0,72.0,1.0,3832.08935546875,34651.62392145673,"(72, 15, 73, 16)",107,11
108,619.0,393.0,3.0,6871.09912109375,103954.8717643702,"(393, 618, 394, 621)",162,10
108,752.0,499.0,1.0,3567.5419921875,34651.62392145673,"(499, 752, 500, 753)",132,13
108,1282.0,801.0,1.0,3742.0849609375,34651.62392145673,"(801, 1282, 802, 1283)",85,47
108,1283.0,803.0,1.0,3921.72900390625,34651.62392145673,"(803, 1283, 804, 1284)",85,47
108,1256.0,916.0,1.0,3832.08935546875,34651.62392145673,"(916, 1256, 917, 1257)",160,12
108,1135.0,940.0,1.0,3832.08935546875,34651.62392145673,"(940, 1135, 941, 1136)",161,26
108,1018.6,963.8,5.0,4105.74560546875,173258.11960728368,"(963, 1018, 966, 1020)",92,40
109,619.2,391.6,5.0,5506.5439453125,173258.11960728368,"(391, 618, 393, 621)",162,10
109,1281.75,801.75,4.0,4013.02587890625,138606.49568582693,"(801, 1281, 804, 1283)",85,47
109,1289.0,801.0,1.0,3654.75,34651.62392145673,"(801, 1289, 802, 1290)",85,47
109,1017.6,962.8,5.0,4292.0595703125,173258.11960728368,"(962, 1017, 965, 1019)",92,40
109,676.0,1285.0,1.0,3654.75,34651.62392145673,"(1285, 676, 1286, 677)",34,10
110,1281.0,802.5,4.0,4387.4375,138606.49568582693,"(801, 1281, 805, 1282)",85,47
110,1134.0,940.0,1.0,3742.05908203125,34651.62392145673,"(940, 1134, 941, 1135)",161,26
110,1017.5,963.5,4.0,3921.87939453125,138606.49568582693,"(963, 1017, 965, 1019)",92,40
110,1141.0,1470.0,1.0,4581.91845703125,34651.62392145673,"(1470, 1141, 1471, 1142)",156,32
111,1746.0,408.0,1.0,3742.18896484375,34651.62392145673,"(408, 1746, 409, 1747)",22,23
111,752.0,499.0,1.0,3567.666015625,34651.62392145673,"(499, 752, 500, 753)",132,13
111,1282.0,802.5,4.0,4483.912109375,138606.49568582693,"(801, 1282, 805, 1283)",85,47
111,1135.0,940.0,1.0,3742.18896484375,34651.62392145673,"(940, 1135, 941, 1136)",161,26
111,1018.6666666666666,963.3333333333334,3.0,3921.8251953125,103954.8717643702,"(963, 1018, 965, 1020)",92,40
111,1142.5,1469.5,2.0,4780.46533203125,69303.24784291346,"(1469, 1142, 1471, 1144)",156,32
112,1281.5,801.5,2.0,3921.8359375,69303.24784291346,"(801, 1281, 803, 1283)",85,47
112,1134.5,940.0,2.0,3654.908203125,69303.24784291346,"(940, 1134, 941, 1136)",161,26
112,1017.5,963.0,2.0,4198.416015625,69303.24784291346,"(963, 1017, 964, 1019)",92,40
113,1281.5,802.0,2.0,3567.5537109375,69303.24784291346,"(802, 1281, 803, 1283)",85,47
113,1135.0,940.0,1.0,3567.5537109375,34651.62392145673,"(940, 1135, 941, 1136)",161,26
113,1018.0,963.5,2.0,3831.9912109375,69303.24784291346,"(963, 1018, 965, 1019)",92,40
113,177.0,1616.6666666666667,3.0,3655.025390625,103954.8717643702,"(1616, 176, 1618, 179)",137,43
114,1289.0,801.0,1.0,3567.544921875,34651.62392145673,"(801, 1289, 802, 1290)",85,47
114,1282.0,802.0,1.0,3741.8984375,34651.62392145673,"(802, 1282, 803, 1283)",85,47
114,1135.0,940.0,1.0,3654.7216796875,34651.62392145673,"(940, 1135, 941, 1136)",161,26
114,1018.5,963.0,2.0,3741.8984375,69303.24784291346,"(963, 1018, 964, 1020)",92,40
114,1144.0,1469.0,1.0,3654.7216796875,34651.62392145673,"(1469, 1144, 1470, 1145)",156,32
114,177.83333333333334,1617.0,6.0,6515.42578125,207909.7435287404,"(1616, 176, 1619, 181)",137,43
115,1691.5,294.0,2.0,3831.76171875,69303.24784291346,"(294, 1691, 295, 1693)",141,26
115,1879.3333333333333,495.3333333333333,3.0,3921.8759765625,103954.8717643702,"(495, 1879, 497, 1881)",67,47
115,752.0,497.0,1.0,3567.7861328125,34651.62392145673,"(497, 752, 498, 753)",132,13
115,1018.0,962.0,1.0,3742.1376953125,34651.62392145673,"(962, 1018, 963, 1019)",92,40
115,1142.0,1469.0,1.0,5188.369140625,34651.62392145673,"(1469, 1142, 1470, 1143)",156,32
115,173.0,1614.0,1.0,3567.7861328125,34651.62392145673,"(1614, 173, 1615, 174)",137,43
115,177.0,1616.0,7.0,6633.6201171875,242561.3674501971,"(1615, 175, 1618, 180)",137,43
115,181.0,1618.0,1.0,3831.76171875,34651.62392145673,"(1618, 181, 1619, 182)",137,43
116,1879.6666666666667,496.6666666666667,3.0,4012.8740234375,103954.8717643702,"(496, 1879, 498, 1881)",67,47
116,1249.0,919.0,1.0,3567.6357421875,34651.62392145673,"(919, 1249, 920, 1250)",160,12
116,1019.0,963.0,1.0,3921.76953125,34651.62392145673,"(963, 1019, 964, 1020)",92,40
116,1142.5,1470.0,4.0,5293.2412109375,138606.49568582693,"(1469, 1141, 1472, 1145)",156,32
116,178.30769230769232,1617.4615384615386,13.0,10493.56640625,450471.11097893753,"(1616, 175, 1620, 183)",137,43
117,1692.5,296.0,2.0,3655.0458984375,69303.24784291346,"(296, 1692, 297, 1694)",141,26
117,1137.0,941.0,1.0,3567.8251953125,34651.62392145673,"(941, 1137, 942, 1138)",161,26
117,1143.5,1471.0,2.0,3742.2666015625,69303.24784291346,"(1471, 1143, 1472, 1145)",156,32
117,179.125,1618.6666666666667,24.0,16512.529296875,831638.9741149616,"(1616, 174, 1622, 185)",137,43
118,1414.2857142857142,849.5714285714286,7.0,4780.4384765625,242561.3674501971,"(849, 1413, 851, 1417)",171,23
118,172.0,1615.0,1.0,3921.9814453125,34651.62392145673,"(1615, 172, 1616, 173)",137,43
118,179.04,1618.36,25.0,18229.970703125,866290.5980364183,"(1616, 174, 1622, 185)",137,43
119,1880.6666666666667,496.6666666666667,3.0,3832.009765625,103954.8717643702,"(496, 1880, 498, 1882)",67,47
119,1136.0,941.0,1.0,3567.783203125,34651.62392145673,"(941, 1136, 942, 1137)",161,26
119,179.83333333333334,1618.75,24.0,18821.6875,831638.9741149616,"(1616, 175, 1623, 186)",137,43
120,1147.0,1473.0,1.0,3654.697265625,34651.62392145673,"(1473, 1147, 1474, 1148)",156,32
120,174.6216216216216,1616.2972972972973,37.0,11248.8603515625,1282110.0850938992,"(1613, 167, 1622, 183)",137,43
121,1879.75,496.25,4.0,5188.41064453125,138606.49568582693,"(496, 1879, 498, 1882)",67,47
121,1147.0,1472.0,1.0,3567.533203125,34651.62392145673,"(1472, 1147, 1473, 1148)",156,32
121,173.6595744680851,1615.659574468085,47.0,15415.0703125,1628626.3243084664,"(1612, 164, 1622, 183)",137,43
122,1257.0,112.0,1.0,3831.90234375,34651.62392145673,"(112, 1257, 113, 1258)",73,49
122,1882.7777777777778,496.55555555555554,9.0,5945.31103515625,311864.6152931106,"(496, 1881, 498, 1886)",67,47
122,1323.0,730.0,1.0,3654.76416015625,34651.62392145673,"(730, 1323, 731, 1324)",63,10
122,1135.0,941.0,1.0,3567.68505859375,34651.62392145673,"(941, 1135, 942, 1136)",161,26
122,1150.0,1471.0,1.0,3654.76416015625,34651.62392145673,"(1471, 1150, 1472, 1151)",156,32
123,1882.5,497.6,10.0,6515.2685546875,346516.23921456735,"(497, 1880, 499, 1886)",67,47
123,1143.0,1471.5,4.0,6751.56787109375,138606.49568582693,"(1471, 1142, 1473, 1145)",156,32
123,155.5,1614.0,2.0,3921.8427734375,69303.24784291346,"(1614, 155, 1615, 157)",137,43
124,90.0,125.75,4.0,4105.4697265625,138606.49568582693,"(125, 89, 127, 92)",127,13
124,1880.0,495.5,6.0,4780.537109375,207909.7435287404,"(495, 1879, 497, 1882)",67,47
124,1018.6666666666666,964.0,3.0,3742.15625,103954.8717643702,"(963, 1018, 966, 1020)",92,40
124,1140.8,1470.4,5.0,8926.34765625,173258.11960728368,"(1470, 1140, 1472, 1143)",156,32
124,153.66666666666666,1612.3333333333333,3.0,5399.228515625,103954.8717643702,"(1612, 153, 1614, 155)",137,43
124,162.0,1614.0,1.0,3831.7802734375,34651.62392145673,"(1614, 162, 1615, 163)",137,43
125,1878.8,495.4,5.0,4780.5517578125,173258.11960728368,"(495, 1878, 497, 1881)",67,47
125,1251.0,919.0,1.0,3831.763671875,34651.62392145673,"(919, 1251, 920, 1252)",160,12
125,1017.3333333333334,962.6666666666666,3.0,3742.01953125,103954.8717643702,"(962, 1017, 964, 1019)",92,40
125,1142.5,1468.0,2.0,4679.9541015625,69303.24784291346,"(1468, 1142, 1469, 1144)",156,32
125,1139.8,1470.4,5.0,9341.2431640625,173258.11960728368,"(1470, 1139, 1472, 1142)",156,32
125,153.55555555555554,1608.4444444444443,9.0,5188.3671875,311864.6152931106,"(1608, 150, 1610, 158)",137,43
125,153.5,1612.75,8.0,5293.138671875,277212.99137165386,"(1612, 152, 1615, 156)",137,43
125,160.0,1613.6,5.0,4780.5517578125,173258.11960728368,"(1613, 158, 1615, 163)",137,43
126,1575.0,469.0,1.0,3654.8408203125,34651.62392145673,"(469, 1575, 470, 1576)",174,29
126,1879.875,495.875,8.0,7113.708984375,277212.99137165386,"(495, 1879, 498, 1882)",67,47
126,1251.0,920.0,1.0,3921.9345703125,34651.62392145673,"(920, 1251, 921, 1252)",160,12
126,1018.0,965.0,1.0,3654.8408203125,34651.62392145673,"(965, 1018, 966, 1019)",92,40
126,1143.0,1469.0,1.0,3742.0634765625,34651.62392145673,"(1469, 1143, 1470, 1144)",156,32
126,1153.5,1469.0,6.0,5188.544921875,207909.7435287404,"(1469, 1151, 1470, 1157)",156,32
126,1140.0,1471.5,6.0,10642.689453125,207909.7435287404,"(1471, 1139, 1473, 1142)",156,32
126,157.0,1610.0,1.0,3654.8408203125,34651.62392145673,"(1610, 157, 1611, 158)",137,43
126,153.66666666666666,1613.3333333333333,9.0,4981.96484375,311864.6152931106,"(1613, 151, 1615, 157)",137,43
126,162.5,1615.0,2.0,4105.5615234375,69303.24784291346,"(1615, 162, 1616, 164)",137,43
127,1290.5,96.0,4.0,4981.73046875,138606.49568582693,"(95, 1290, 98, 1292)",73,49
127,1880.8333333333333,497.1666666666667,6.0,5506.392578125,207909.7435287404,"(496, 1880, 499, 1883)",67,47
127,1252.0,921.0,1.0,3831.82275390625,34651.62392145673,"(921, 1252, 922, 1253)",160,12
127,1133.0,940.5,2.0,4105.671875,69303.24784291346,"(940, 1133, 942, 1134)",161,26
127,1144.5,1469.5,2.0,4881.14599609375,69303.24784291346,"(1469, 1144, 1471, 1146)",156,32
127,1156.142857142857,1469.5714285714287,7.0,5945.07080078125,242561.3674501971,"(1469, 1154, 1471, 1159)",156,32
127,1141.5,1472.6666666666667,6.0,16512.609375,207909.7435287404,"(1472, 1140, 1474, 1144)",156,32
127,161.5,1610.0,2.0,3831.82275390625,69303.24784291346,"(1610, 161, 1611, 163)",137,43
127,162.5,1612.5,4.0,3654.98876953125,138606.49568582693,"(1612, 161, 1614, 165)",137,43
128,1881.75,497.25,4.0,4981.7587890625,138606.49568582693,"(497, 1881, 499, 1884)",67,47
128,1289.0,800.0,1.0,3654.9677734375,34651.62392145673,"(800, 1289, 801, 1290)",85,47
128,1134.0,940.5,2.0,4292.2578125,69303.24784291346,"(940, 1134, 942, 1135)",161,26
128,1145.0,1470.0,1.0,3832.052734375,34651.62392145673,"(1470, 1145, 1471, 1146)",156,32
128,1157.0,1470.0,3.0,4881.10546875,103954.8717643702,"(1470, 1156, 1471, 1159)",156,32
128,1142.6,1472.6,5.0,8387.0087890625,173258.11960728368,"(1472, 1141, 1474, 1145)",156,32
128,154.0,1614.6666666666667,3.0,3921.94091796875,103954.8717643702,"(1614, 153, 1616, 156)",137,43
128,157.0,1616.0,1.0,3742.16455078125,34651.62392145673,"(1616, 157, 1617, 158)",137,43
128,159.0,1616.0,1.0,3567.501953125,34651.62392145673,"(1616, 159, 1617, 160)",137,43
128,165.5,1616.125,8.0,4105.75390625,277212.99137165386,"(1616, 162, 1618, 170)",137,43
129,99.0,192.0,1.0,3654.91064453125,34651.62392145673,"(192, 99, 193, 100)",43,17
129,99.0,195.0,1.0,3654.91064453125,34651.62392145673,"(195, 99, 196, 100)",43,17
129,1882.0,497.0,1.0,4387.3076171875,34651.62392145673,"(497, 1882, 498, 1883)",67,47
129,1289.5,800.5,2.0,3742.18994140625,69303.24784291346,"(800, 1289, 802, 1291)",85,47
129,1134.0,941.0,1.0,3832.052734375,34651.62392145673,"(941, 1134, 942, 1135)",161,26
129,1153.0,1470.0,1.0,3567.6318359375,34651.62392145673,"(1470, 1153, 1471, 1154)",156,32
129,1142.6666666666667,1472.6666666666667,3.0,5399.0537109375,103954.8717643702,"(1472, 1142, 1474, 1144)",156,32
129,170.0,1613.0,1.0,3832.052734375,34651.62392145673,"(1613, 170, 1614, 171)",137,43
129,178.89473684210526,1617.921052631579,38.0,15236.595703125,1316761.709015356,"(1614, 172, 1623, 188)",137,43
130,99.0,195.25,4.0,6399.9287109375,138606.49568582693,"(195, 98, 197, 101)",43,17
130,1576.0,473.0,1.0,3567.69970703125,34651.62392145673,"(473, 1576, 474, 1577)",174,29
130,1575.0,476.0,1.0,3567.69970703125,34651.62392145673,"(476, 1575, 477, 1576)",174,29
130,752.0,499.0,1.0,3654.79052734375,34651.62392145673,"(499, 752, 500, 753)",132,13
130,939.0,876.5,2.0,4581.974609375,69303.24784291346,"(876, 939, 878, 940)",38,25
130,1145.0,1469.0,1.0,4780.6025390625,34651.62392145673,"(1469, 1145, 1470, 1146)",156,32
130,1154.0,1469.0,5.0,4780.6025390625,173258.11960728368,"(1469, 1152, 1470, 1157)",156,32
130,1142.0,1472.5,4.0,6170.48828125,138606.49568582693,"(1472, 1141, 1474, 1144)",156,32
130,153.5,1613.5,4.0,4387.421875,138606.49568582693,"(1613, 153, 1615, 155)",137,43
130,177.10344827586206,1616.0689655172414,29.0,9765.142578125,1004897.0937222452,"(1613, 171, 1620, 185)",137,43
130,160.5,1614.0,2.0,4483.9345703125,69303.24784291346,"(1614, 160, 1615, 162)",137,43
131,97.75,193.75,8.0,8789.552734375,277212.99137165386,"(191, 97, 197, 99)",43,17
131,1576.0,472.0,1.0,3567.49560546875,34651.62392145673,"(472, 1576, 473, 1577)",174,29
131,1575.0,474.5,2.0,3921.92041015625,69303.24784291346,"(474, 1575, 476, 1576)",174,29
131,1258.5,705.0,4.0,3742.09619140625,138606.49568582693,"(704, 1258, 707, 1260)",79,30
131,1251.0,921.0,1.0,3742.09619140625,34651.62392145673,"(921, 1251, 922, 1252)",160,12
131,1153.5,1468.0,4.0,4198.255859375,138606.49568582693,"(1468, 1152, 1469, 1156)",156,32
131,152.7,1612.6,10.0,5399.01025390625,346516.23921456735,"(1612, 150, 1614, 157)",137,43
131,174.76923076923077,1614.7692307692307,39.0,18035.38671875,1351413.3329368127,"(1612, 167, 1620, 184)",137,43
131,1819.0,2022.0,1.0,3742.09619140625,34651.62392145673,"(2022, 1819, 2023, 1820)",19,47
132,93.0,124.84615384615384,13.0,4881.1904296875,450471.11097893753,"(124, 90, 127, 97)",127,13
132,97.72727272727273,193.27272727272728,11.0,8387.134765625,381167.86313602404,"(191, 97, 197, 100)",43,17
132,96.0,196.0,1.0,3654.7021484375,34651.62392145673,"(196, 96, 197, 97)",43,17
132,96.4,202.0,5.0,4780.51318359375,173258.11960728368,"(200, 96, 205, 98)",43,17
132,1576.0,472.5,2.0,3654.7021484375,69303.24784291346,"(472, 1576, 474, 1577)",174,29
132,1575.0,476.0,1.0,3742.0546875,34651.62392145673,"(476, 1575, 477, 1576)",174,29
132,1885.0,494.0,1.0,3742.0546875,34651.62392145673,"(494, 1885, 495, 1886)",67,47
132,1289.0,800.0,1.0,3567.64599609375,34651.62392145673,"(800, 1289, 801, 1290)",85,47
132,938.0,877.0,1.0,3832.072265625,34651.62392145673,"(877, 938, 878, 939)",38,25
132,1021.0,967.0,1.0,3567.64599609375,34651.62392145673,"(967, 1021, 968, 1022)",92,40
132,1143.0,1470.0,1.0,4012.99560546875,34651.62392145673,"(1470, 1143, 1471, 1144)",156,32
133,1264.0,103.0,1.0,3742.0068359375,34651.62392145673,"(103, 1264, 104, 1265)",73,49
133,97.125,196.0625,16.0,5188.28564453125,554425.9827433077,"(191, 95, 201, 99)",43,17
133,1884.4,496.4,5.0,5188.28564453125,173258.11960728368,"(496, 1883, 498, 1887)",67,47
133,1251.0,923.0,1.0,3567.5927734375,34651.62392145673,"(923, 1251, 924, 1252)",160,12
133,1136.0,943.0,1.0,3742.0068359375,34651.62392145673,"(943, 1136, 944, 1137)",161,26
133,1155.5,1469.0,4.0,4105.72802734375,138606.49568582693,"(1469, 1154, 1470, 1158)",156,32
133,1142.2,1473.4,5.0,5615.21923828125,173258.11960728368,"(1472, 1141, 1475, 1144)",156,32
133,160.0,1613.0,1.0,3654.96533203125,34651.62392145673,"(1613, 160, 1614, 161)",137,43
134,98.0,191.0,3.0,5506.3564453125,103954.8717643702,"(190, 98, 193, 99)",43,17
134,97.0,196.5,2.0,3741.8486328125,69303.24784291346,"(196, 97, 198, 98)",43,17
134,1885.0,495.25,8.0,5188.4189453125,277212.99137165386,"(494, 1883, 497, 1888)",67,47
134,1154.0,1467.5,6.0,5614.9775390625,207909.7435287404,"(1467, 1152, 1469, 1157)",156,32
134,1160.0,1467.0,1.0,3654.671875,34651.62392145673,"(1467, 1160, 1468, 1161)",156,32
134,1146.0,1468.0,1.0,3741.8486328125,34651.62392145673,"(1468, 1146, 1469, 1147)",156,32
134,1142.5,1471.8333333333333,6.0,4679.8115234375,207909.7435287404,"(1470, 1141, 1474, 1145)",156,32
134,172.02272727272728,1614.3636363636363,44.0,7993.91796875,1524671.4525440962,"(1611, 159, 1620, 186)",137,43
135,97.0,189.0,3.0,6170.669921875,103954.8717643702,"(188, 97, 191, 98)",43,17
135,1698.0,283.0,1.0,3567.4951171875,34651.62392145673,"(283, 1698, 284, 1699)",141,26
135,1700.0,283.0,1.0,3567.4951171875,34651.62392145673,"(283, 1700, 284, 1701)",141,26
135,1884.0,495.5,2.0,4105.4716796875,69303.24784291346,"(495, 1884, 497, 1885)",67,47
135,1887.0,495.0,1.0,3741.8486328125,34651.62392145673,"(495, 1887, 496, 1888)",67,47
135,1138.0,942.0,1.0,3567.4951171875,34651.62392145673,"(942, 1138, 943, 1139)",161,26
135,1154.2222222222222,1467.5555555555557,9.0,6751.5361328125,311864.6152931106,"(1467, 1152, 1469, 1157)",156,32
135,1142.0,1472.0,3.0,3831.822265625,103954.8717643702,"(1471, 1141, 1474, 1144)",156,32
135,171.33333333333334,1614.6153846153845,39.0,6400.0322265625,1351413.3329368127,"(1611, 157, 1620, 185)",137,43
135,170.0,1612.0,1.0,3831.822265625,34651.62392145673,"(1612, 170, 1613, 171)",137,43
136,96.25,189.25,4.0,5614.923828125,138606.49568582693,"(188, 96, 191, 98)",43,17
136,1697.0,283.0,1.0,3567.5224609375,34651.62392145673,"(283, 1697, 284, 1698)",141,26
136,1700.0,283.0,1.0,3654.7314453125,34651.62392145673,"(283, 1700, 284, 1701)",141,26
136,1884.5,495.0,2.0,4198.111328125,69303.24784291346,"(495, 1884, 496, 1886)",67,47
136,1250.0,681.0,1.0,3654.7314453125,34651.62392145673,"(681, 1250, 682, 1251)",79,30
136,1153.888888888889,1467.5555555555557,9.0,7359.55224609375,311864.6152931106,"(1467, 1151, 1469, 1157)",156,32
136,1141.6,1472.2,5.0,5506.248046875,173258.11960728368,"(1471, 1141, 1474, 1143)",156,32
136,160.5,1612.0,2.0,3831.8330078125,69303.24784291346,"(1612, 160, 1613, 162)",137,43
136,168.5,1614.0,2.0,3831.8330078125,69303.24784291346,"(1614, 168, 1615, 170)",137,43
136,178.7,1617.5,20.0,7484.32861328125,693032.4784291347,"(1615, 171, 1621, 186)",137,43
137,94.25,187.25,4.0,4387.2978515625,138606.49568582693,"(186, 94, 189, 96)",43,17
137,1691.0,281.22222222222223,9.0,4483.927734375,311864.6152931106,"(281, 1687, 283, 1696)",141,26
137,1881.0,493.0,1.0,3567.673828125,34651.62392145673,"(493, 1881, 494, 1882)",67,47
137,1883.5,493.0,2.0,3742.03369140625,69303.24784291346,"(493, 1883, 494, 1885)",67,47
137,1250.0,681.0,1.0,3742.03369140625,34651.62392145673,"(681, 1250, 682, 1251)",79,30
137,1262.0,708.0,1.0,3832.00830078125,34651.62392145673,"(708, 1262, 709, 1263)",79,30
137,1251.0,920.0,1.0,3567.673828125,34651.62392145673,"(920, 1251, 921, 1252)",160,12
137,1154.125,1465.125,8.0,6400.0224609375,277212.99137165386,"(1465, 1151, 1467, 1158)",156,32
137,1139.0,1470.6666666666667,3.0,4483.927734375,103954.8717643702,"(1470, 1138, 1472, 1141)",156,32
137,151.0,1609.0,1.0,3654.720703125,34651.62392145673,"(1609, 151, 1610, 152)",137,43
137,176.76,1615.64,25.0,8926.5087890625,866290.5980364183,"(1613, 170, 1620, 184)",137,43
138,95.0,189.0,3.0,4780.54052734375,103954.8717643702,"(188, 95, 191, 96)",43,17
138,1882.0,494.0,1.0,3567.55224609375,34651.62392145673,"(494, 1882, 495, 1883)",67,47
138,1263.0,709.5,2.0,3921.80908203125,69303.24784291346,"(709, 1263, 711, 1264)",79,30
138,1252.0,921.0,1.0,3832.039794921875,34651.62392145673,"(921, 1252, 922, 1253)",160,12
138,1153.8333333333333,1465.8333333333333,6.0,5833.8720703125,207909.7435287404,"(1465, 1152, 1467, 1157)",156,32
138,1158.0,1466.0,1.0,3921.80908203125,34651.62392145673,"(1466, 1158, 1467, 1159)",156,32
138,1145.5,1467.0,2.0,4105.564453125,69303.24784291346,"(1467, 1145, 1468, 1147)",156,32
138,1141.5,1470.0,4.0,4981.76806640625,138606.49568582693,"(1469, 1141, 1472, 1143)",156,32
138,177.9,1616.75,20.0,7865.2255859375,693032.4784291347,"(1614, 172, 1620, 184)",137,43
139,96.4,189.6,5.0,5293.0478515625,173258.11960728368,"(188, 96, 192, 98)",43,17
139,1691.25,285.5,16.0,4292.1318359375,554425.9827433077,"(285, 1687, 287, 1696)",141,26
139,1264.0,710.0,1.0,3654.911376953125,34651.62392145673,"(710, 1264, 711, 1265)",79,30
139,1157.5,1467.0,8.0,5506.3251953125,277212.99137165386,"(1467, 1154, 1468, 1162)",156,32
139,1146.75,1468.25,4.0,4105.564453125,138606.49568582693,"(1468, 1146, 1470, 1149)",156,32
139,1142.5,1471.5,2.0,3742.06982421875,69303.24784291346,"(1471, 1142, 1473, 1144)",156,32
139,180.58333333333334,1618.6666666666667,12.0,6056.587890625,415819.4870574808,"(1617, 177, 1621, 185)",137,43
140,696.0,61.0,1.0,3742.16455078125,34651.62392145673,"(61, 696, 62, 697)",41,22
140,1306.0,123.5,2.0,4105.634765625,69303.24784291346,"(123, 1306, 125, 1307)",73,49
140,96.4,189.6,5.0,5188.42333984375,173258.11960728368,"(188, 96, 192, 98)",43,17
140,1698.0,286.0,1.0,3654.814453125,34651.62392145673,"(286, 1698, 287, 1699)",141,26
140,1700.0,286.0,1.0,3567.7578125,34651.62392145673,"(286, 1700, 287, 1701)",141,26
140,1460.75,381.25,4.0,4387.32373046875,138606.49568582693,"(380, 1460, 383, 1462)",51,16
140,1893.4,500.2,5.0,4387.32373046875,173258.11960728368,"(499, 1893, 502, 1895)",67,47
140,549.0,729.0,1.0,3567.7578125,34651.62392145673,"(729, 549, 730, 550)",188,12
140,1138.0,939.0,1.0,3567.7578125,34651.62392145673,"(939, 1138, 940, 1139)",161,26
140,1140.0,1467.0,1.0,3921.84765625,34651.62392145673,"(1467, 1140, 1468, 1141)",156,32
140,1142.5,1471.5,4.0,4881.23291015625,138606.49568582693,"(1471, 1142, 1473, 1144)",156,32
140,180.66666666666666,1619.3333333333333,9.0,5615.2080078125,311864.6152931106,"(1618, 178, 1622, 184)",137,43
141,696.5,60.0,2.0,3832.002685546875,69303.24784291346,"(60, 696, 61, 698)",41,22
141,1306.3333333333333,122.0,3.0,3742.0751953125,103954.8717643702,"(121, 1306, 124, 1308)",73,49
141,96.66666666666667,189.0,3.0,4484.03173828125,103954.8717643702,"(188, 96, 191, 98)",43,17
141,1460.0,382.5,2.0,3832.002685546875,69303.24784291346,"(382, 1460, 384, 1461)",51,16
141,1885.5,494.0,2.0,4292.142578125,69303.24784291346,"(494, 1885, 495, 1887)",67,47
141,1890.6,496.4,5.0,4105.7236328125,173258.11960728368,"(495, 1889, 499, 1893)",67,47
141,1573.0,497.3333333333333,3.0,3654.773193359375,103954.8717643702,"(497, 1572, 499, 1575)",174,29
141,548.0,729.0,1.0,3832.002685546875,34651.62392145673,"(729, 548, 730, 549)",188,12
141,1148.0,1468.0,1.0,3567.690185546875,34651.62392145673,"(1468, 1148, 1469, 1149)",156,32
141,159.57142857142858,1611.857142857143,7.0,4292.142578125,242561.3674501971,"(1611, 157, 1613, 163)",137,43
141,178.92307692307693,1617.076923076923,13.0,4981.8056640625,450471.11097893753,"(1615, 175, 1620, 184)",137,43
142,96.0,188.5,2.0,4105.6083984375,69303.24784291346,"(188, 96, 190, 97)",43,17
142,1461.0,378.5,2.0,3832.003662109375,69303.24784291346,"(378, 1461, 380, 1462)",51,16
142,1460.0,382.5,2.0,3832.003662109375,69303.24784291346,"(382, 1460, 384, 1461)",51,16
142,1575.0,469.0,1.0,3567.59228515625,34651.62392145673,"(469, 1575, 470, 1576)",174,29
142,1884.0,487.0,1.0,3567.59228515625,34651.62392145673,"(487, 1884, 488, 1885)",67,47
142,547.0,728.0,1.0,3654.927001953125,34651.62392145673,"(728, 547, 729, 548)",188,12
142,625.0,1065.0,1.0,3567.59228515625,34651.62392145673,"(1065, 625, 1066, 626)",190,29
142,1156.0,1466.0,1.0,3654.927001953125,34651.62392145673,"(1466, 1156, 1467, 1157)",156,32
142,155.0,1610.0,1.0,3567.59228515625,34651.62392145673,"(1610, 155, 1611, 156)",137,43
142,161.75,1612.0625,16.0,5085.1123046875,554425.9827433077,"(1611, 157, 1614, 167)",137,43
142,173.0,1614.0,1.0,3654.927001953125,34651.62392145673,"(1614, 173, 1615, 174)",137,43
142,175.0,1615.0,1.0,3742.04248046875,34651.62392145673,"(1615, 175, 1616, 176)",137,43
142,179.0,1617.0,7.0,4484.05810546875,242561.3674501971,"(1616, 177, 1619, 182)",137,43
143,96.0,189.0,1.0,4013.1123046875,34651.62392145673,"(189, 96, 190, 97)",43,17
143,1703.0,284.0,1.0,3831.884033203125,34651.62392145673,"(284, 1703, 285, 1704)",141,26
143,1461.0,379.75,4.0,4780.6298828125,138606.49568582693,"(379, 1460, 382, 1463)",51,16
143,1574.0,495.0,1.0,3567.610595703125,34651.62392145673,"(495, 1574, 496, 1575)",174,29
143,753.0,496.0,1.0,3567.610595703125,34651.62392145673,"(496, 753, 497, 754)",132,13
143,1261.0,703.0,1.0,3567.610595703125,34651.62392145673,"(703, 1261, 704, 1262)",79,30
143,1263.0,709.0,1.0,3742.134765625,34651.62392145673,"(709, 1263, 710, 1264)",79,30
143,547.0,729.0,1.0,3567.610595703125,34651.62392145673,"(729, 547, 730, 548)",188,12
143,166.0,1613.5,4.0,5399.1416015625,138606.49568582693,"(1613, 165, 1615, 168)",137,43
143,174.9,1615.7,10.0,4387.4638671875,346516.23921456735,"(1614, 172, 1619, 180)",137,43
143,181.0,1619.0,1.0,3654.7646484375,34651.62392145673,"(1619, 181, 1620, 182)",137,43
144,696.0,60.5,2.0,3831.90576171875,69303.24784291346,"(60, 696, 62, 697)",41,22
144,1284.0,112.0,1.0,3567.533203125,34651.62392145673,"(112, 1284, 113, 1285)",73,49
144,1697.0,285.0,1.0,3567.533203125,34651.62392145673,"(285, 1697, 286, 1698)",141,26
144,1700.0,285.0,1.0,3567.533203125,34651.62392145673,"(285, 1700, 286, 1701)",141,26
144,1576.0,471.5,2.0,3654.78955078125,69303.24784291346,"(471, 1576, 473, 1577)",174,29
144,157.5,1612.0,4.0,4105.6552734375,138606.49568582693,"(1612, 156, 1613, 160)",137,43
144,173.21621621621622,1615.837837837838,37.0,5833.84423828125,1282110.0850938992,"(1613, 164, 1621, 185)",137,43
145,696.0,61.0,1.0,3567.536376953125,34651.62392145673,"(61, 696, 62, 697)",41,22
145,1284.0,113.0,1.0,3831.8857421875,34651.62392145673,"(113, 1284, 114, 1285)",73,49
145,1702.0,286.0,1.0,3567.536376953125,34651.62392145673,"(286, 1702, 287, 1703)",141,26
145,1468.0,389.0,1.0,3567.536376953125,34651.62392145673,"(389, 1468, 390, 1469)",51,16
145,1579.0,486.0,1.0,3567.536376953125,34651.62392145673,"(486, 1579, 487, 1580)",174,29
145,1577.0,489.5,2.0,3654.896484375,69303.24784291346,"(489, 1577, 491, 1578)",174,29
145,1577.0,494.0,1.0,3742.02978515625,34651.62392145673,"(494, 1577, 495, 1578)",174,29
145,627.0,1066.0,1.0,3654.896484375,34651.62392145673,"(1066, 627, 1067, 628)",190,29
145,164.23333333333332,1615.0,30.0,7113.9013671875,1039548.7176437019,"(1613, 155, 1619, 176)",137,43
145,168.0,1613.0,1.0,4013.186279296875,34651.62392145673,"(1613, 168, 1614, 169)",137,43
145,170.0,1614.0,1.0,3567.536376953125,34651.62392145673,"(1614, 170, 1615, 171)",137,43
145,182.5,1620.375,8.0,4582.0478515625,277212.99137165386,"(1619, 179, 1623, 187)",137,43
146,1468.0,387.5,2.0,3742.130859375,69303.24784291346,"(387, 1468, 389, 1469)",51,16
146,1576.0,494.0,1.0,3567.51953125,34651.62392145673,"(494, 1576, 495, 1577)",174,29
146,1572.0,498.0,1.0,3567.51953125,34651.62392145673,"(498, 1572, 499, 1573)",174,29
146,627.0,1065.5,2.0,3654.8251953125,69303.24784291346,"(1065, 627, 1067, 628)",190,29
146,158.0,1613.0,3.0,3654.8251953125,103954.8717643702,"(1613, 157, 1614, 160)",137,43
146,162.0,1614.0,3.0,4198.1083984375,103954.8717643702,"(1614, 161, 1615, 164)",137,43
146,165.0,1615.0,1.0,3567.51953125,34651.62392145673,"(1615, 165, 1616, 166)",137,43
147,1467.6,389.0,5.0,3921.75390625,173258.11960728368,"(387, 1467, 392, 1469)",51,16
147,1575.0,469.0,1.0,3654.88916015625,34651.62392145673,"(469, 1575, 470, 1576)",174,29
147,1882.3333333333333,498.6666666666667,3.0,4105.65869140625,103954.8717643702,"(498, 1882, 500, 1884)",67,47
147,1438.0,716.0,1.0,4198.19091796875,34651.62392145673,"(716, 1438, 717, 1439)",47,12
147,937.0,870.0,1.0,3567.57763671875,34651.62392145673,"(870, 937, 871, 938)",38,25
147,933.0,872.0,1.0,3567.57763671875,34651.62392145673,"(872, 933, 873, 934)",38,25
147,628.0,1064.0,1.0,3654.88916015625,34651.62392145673,"(1064, 628, 1065, 629)",190,29
148,693.5,57.5,2.0,3741.9521484375,69303.24784291346,"(57, 693, 59, 695)",41,22
148,1467.0,389.0,1.0,3831.86083984375,34651.62392145673,"(389, 1467, 390, 1468)",51,16
148,1438.3333333333333,715.6666666666666,3.0,4981.8291015625,103954.8717643702,"(715, 1438, 717, 1440)",47,12
148,933.0,871.0,1.0,4981.8291015625,34651.62392145673,"(871, 933, 872, 934)",38,25
148,628.5,1063.0,2.0,3921.76904296875,69303.24784291346,"(1063, 628, 1064, 630)",190,29
148,165.0,1618.0,1.0,3567.5185546875,34651.62392145673,"(1618, 165, 1619, 166)",137,43
149,691.0,56.0,1.0,3654.91455078125,34651.62392145673,"(56, 691, 57, 692)",41,22
149,751.5,494.5,4.0,3742.07861328125,138606.49568582693,"(494, 751, 496, 753)",132,13
149,1436.0,713.0,1.0,3742.07861328125,34651.62392145673,"(713, 1436, 714, 1437)",47,12
149,987.5,740.5,2.0,3921.88671875,69303.24784291346,"(740, 987, 742, 989)",54,18
149,936.0,868.0,1.0,3921.88671875,34651.62392145673,"(868, 936, 869, 937)",38,25
149,158.0,1614.0,1.0,3742.07861328125,34651.62392145673,"(1614, 158, 1615, 159)",137,43
149,160.0,1615.0,1.0,4292.2109375,34651.62392145673,"(1615, 160, 1616, 161)",137,43
149,163.5,1617.0,4.0,4780.5810546875,138606.49568582693,"(1616, 162, 1619, 166)",137,43
150,692.0,57.0,1.0,4012.98974609375,34651.62392145673,"(57, 692, 58, 693)",41,22
150,752.25,495.25,4.0,4012.98974609375,138606.49568582693,"(494, 752, 497, 754)",132,13
150,937.0,869.0,1.0,3567.68212890625,34651.62392145673,"(869, 937, 870, 938)",38,25
150,1019.0,962.0,1.0,3567.68212890625,34651.62392145673,"(962, 1019, 963, 1020)",92,40
150,626.0,1062.0,1.0,3567.68212890625,34651.62392145673,"(1062, 626, 1063, 627)",190,29
150,624.5,1064.0,2.0,3567.68212890625,69303.24784291346,"(1064, 624, 1065, 626)",190,29
150,160.8181818181818,1616.0,11.0,5945.07666015625,381167.86313602404,"(1614, 157, 1620, 166)",137,43
151,752.5,496.0,6.0,4012.9013671875,207909.7435287404,"(495, 752, 498, 754)",132,13
151,1879.0,498.0,1.0,3742.1201171875,34651.62392145673,"(498, 1879, 499, 1880)",67,47
151,1139.0,940.0,1.0,3567.740234375,34651.62392145673,"(940, 1139, 941, 1140)",161,26
151,625.0,1065.0,1.0,3654.7158203125,34651.62392145673,"(1065, 625, 1066, 626)",190,29
152,753.4,496.8,5.0,4292.19580078125,173258.11960728368,"(496, 753, 499, 755)",132,13
152,1573.0,502.0,1.0,3567.5517578125,34651.62392145673,"(502, 1573, 503, 1574)",174,29
152,627.0,1065.0,1.0,3567.5517578125,34651.62392145673,"(1065, 627, 1066, 628)",190,29
152,624.5,1066.5,2.0,3567.5517578125,69303.24784291346,"(1066, 624, 1068, 626)",190,29
152,157.0,1615.0,1.0,3567.5517578125,34651.62392145673,"(1615, 157, 1616, 158)",137,43
152,159.0,1616.0,1.0,3654.88427734375,34651.62392145673,"(1616, 159, 1617, 160)",137,43
152,164.0,1619.0,1.0,3921.9345703125,34651.62392145673,"(1619, 164, 1620, 165)",137,43
153,1573.75,500.25,4.0,3654.773193359375,138606.49568582693,"(499, 1573, 502, 1575)",174,29
153,940.0,871.0,1.0,3567.690185546875,34651.62392145673,"(871, 940, 872, 941)",38,25
153,160.15384615384616,1617.1538461538462,13.0,4881.1572265625,450471.11097893753,"(1615, 156, 1621, 166)",137,43
153,167.0,1621.0,1.0,3654.773193359375,34651.62392145673,"(1621, 167, 1622, 168)",137,43
154,1460.0,386.0,1.0,3567.523193359375,34651.62392145673,"(386, 1460, 387, 1461)",51,16
154,1574.0,500.0,1.0,3567.523193359375,34651.62392145673,"(500, 1574, 501, 1575)",174,29
154,1573.0,503.0,1.0,3567.523193359375,34651.62392145673,"(503, 1573, 504, 1574)",174,29
154,1455.0,711.0,1.0,3567.523193359375,34651.62392145673,"(711, 1455, 712, 1456)",47,12
154,1256.0,917.0,1.0,3567.523193359375,34651.62392145673,"(917, 1256, 918, 1257)",160,12
154,627.5,1065.5,2.0,3741.9814453125,69303.24784291346,"(1065, 627, 1067, 629)",190,29
154,159.53846153846155,1616.3846153846155,13.0,5723.71337890625,450471.11097893753,"(1615, 156, 1620, 165)",137,43
155,1458.6666666666667,387.6666666666667,3.0,3742.0625,103954.8717643702,"(387, 1458, 389, 1460)",51,16
155,1571.0,473.0,1.0,3567.7802734375,34651.62392145673,"(473, 1571, 474, 1572)",174,29
155,1570.0,486.0,1.0,3567.7802734375,34651.62392145673,"(486, 1570, 487, 1571)",174,29
155,1570.0,490.0,1.0,3654.75927734375,34651.62392145673,"(490, 1570, 491, 1571)",174,29
155,1574.0,497.0,1.0,3654.75927734375,34651.62392145673,"(497, 1574, 498, 1575)",174,29
155,1574.0,499.0,1.0,3654.75927734375,34651.62392145673,"(499, 1574, 500, 1575)",174,29
155,627.0,1066.0,1.0,3654.75927734375,34651.62392145673,"(1066, 627, 1067, 628)",190,29
156,38.5,99.0,4.0,4387.4951171875,138606.49568582693,"(99, 37, 100, 41)",204,13
156,589.0,754.0,1.0,3742.10302734375,34651.62392145673,"(754, 589, 755, 590)",205,15
156,1421.5,856.0,2.0,4292.1669921875,69303.24784291346,"(856, 1421, 857, 1423)",171,23
156,627.0,1065.0,1.0,3654.73974609375,34651.62392145673,"(1065, 627, 1066, 628)",190,29
156,625.0,1066.0,1.0,3567.62548828125,34651.62392145673,"(1066, 625, 1067, 626)",190,29
157,36.5,99.0,4.0,4292.3134765625,138606.49568582693,"(99, 35, 100, 39)",204,13
157,1423.0,856.6363636363636,11.0,6633.51708984375,381167.86313602404,"(856, 1421, 859, 1426)",171,23
158,1257.0,111.0,1.0,3742.1357421875,34651.62392145673,"(111, 1257, 112, 1258)",73,49
158,1879.0,497.0,1.0,3742.1357421875,34651.62392145673,"(497, 1879, 498, 1880)",67,47
158,1422.4,855.8,10.0,6399.9287109375,346516.23921456735,"(855, 1420, 858, 1425)",171,23
158,1426.0,856.0,1.0,4013.08447265625,34651.62392145673,"(856, 1426, 857, 1427)",171,23
158,938.0,871.0,1.0,3567.69970703125,34651.62392145673,"(871, 938, 872, 939)",38,25
158,624.5,1065.0,2.0,3567.69970703125,69303.24784291346,"(1065, 624, 1066, 626)",190,29
159,314.4,22.6,5.0,6284.75390625,173258.11960728368,"(21, 314, 25, 316)",208,27
159,1257.0,111.0,1.0,3567.6162109375,34651.62392145673,"(111, 1257, 112, 1258)",73,49
159,1575.0,491.0,1.0,3567.6162109375,34651.62392145673,"(491, 1575, 492, 1576)",174,29
159,1878.0,497.0,1.0,3921.96728515625,34651.62392145673,"(497, 1878, 498, 1879)",67,47
159,588.0,753.0,1.0,3567.6162109375,34651.62392145673,"(753, 588, 754, 589)",205,15
159,1421.5,856.5,4.0,4981.677734375,138606.49568582693,"(856, 1421, 858, 1423)",171,23
159,623.0,1066.0,1.0,3654.8671875,34651.62392145673,"(1066, 623, 1067, 624)",190,29
160,314.3333333333333,22.666666666666668,3.0,5293.1865234375,103954.8717643702,"(22, 314, 24, 316)",208,27
160,1877.5,495.5,4.0,4780.52587890625,138606.49568582693,"(495, 1877, 497, 1879)",67,47
160,1250.0,681.0,1.0,3654.834228515625,34651.62392145673,"(681, 1250, 682, 1251)",79,30
160,587.0,752.0,1.0,3567.6279296875,34651.62392145673,"(752, 587, 753, 588)",205,15
160,1421.5,855.5,8.0,8124.22265625,277212.99137165386,"(855, 1420, 857, 1424)",171,23
161,686.6666666666666,48.333333333333336,3.0,4780.603515625,103954.8717643702,"(48, 686, 50, 688)",41,22
161,1876.6666666666667,495.3333333333333,3.0,4387.3828125,103954.8717643702,"(495, 1876, 497, 1878)",67,47
161,1250.0,681.0,1.0,3654.70703125,34651.62392145673,"(681, 1250, 682, 1251)",79,30
161,624.0,1064.0,1.0,3742.1953125,34651.62392145673,"(1064, 624, 1065, 625)",190,29
162,313.8333333333333,22.0,6.0,7359.3447265625,207909.7435287404,"(21, 313, 24, 316)",208,27
162,312.0,25.0,1.0,3921.85986328125,34651.62392145673,"(25, 312, 26, 313)",208,27
162,686.6,47.8,5.0,6400.07421875,173258.11960728368,"(47, 686, 50, 688)",41,22
162,1877.1666666666667,495.8333333333333,6.0,5506.38427734375,207909.7435287404,"(495, 1876, 498, 1880)",67,47
162,1250.5,680.5,2.0,3567.6279296875,69303.24784291346,"(680, 1250, 682, 1252)",79,30
162,985.5,741.8333333333334,6.0,3831.832763671875,207909.7435287404,"(740, 985, 745, 987)",54,18
162,587.0,751.0,1.0,3567.6279296875,34651.62392145673,"(751, 587, 752, 588)",205,15
162,1421.0,855.0,1.0,3921.85986328125,34651.62392145673,"(855, 1421, 856, 1422)",171,23
162,1425.5,855.5,2.0,3654.834228515625,69303.24784291346,"(855, 1425, 857, 1427)",171,23
162,624.0,1063.0,1.0,3567.6279296875,34651.62392145673,"(1063, 624, 1064, 625)",190,29
163,314.53846153846155,25.53846153846154,13.0,7737.78759765625,450471.11097893753,"(23, 313, 29, 317)",208,27
163,687.0,49.5,2.0,4105.6748046875,69303.24784291346,"(49, 687, 51, 688)",41,22
163,1877.8333333333333,498.0,6.0,6400.07421875,207909.7435287404,"(497, 1877, 500, 1880)",67,47
163,1289.0,801.0,1.0,3567.6279296875,34651.62392145673,"(801, 1289, 802, 1290)",85,47
163,1421.8333333333333,857.6666666666666,6.0,4484.1181640625,207909.7435287404,"(857, 1420, 859, 1425)",171,23
164,316.1666666666667,25.5,6.0,4484.1220703125,207909.7435287404,"(24, 315, 28, 318)",208,27
164,1575.0,491.0,1.0,3567.7041015625,34651.62392145673,"(491, 1575, 492, 1576)",174,29
164,1878.2,497.6,5.0,5945.2373046875,173258.11960728368,"(497, 1877, 499, 1880)",67,47
164,548.0,727.0,1.0,3742.1611328125,34651.62392145673,"(727, 548, 728, 549)",188,12
164,588.0,756.0,1.0,3567.7041015625,34651.62392145673,"(756, 588, 757, 589)",205,15
164,1423.4444444444443,857.3333333333334,9.0,5614.9833984375,311864.6152931106,"(856, 1422, 859, 1426)",171,23
164,627.0,1066.0,1.0,3567.7041015625,34651.62392145673,"(1066, 627, 1067, 628)",190,29
165,313.0,23.5,2.0,5506.4599609375,69303.24784291346,"(23, 313, 25, 314)",208,27
165,315.5,23.5,2.0,4292.24609375,69303.24784291346,"(23, 315, 25, 317)",208,27
165,1258.0,110.0,1.0,3567.5888671875,34651.62392145673,"(110, 1258, 111, 1259)",73,49
165,1262.3333333333333,113.33333333333333,3.0,3831.98046875,103954.8717643702,"(113, 1262, 115, 1264)",73,49
165,1576.0,488.0,1.0,3567.5888671875,34651.62392145673,"(488, 1576, 489, 1577)",174,29
165,1878.0,496.75,4.0,6056.63916015625,138606.49568582693,"(496, 1877, 498, 1880)",67,47
165,588.5,754.5,2.0,3742.06689453125,69303.24784291346,"(754, 588, 756, 590)",205,15
165,1422.75,856.75,4.0,3921.89404296875,138606.49568582693,"(856, 1422, 858, 1425)",171,23
165,1426.0,857.0,1.0,4105.5419921875,34651.62392145673,"(857, 1426, 858, 1427)",171,23
165,628.0,1064.0,1.0,3567.5888671875,34651.62392145673,"(1064, 628, 1065, 629)",190,29
166,316.1666666666667,23.333333333333332,6.0,5615.0068359375,207909.7435287404,"(22, 315, 26, 318)",208,27
166,316.0,27.0,1.0,3831.863037109375,34651.62392145673,"(27, 316, 28, 317)",208,27
166,90.5,124.5,8.0,4881.2001953125,277212.99137165386,"(124, 88, 126, 94)",127,13
166,1877.6666666666667,497.3333333333333,3.0,4484.08349609375,103954.8717643702,"(497, 1877, 499, 1879)",67,47
166,548.0,727.0,1.0,3567.5888671875,34651.62392145673,"(727, 548, 728, 549)",188,12
166,1424.5,857.25,4.0,4679.9375,138606.49568582693,"(857, 1423, 859, 1427)",171,23
167,315.8076923076923,26.846153846153847,26.0,8654.009765625,900942.2219578751,"(23, 313, 31, 319)",208,27
167,90.44444444444444,124.33333333333333,9.0,4582.07421875,311864.6152931106,"(123, 87, 126, 95)",127,13
167,1877.0,497.0,3.0,4387.36376953125,103954.8717643702,"(496, 1877, 499, 1878)",67,47
167,588.0,753.0,1.0,3567.649658203125,34651.62392145673,"(753, 588, 754, 589)",205,15
167,587.0,756.0,1.0,3567.649658203125,34651.62392145673,"(756, 587, 757, 588)",205,15
167,1426.2857142857142,856.5714285714286,7.0,5615.09765625,242561.3674501971,"(856, 1425, 858, 1429)",171,23
167,931.0,873.0,1.0,3742.154541015625,34651.62392145673,"(873, 931, 874, 932)",38,25
167,627.0,1064.0,1.0,3742.154541015625,34651.62392145673,"(1064, 627, 1065, 628)",190,29
168,314.29411764705884,26.529411764705884,17.0,7484.2412109375,589077.6066647645,"(24, 313, 30, 318)",208,27
168,90.0,124.0,1.0,3567.8134765625,34651.62392145673,"(124, 90, 125, 91)",127,13
168,86.5,125.0,2.0,3654.9833984375,69303.24784291346,"(125, 86, 126, 88)",127,13
168,1876.25,497.0,4.0,5188.37890625,138606.49568582693,"(496, 1876, 499, 1878)",67,47
168,553.0,727.0,1.0,3831.8994140625,34651.62392145673,"(727, 553, 728, 554)",188,12
168,586.0,755.5,2.0,3654.9833984375,69303.24784291346,"(755, 586, 757, 587)",205,15
168,1423.1666666666667,855.5,18.0,7994.0244140625,623729.2305862212,"(854, 1420, 858, 1428)",171,23
168,627.0,1064.0,1.0,3567.8134765625,34651.62392145673,"(1064, 627, 1065, 628)",190,29
169,312.7857142857143,24.928571428571427,14.0,7113.7978515625,485122.7349003942,"(20, 312, 30, 315)",208,27
169,317.0,25.0,1.0,5188.41552734375,34651.62392145673,"(25, 317, 26, 318)",208,27
169,1691.857142857143,298.0,7.0,3741.9453125,242561.3674501971,"(297, 1690, 300, 1695)",141,26
169,1875.5,496.0,2.0,4881.14599609375,69303.24784291346,"(496, 1875, 497, 1877)",67,47
169,585.3333333333334,755.3333333333334,3.0,3741.9453125,103954.8717643702,"(755, 585, 757, 587)",205,15
169,1422.5882352941176,854.7647058823529,17.0,9340.93359375,589077.6066647645,"(854, 1419, 857, 1427)",171,23
169,1387.0,867.0,1.0,3567.70703125,34651.62392145673,"(867, 1387, 868, 1388)",40,13
169,1113.0,980.0,1.0,3567.70703125,34651.62392145673,"(980, 1113, 981, 1114)",217,17
169,626.5,1062.5,2.0,3921.69970703125,69303.24784291346,"(1062, 626, 1064, 628)",190,29
170,315.7391304347826,26.08695652173913,23.0,8789.580078125,796987.3501935048,"(23, 313, 30, 320)",208,27
170,90.0,125.0,1.0,3654.82666015625,34651.62392145673,"(125, 90, 126, 91)",127,13
170,1692.8333333333333,299.0,6.0,4198.24365234375,207909.7435287404,"(298, 1691, 301, 1695)",141,26
170,1876.0,496.5,2.0,4387.40966796875,69303.24784291346,"(496, 1876, 498, 1877)",67,47
170,553.0,727.0,1.0,3567.4970703125,34651.62392145673,"(727, 553, 728, 554)",188,12
170,1148.0,827.0,1.0,3742.15625,34651.62392145673,"(827, 1148, 828, 1149)",29,11
170,1423.909090909091,855.7727272727273,22.0,9341.12109375,762335.7262720481,"(854, 1420, 858, 1430)",171,23
170,1381.5,863.5,2.0,3742.15625,69303.24784291346,"(863, 1381, 865, 1383)",40,13
170,1385.8333333333333,866.1666666666666,6.0,4679.86279296875,207909.7435287404,"(865, 1384, 869, 1389)",40,13
170,627.5,1064.5,2.0,3654.82666015625,69303.24784291346,"(1064, 627, 1066, 629)",190,29
171,315.6666666666667,28.333333333333332,6.0,5723.73291015625,207909.7435287404,"(27, 315, 30, 318)",208,27
171,619.2857142857143,383.42857142857144,7.0,9481.7587890625,242561.3674501971,"(383, 618, 385, 622)",162,10
171,1745.0,414.0,1.0,3831.91357421875,34651.62392145673,"(414, 1745, 415, 1746)",22,23
171,1563.0,495.0,1.0,3567.71875,34651.62392145673,"(495, 1563, 496, 1564)",174,29
171,1876.3333333333333,497.3333333333333,3.0,4679.93408203125,103954.8717643702,"(497, 1876, 499, 1878)",67,47
171,1148.0,827.0,1.0,3921.73291015625,34651.62392145673,"(827, 1148, 828, 1149)",29,11
171,1424.2666666666667,856.0666666666667,15.0,6170.72412109375,519774.35882185097,"(855, 1421, 858, 1429)",171,23
171,1382.1333333333334,863.6,15.0,4582.044921875,519774.35882185097,"(861, 1378, 868, 1388)",40,13
171,1127.0,985.0,1.0,3567.71875,34651.62392145673,"(985, 1127, 986, 1128)",217,17
171,627.5,1064.5,2.0,3654.73095703125,69303.24784291346,"(1064, 627, 1066, 629)",190,29
172,316.5,24.5,6.0,7993.87744140625,207909.7435287404,"(23, 316, 27, 318)",208,27
172,314.1,26.7,10.0,7113.744140625,346516.23921456735,"(25, 313, 29, 317)",208,27
172,617.9230769230769,382.2307692307692,13.0,9063.4072265625,450471.11097893753,"(381, 616, 385, 621)",162,10
172,1874.5,496.0,2.0,4198.337890625,69303.24784291346,"(496, 1874, 497, 1876)",67,47
172,987.0,739.0,1.0,3567.70263671875,34651.62392145673,"(739, 987, 740, 988)",54,18
172,1146.0,825.5,2.0,3831.85986328125,69303.24784291346,"(825, 1146, 827, 1147)",29,11
172,1422.5,854.6875,16.0,7737.6357421875,554425.9827433077,"(854, 1419, 857, 1427)",171,23
172,1167.0,948.0,3.0,3742.14599609375,103954.8717643702,"(948, 1166, 949, 1169)",36,16
172,1178.9375,948.8125,16.0,4582.11376953125,554425.9827433077,"(948, 1172, 950, 1185)",36,16
172,1018.0,962.5,2.0,3654.77783203125,69303.24784291346,"(962, 1018, 964, 1019)",92,40
172,624.8,1063.0,5.0,3831.85986328125,173258.11960728368,"(1062, 623, 1065, 627)",190,29
173,313.0,27.0,1.0,3832.052734375,34651.62392145673,"(27, 313, 28, 314)",208,27
173,25.0,94.0,1.0,3742.156005859375,34651.62392145673,"(94, 25, 95, 26)",204,13
173,618.4545454545455,382.54545454545456,11.0,7737.798828125,381167.86313602404,"(381, 616, 385, 622)",162,10
173,1145.5,825.5,2.0,3742.156005859375,69303.24784291346,"(825, 1145, 827, 1147)",29,11
173,1420.3333333333333,854.6666666666666,3.0,4105.5478515625,103954.8717643702,"(854, 1420, 856, 1422)",171,23
173,1171.0,949.0,1.0,3567.5947265625,34651.62392145673,"(949, 1171, 950, 1172)",36,16
173,1181.5,949.0,12.0,4780.4853515625,415819.4870574808,"(949, 1176, 950, 1188)",36,16
173,1017.5,962.5,2.0,3654.87548828125,69303.24784291346,"(962, 1017, 964, 1019)",92,40
173,623.5,1063.0,2.0,3921.94921875,69303.24784291346,"(1063, 623, 1064, 625)",190,29
174,617.8,383.4,5.0,5506.392578125,173258.11960728368,"(383, 617, 385, 620)",162,10
174,1566.0,491.0,1.0,3567.51171875,34651.62392145673,"(491, 1566, 492, 1567)",174,29
174,1873.0,497.0,1.0,3654.9140625,34651.62392145673,"(497, 1873, 498, 1874)",67,47
174,986.0,739.0,1.0,3567.51171875,34651.62392145673,"(739, 986, 740, 987)",54,18
174,585.0,755.0,1.0,3741.9345703125,34651.62392145673,"(755, 585, 756, 586)",205,15
174,1145.0,826.0,1.0,3741.9345703125,34651.62392145673,"(826, 1145, 827, 1146)",29,11
174,1421.3333333333333,855.6666666666666,3.0,4483.89990234375,103954.8717643702,"(855, 1421, 857, 1423)",171,23
175,314.5,27.5,4.0,4881.2060546875,138606.49568582693,"(27, 314, 29, 316)",208,27
175,90.0,125.0,1.0,3654.742431640625,34651.62392145673,"(125, 90, 126, 91)",127,13
175,618.5,384.5,4.0,6056.51220703125,138606.49568582693,"(384, 618, 386, 620)",162,10
175,1875.0,497.0,1.0,3567.70751953125,34651.62392145673,"(497, 1875, 498, 1876)",67,47
175,1258.0,708.0,1.0,3567.70751953125,34651.62392145673,"(708, 1258, 709, 1259)",79,30
175,1259.0,710.0,1.0,3654.742431640625,34651.62392145673,"(710, 1259, 711, 1260)",79,30
175,987.0,739.0,1.0,3654.742431640625,34651.62392145673,"(739, 987, 740, 988)",54,18
175,1422.5,856.0,2.0,5188.3759765625,69303.24784291346,"(856, 1422, 857, 1424)",171,23
175,1021.0,986.0,1.0,3567.70751953125,34651.62392145673,"(986, 1021, 987, 1022)",92,40
176,319.0,27.0,1.0,3742.0751953125,34651.62392145673,"(27, 319, 28, 320)",208,27
176,315.8333333333333,29.333333333333332,6.0,4780.5078125,207909.7435287404,"(28, 315, 32, 318)",208,27
176,1281.0,100.0,1.0,3654.773193359375,34651.62392145673,"(100, 1281, 101, 1282)",73,49
176,619.5,385.0,2.0,5399.060546875,69303.24784291346,"(385, 619, 386, 621)",162,10
176,1423.75,857.0,8.0,8926.36328125,277212.99137165386,"(856, 1422, 859, 1426)",171,23
176,1399.0,881.0,1.0,3654.773193359375,34651.62392145673,"(881, 1399, 882, 1400)",40,13
176,1140.0,942.0,1.0,3654.773193359375,34651.62392145673,"(942, 1140, 943, 1141)",161,26
176,1126.0,985.0,1.0,3567.690185546875,34651.62392145673,"(985, 1126, 986, 1127)",217,17
176,1023.0,987.0,1.0,3654.773193359375,34651.62392145673,"(987, 1023, 988, 1024)",92,40
177,316.6666666666667,28.333333333333332,9.0,6515.4189453125,311864.6152931106,"(27, 315, 31, 319)",208,27
177,1282.0,100.0,1.0,3742.068603515625,34651.62392145673,"(100, 1282, 101, 1283)",73,49
177,617.0,383.5,2.0,4387.3828125,69303.24784291346,"(383, 617, 385, 618)",162,10
177,1577.0,488.0,1.0,3567.68359375,34651.62392145673,"(488, 1577, 489, 1578)",174,29
177,1423.0,857.0,3.0,4981.81640625,103954.8717643702,"(857, 1422, 858, 1425)",171,23
177,1400.8,882.6,5.0,4105.63232421875,173258.11960728368,"(881, 1399, 885, 1403)",40,13
177,1024.0,988.0,3.0,3742.068603515625,103954.8717643702,"(988, 1023, 989, 1026)",92,40
177,624.0,1065.0,1.0,3654.8759765625,34651.62392145673,"(1065, 624, 1066, 625)",190,29
178,616.0,382.0,1.0,3654.9658203125,34651.62392145673,"(382, 616, 383, 617)",162,10
178,1259.0,705.0,1.0,3567.58056640625,34651.62392145673,"(705, 1259, 706, 1260)",79,30
178,1260.75,709.5,4.0,3742.087890625,138606.49568582693,"(708, 1260, 712, 1262)",79,30
178,938.0,872.0,1.0,3654.9658203125,34651.62392145673,"(872, 938, 873, 939)",38,25
178,1138.5,942.0,2.0,4013.193359375,69303.24784291346,"(942, 1138, 943, 1140)",161,26
178,1113.0,980.0,1.0,3567.58056640625,34651.62392145673,"(980, 1113, 981, 1114)",217,17
178,1118.0,986.0,1.0,3654.9658203125,34651.62392145673,"(986, 1118, 987, 1119)",217,17
179,1260.6666666666667,708.3333333333334,3.0,3921.884033203125,103954.8717643702,"(708, 1260, 710, 1262)",79,30
179,553.0,727.0,1.0,3742.130126953125,34651.62392145673,"(727, 553, 728, 554)",188,12
179,988.0,739.0,3.0,3831.8974609375,103954.8717643702,"(738, 988, 741, 989)",54,18
179,1395.0,874.0,1.0,3567.630859375,34651.62392145673,"(874, 1395, 875, 1396)",40,13
179,1397.0,875.0,1.0,3742.130126953125,34651.62392145673,"(875, 1397, 876, 1398)",40,13
179,1399.0,876.0,1.0,3654.77099609375,34651.62392145673,"(876, 1399, 877, 1400)",40,13
179,1138.6666666666667,940.6666666666666,3.0,4013.18408203125,103954.8717643702,"(940, 1138, 942, 1140)",161,26
179,1123.0,980.0,1.0,3567.630859375,34651.62392145673,"(980, 1123, 981, 1124)",217,17
180,314.0,25.5,2.0,4780.6298828125,69303.24784291346,"(25, 314, 27, 315)",208,27
180,1259.0,705.0,1.0,3567.610595703125,34651.62392145673,"(705, 1259, 706, 1260)",79,30
180,1260.0,708.0,1.0,3567.610595703125,34651.62392145673,"(708, 1260, 709, 1261)",79,30
180,987.3333333333334,738.3333333333334,3.0,4198.2333984375,103954.8717643702,"(738, 987, 740, 989)",54,18
180,1389.1666666666667,871.0,6.0,3921.849365234375,207909.7435287404,"(870, 1388, 873, 1391)",40,13
180,1138.0,939.5,2.0,3831.884033203125,69303.24784291346,"(939, 1138, 941, 1139)",161,26
180,1118.0,985.0,1.0,3654.7646484375,34651.62392145673,"(985, 1118, 986, 1119)",217,17
180,1829.5,2026.0,2.0,5293.1728515625,69303.24784291346,"(2026, 1829, 2027, 1831)",19,47
181,314.0,25.5,2.0,4483.9755859375,69303.24784291346,"(25, 314, 27, 315)",208,27
181,1691.5,299.0,4.0,3921.936767578125,138606.49568582693,"(299, 1690, 300, 1694)",141,26
181,1259.0,705.0,1.0,3742.067138671875,34651.62392145673,"(705, 1259, 706, 1260)",79,30
181,988.0,738.5,2.0,3832.001953125,69303.24784291346,"(738, 988, 740, 989)",54,18
181,1391.3333333333333,871.6666666666666,3.0,3654.909423828125,103954.8717643702,"(871, 1391, 873, 1393)",40,13
181,1137.8,939.2,5.0,4013.1533203125,173258.11960728368,"(938, 1137, 941, 1140)",161,26
181,1829.0,2026.0,1.0,3567.5380859375,34651.62392145673,"(2026, 1829, 2027, 1830)",19,47
182,1573.0,503.0,1.0,3567.69970703125,34651.62392145673,"(503, 1573, 504, 1574)",174,29
182,1260.0,707.5,2.0,3742.1357421875,69303.24784291346,"(707, 1260, 709, 1261)",79,30
182,553.0,727.0,1.0,3567.69970703125,34651.62392145673,"(727, 553, 728, 554)",188,12
182,1139.0,940.0,1.0,3567.69970703125,34651.62392145673,"(940, 1139, 941, 1140)",161,26
182,1118.0,986.0,1.0,3567.69970703125,34651.62392145673,"(986, 1118, 987, 1119)",217,17
182,1830.2857142857142,2027.2857142857142,7.0,14183.337890625,242561.3674501971,"(2026, 1829, 2029, 1833)",19,47
183,315.4,29.8,5.0,4387.4248046875,173258.11960728368,"(29, 315, 32, 317)",208,27
183,1574.0,497.0,1.0,3567.650146484375,34651.62392145673,"(497, 1574, 498, 1575)",174,29
183,1258.75,705.5,4.0,3567.650146484375,138606.49568582693,"(704, 1258, 708, 1260)",79,30
183,553.0,727.0,1.0,3654.87451171875,34651.62392145673,"(727, 553, 728, 554)",188,12
183,988.0,739.5,2.0,3832.01416015625,69303.24784291346,"(739, 988, 741, 989)",54,18
183,938.5714285714286,871.1428571428571,7.0,7235.78369140625,242561.3674501971,"(870, 937, 873, 941)",38,25
183,1392.0,873.0,1.0,3832.01416015625,34651.62392145673,"(873, 1392, 874, 1393)",40,13
183,624.0,1065.0,1.0,3654.87451171875,34651.62392145673,"(1065, 624, 1066, 625)",190,29
183,1830.090909090909,2027.090909090909,11.0,14705.2412109375,381167.86313602404,"(2026, 1828, 2029, 1833)",19,47
184,314.73333333333335,26.8,15.0,9063.275390625,519774.35882185097,"(25, 312, 29, 319)",208,27
184,24.333333333333332,91.33333333333333,3.0,3742.16015625,103954.8717643702,"(91, 24, 93, 26)",204,13
184,1256.0,107.0,1.0,3567.6748046875,34651.62392145673,"(107, 1256, 108, 1257)",73,49
184,1257.5,706.5,4.0,3921.859375,138606.49568582693,"(705, 1257, 709, 1259)",79,30
184,936.2,870.6,5.0,4780.38427734375,173258.11960728368,"(870, 935, 872, 938)",38,25
184,1136.0,940.0,1.0,3654.91748046875,34651.62392145673,"(940, 1136, 941, 1137)",161,26
184,1827.8,2026.2,5.0,5188.4443359375,173258.11960728368,"(2025, 1827, 2028, 1830)",19,47
185,313.1666666666667,28.0,6.0,5085.03515625,207909.7435287404,"(27, 312, 30, 315)",208,27
185,23.666666666666668,91.33333333333333,3.0,4105.748046875,103954.8717643702,"(91, 23, 93, 25)",204,13
185,1419.5,853.75,4.0,5085.03515625,138606.49568582693,"(853, 1418, 855, 1422)",171,23
185,935.5,871.0,2.0,4292.25927734375,69303.24784291346,"(871, 935, 872, 937)",38,25
185,1113.0,980.0,1.0,3567.623779296875,34651.62392145673,"(980, 1113, 981, 1114)",217,17
185,1828.0,2026.5,4.0,5833.7568359375,138606.49568582693,"(2026, 1827, 2028, 1830)",19,47
186,313.0,27.0,3.0,3654.9306640625,103954.8717643702,"(26, 313, 29, 314)",208,27
186,317.0,27.0,1.0,3567.641845703125,34651.62392145673,"(27, 317, 28, 318)",208,27
186,24.666666666666668,91.66666666666667,3.0,3921.892578125,103954.8717643702,"(91, 24, 93, 26)",204,13
186,1258.0,708.0,1.0,3567.641845703125,34651.62392145673,"(708, 1258, 709, 1259)",79,30
186,986.5,739.5,2.0,3831.945068359375,69303.24784291346,"(739, 986, 741, 988)",54,18
186,936.5,871.0,2.0,3921.892578125,69303.24784291346,"(871, 936, 872, 938)",38,25
186,1018.0,962.0,1.0,3654.9306640625,34651.62392145673,"(962, 1018, 963, 1019)",92,40
186,1113.0,980.0,1.0,3654.9306640625,34651.62392145673,"(980, 1113, 981, 1114)",217,17
186,1124.0,982.0,1.0,3654.9306640625,34651.62392145673,"(982, 1124, 983, 1125)",217,17
186,1828.5,2026.5,6.0,6751.4677734375,207909.7435287404,"(2026, 1827, 2028, 1831)",19,47
187,317.6666666666667,27.333333333333332,3.0,4679.85107421875,103954.8717643702,"(27, 317, 29, 319)",208,27
187,25.0,92.5,2.0,3742.134765625,69303.24784291346,"(92, 25, 94, 26)",204,13
187,1258.5,109.0,2.0,3831.884033203125,69303.24784291346,"(109, 1258, 110, 1260)",73,49
187,1576.0,494.0,1.0,3567.610595703125,34651.62392145673,"(494, 1576, 495, 1577)",174,29
187,987.5,740.0,2.0,3921.849365234375,69303.24784291346,"(740, 987, 741, 989)",54,18
187,928.0,867.0,1.0,3567.610595703125,34651.62392145673,"(867, 928, 868, 929)",38,25
187,937.5,872.0,2.0,3831.884033203125,69303.24784291346,"(872, 937, 873, 939)",38,25
187,1124.0,981.0,1.0,3654.7646484375,34651.62392145673,"(981, 1124, 982, 1125)",217,17
187,1126.0,982.0,1.0,3567.610595703125,34651.62392145673,"(982, 1126, 983, 1127)",217,17
187,1118.0,986.0,1.0,3567.610595703125,34651.62392145673,"(986, 1118, 987, 1119)",217,17
187,1018.0,990.0,1.0,3654.7646484375,34651.62392145673,"(990, 1018, 991, 1019)",92,40
187,1829.5,2027.0,4.0,8926.390625,138606.49568582693,"(2026, 1829, 2029, 1831)",19,47
188,26.666666666666668,92.66666666666667,3.0,3742.05908203125,103954.8717643702,"(92, 26, 94, 28)",204,13
188,1259.0,109.0,1.0,3654.9619140625,34651.62392145673,"(109, 1259, 110, 1260)",73,49
188,1569.5,484.25,4.0,3654.9619140625,138606.49568582693,"(484, 1568, 486, 1572)",174,29
188,1569.0,487.0,1.0,3567.62109375,34651.62392145673,"(487, 1569, 488, 1570)",174,29
188,1575.0,497.0,1.0,3567.62109375,34651.62392145673,"(497, 1575, 498, 1576)",174,29
188,1573.0,501.0,1.0,3567.62109375,34651.62392145673,"(501, 1573, 502, 1574)",174,29
188,939.0,872.0,1.0,3567.62109375,34651.62392145673,"(872, 939, 873, 940)",38,25
188,1124.0,981.0,1.0,3567.62109375,34651.62392145673,"(981, 1124, 982, 1125)",217,17
188,1118.0,985.0,1.0,3567.62109375,34651.62392145673,"(985, 1118, 986, 1119)",217,17
188,1120.0,987.0,1.0,3567.62109375,34651.62392145673,"(987, 1120, 988, 1121)",217,17
188,1019.0,990.5,2.0,4387.50244140625,69303.24784291346,"(990, 1019, 992, 1020)",92,40
188,1831.4,2027.6,5.0,7359.26708984375,173258.11960728368,"(2027, 1830, 2029, 1834)",19,47
189,314.5,28.0,6.0,7484.19482421875,207909.7435287404,"(27, 314, 30, 316)",208,27
189,318.2,27.8,5.0,6284.7529296875,173258.11960728368,"(27, 317, 30, 320)",208,27
189,1259.0,109.0,1.0,3567.5947265625,34651.62392145673,"(109, 1259, 110, 1260)",73,49
189,1574.0,498.0,1.0,3567.5947265625,34651.62392145673,"(498, 1574, 499, 1575)",174,29
189,938.0,872.0,1.0,3567.5947265625,34651.62392145673,"(872, 938, 873, 939)",38,25
189,1124.0,982.0,1.0,3742.19140625,34651.62392145673,"(982, 1124, 983, 1125)",217,17
189,1127.0,985.0,1.0,3567.5947265625,34651.62392145673,"(985, 1127, 986, 1128)",217,17
189,1119.0,986.0,1.0,3654.892578125,34651.62392145673,"(986, 1119, 987, 1120)",217,17
189,1830.8,2028.0,10.0,11871.38671875,346516.23921456735,"(2027, 1829, 2030, 1834)",19,47
190,318.0,29.0,1.0,3654.92724609375,34651.62392145673,"(29, 318, 30, 319)",208,27
190,1570.0,478.0,1.0,3567.666015625,34651.62392145673,"(478, 1570, 479, 1571)",174,29
190,1571.0,482.0,1.0,3567.666015625,34651.62392145673,"(482, 1571, 483, 1572)",174,29
190,1574.0,497.0,1.0,3654.92724609375,34651.62392145673,"(497, 1574, 498, 1575)",174,29
190,987.0,740.5,2.0,4105.5517578125,69303.24784291346,"(740, 987, 742, 988)",54,18
190,580.0,755.0,1.0,3742.18896484375,34651.62392145673,"(755, 580, 756, 581)",205,15
190,936.0,872.0,1.0,3742.18896484375,34651.62392145673,"(872, 936, 873, 937)",38,25
190,1135.5,940.0,2.0,3654.92724609375,69303.24784291346,"(940, 1135, 941, 1137)",161,26
190,1830.5555555555557,2027.888888888889,9.0,7865.2978515625,311864.6152931106,"(2027, 1829, 2030, 1833)",19,47
191,318.0,28.0,1.0,4292.341796875,34651.62392145673,"(28, 318, 29, 319)",208,27
191,986.0,739.5,2.0,4013.1630859375,69303.24784291346,"(739, 986, 741, 987)",54,18
191,935.5,871.0,2.0,3654.908203125,69303.24784291346,"(871, 935, 872, 937)",38,25
191,1829.2,2026.4,5.0,6751.4912109375,173258.11960728368,"(2026, 1828, 2028, 1831)",19,47
192,23.0,85.0,1.0,3567.7607421875,34651.62392145673,"(85, 23, 86, 24)",204,13
192,24.0,92.0,1.0,3567.7607421875,34651.62392145673,"(92, 24, 93, 25)",204,13
192,986.0,739.0,3.0,4013.1201171875,103954.8717643702,"(739, 985, 740, 988)",54,18
192,935.0,871.0,1.0,3922.00732421875,34651.62392145673,"(871, 935, 872, 936)",38,25
192,1018.5,966.0,2.0,3654.865234375,69303.24784291346,"(966, 1018, 967, 1020)",92,40
192,1118.0,985.5,2.0,3654.865234375,69303.24784291346,"(985, 1118, 987, 1119)",217,17
192,631.0,1058.0,1.0,3567.7607421875,34651.62392145673,"(1058, 631, 1059, 632)",190,29
192,1828.8,2026.6,5.0,5723.853515625,173258.11960728368,"(2026, 1828, 2028, 1831)",19,47
193,1569.0,492.0,1.0,3567.7802734375,34651.62392145673,"(492, 1569, 493, 1570)",174,29
193,1575.0,495.0,1.0,3567.7802734375,34651.62392145673,"(495, 1575, 496, 1576)",174,29
193,987.3333333333334,740.3333333333334,3.0,3654.75927734375,103954.8717643702,"(740, 987, 742, 989)",54,18
193,936.0,872.0,1.0,3831.96240234375,34651.62392145673,"(872, 936, 873, 937)",38,25
193,1134.0,940.0,1.0,3567.7802734375,34651.62392145673,"(940, 1134, 941, 1135)",161,26
193,1019.6666666666666,967.3333333333334,3.0,3742.0625,103954.8717643702,"(967, 1019, 969, 1021)",92,40
193,1123.0,985.0,1.0,3567.7802734375,34651.62392145673,"(985, 1123, 986, 1124)",217,17
193,632.0,1060.0,1.0,3654.75927734375,34651.62392145673,"(1060, 632, 1061, 633)",190,29
193,1829.5,2028.5,2.0,3567.7802734375,69303.24784291346,"(2028, 1829, 2030, 1831)",19,47
194,25.0,93.0,1.0,3921.74365234375,34651.62392145673,"(93, 25, 94, 26)",204,13
194,28.0,95.0,1.0,3567.59423828125,34651.62392145673,"(95, 28, 96, 29)",204,13
194,1305.0,119.0,1.0,4013.1455078125,34651.62392145673,"(119, 1305, 120, 1306)",73,49
194,1572.0,472.0,1.0,3567.59423828125,34651.62392145673,"(472, 1572, 473, 1573)",174,29
194,987.5,740.5,2.0,3654.82958984375,69303.24784291346,"(740, 987, 742, 989)",54,18
194,579.5,756.0,2.0,3567.59423828125,69303.24784291346,"(756, 579, 757, 581)",205,15
194,936.0,872.5,2.0,3831.904296875,69303.24784291346,"(872, 936, 874, 937)",38,25
194,1020.0,967.0,3.0,4105.58935546875,103954.8717643702,"(966, 1020, 969, 1021)",92,40
194,1124.0,982.5,2.0,3654.82958984375,69303.24784291346,"(982, 1124, 984, 1125)",217,17
194,1118.5,985.5,2.0,3654.82958984375,69303.24784291346,"(985, 1118, 987, 1120)",217,17
194,1121.0,985.0,1.0,3567.59423828125,34651.62392145673,"(985, 1121, 986, 1122)",217,17
194,1123.0,985.0,1.0,3831.904296875,34651.62392145673,"(985, 1123, 986, 1124)",217,17
194,631.0,1061.0,1.0,3567.59423828125,34651.62392145673,"(1061, 631, 1062, 632)",190,29
195,23.5,92.5,2.0,4582.0283203125,69303.24784291346,"(92, 23, 94, 25)",204,13
195,86.0,125.0,1.0,3567.5380859375,34651.62392145673,"(125, 86, 126, 87)",127,13
195,578.0,755.0,1.0,3567.5380859375,34651.62392145673,"(755, 578, 756, 579)",205,15
195,1017.0,961.0,1.0,3567.5380859375,34651.62392145673,"(961, 1017, 962, 1018)",92,40
195,1018.0,966.75,4.0,4198.14990234375,138606.49568582693,"(966, 1017, 968, 1020)",92,40
195,1118.0,986.0,1.0,3654.909423828125,34651.62392145673,"(986, 1118, 987, 1119)",217,17
196,22.833333333333332,92.0,6.0,4484.048828125,207909.7435287404,"(91, 22, 94, 25)",204,13
196,577.0,755.0,1.0,3567.70556640625,34651.62392145673,"(755, 577, 756, 578)",205,15
196,1286.0,800.0,1.0,4105.7666015625,34651.62392145673,"(800, 1286, 801, 1287)",85,47
196,1016.5,961.0,2.0,3831.860595703125,69303.24784291346,"(961, 1016, 962, 1018)",92,40
196,1016.2,966.0,5.0,4013.134765625,173258.11960728368,"(965, 1015, 968, 1018)",92,40
197,23.2,90.0,5.0,4198.2041015625,173258.11960728368,"(89, 22, 92, 25)",204,13
197,93.23076923076923,124.3076923076923,13.0,4679.892578125,450471.11097893753,"(123, 90, 127, 98)",127,13
197,544.0,727.0,1.0,3567.68359375,34651.62392145673,"(727, 544, 728, 545)",188,12
197,987.0,739.0,1.0,3567.68359375,34651.62392145673,"(739, 987, 740, 988)",54,18
197,578.0,754.0,1.0,3567.68359375,34651.62392145673,"(754, 578, 755, 579)",205,15
197,1017.0,964.75,8.0,4387.3828125,277212.99137165386,"(963, 1016, 967, 1019)",92,40
197,1118.0,986.0,1.0,3567.68359375,34651.62392145673,"(986, 1118, 987, 1119)",217,17
