frame,x,y,area_px,intensity,area_km2,cluster_id,occurrences
0,1919.0,300.0,1.0,4881.203125,34651.62392145673,0,26
0,1726.0,394.0,1.0,5084.92578125,34651.62392145673,1,25
0,30.896738117427773,847.0054986020504,10730.0,13167.634765625,371811924.6772307,3,18
0,1194.0,798.0,1.0,4981.8994140625,34651.62392145673,4,10
0,144.0,834.0,1.0,5084.92578125,34651.62392145673,5,14
0,971.2068965517242,1124.344827586207,29.0,6400.0322265625,1004897.0937222452,6,28
0,31.274509803921568,1293.313725490196,51.0,15595.990234375,1767232.8199942934,7,16
1,333.6666666666667,0.3333333333333333,3.0,6056.455078125,103954.8717643702,9,22
1,158.0,195.0,1.0,4881.203125,34651.62392145673,11,3
1,852.0,911.0,3.0,7113.76123046875,103954.8717643702,12,11
1,971.3214285714286,1123.5,28.0,6633.5908203125,970245.4698007884,6,28
1,31.51923076923077,1290.5961538461538,52.0,13839.8720703125,1801884.4439157501,7,16
2,333.1666666666667,1.6666666666666667,6.0,9341.0048828125,207909.7435287404,9,22
2,1918.0,299.0,1.0,4780.361328125,34651.62392145673,0,26
2,1701.8333333333333,318.75,12.0,8255.7421875,415819.4870574808,16,16
2,1587.5,399.0,2.0,4880.9873046875,69303.24784291346,17,3
2,31.094118731563423,846.5468289085545,10848.0,12510.2734375,375900816.29996264,3,18
2,970.7666666666667,1123.4333333333334,30.0,6284.587890625,1039548.7176437019,6,28
2,31.13953488372093,1288.1860465116279,43.0,18230.00390625,1490019.8286226394,7,16
3,332.8333333333333,0.6666666666666666,6.0,8255.447265625,207909.7435287404,9,22
3,155.0,194.5,4.0,6751.5361328125,138606.49568582693,11,3
3,1684.45,247.55,20.0,5293.310546875,693032.4784291347,19,2
3,969.9615384615385,1123.3461538461538,26.0,6515.1806640625,900942.2219578751,6,28
4,332.1666666666667,1.6666666666666667,6.0,6991.7958984375,207909.7435287404,9,22
4,153.33333333333334,194.33333333333334,3.0,4981.6142578125,103954.8717643702,11,3
4,1917.0,297.0,1.0,4780.361328125,34651.62392145673,0,26
4,30.608395575304908,846.5668904226151,10577.0,12348.9892578125,366510226.21724784,3,18
4,969.2592592592592,1122.851851851852,27.0,6284.587890625,935593.8458793318,6,28
4,30.5,1284.6470588235295,34.0,18035.333984375,1178155.213329529,7,16
5,331.5,0.5,4.0,5833.9404296875,138606.49568582693,9,22
5,1699.6666666666667,320.3333333333333,3.0,5293.23046875,103954.8717643702,16,16
5,1725.0,390.0,1.0,5506.5126953125,34651.62392145673,1,25
5,969.3636363636364,1121.0454545454545,22.0,6284.607421875,762335.7262720481,6,28
5,29.833333333333332,1285.0,30.0,16143.357421875,1039548.7176437019,7,16
6,29.7374146968648,844.7709425378301,10111.0,13167.7265625,350362569.469849,3,18
6,27.40909090909091,1287.0,22.0,12836.08203125,762335.7262720481,7,16
7,331.7142857142857,0.8571428571428571,7.0,8255.6376953125,242561.3674501971,9,22
7,1922.0,302.0,1.0,4780.5703125,34651.62392145673,0,26
7,1661.0,306.0,1.0,4780.5703125,34651.62392145673,16,16
7,1749.0,415.0,1.0,6399.9560546875,34651.62392145673,1,25
7,1223.0,788.0,1.0,5292.9287109375,34651.62392145673,22,7
7,27.82758620689655,1290.7586206896551,29.0,10493.73828125,1004897.0937222452,7,16
8,332.375,1.625,8.0,6399.87890625,277212.99137165386,9,22
8,30.409960956099418,845.7747833539663,10501.0,12510.3125,363876702.79921716,3,18
8,969.2222222222222,1121.2777777777778,18.0,5945.32373046875,623729.2305862212,6,28
8,29.448275862068964,1289.2758620689656,29.0,14881.0908203125,1004897.0937222452,7,16
9,29.91304347826087,1292.608695652174,23.0,13501.8408203125,796987.3501935048,7,16
10,30.227272727272727,1292.2727272727273,22.0,12349.126953125,762335.7262720481,7,16
11,30.09090909090909,1292.5,22.0,7993.86767578125,762335.7262720481,7,16
12,1447.0,715.0,3.0,6870.7939453125,103954.8717643702,24,5
12,0.0,812.0,1.0,4780.71484375,34651.62392145673,25,5
12,29.77777777777778,1291.9259259259259,27.0,11403.390625,935593.8458793318,7,16
13,1446.5,715.0,2.0,6056.52587890625,69303.24784291346,24,5
13,102.0,752.0,1.0,4881.2685546875,34651.62392145673,26,2
13,1.0,812.0,1.0,4780.6279296875,34651.62392145673,25,5
13,29.0,1293.25,28.0,9765.1904296875,970245.4698007884,7,16
14,1206.0,127.0,1.0,4881.1884765625,34651.62392145673,27,20
14,1749.0,324.0,1.0,4780.61083984375,34651.62392145673,28,24
14,1664.0,342.0,1.0,4981.76611328125,34651.62392145673,16,16
14,1359.5,506.0,4.0,7235.92138671875,138606.49568582693,29,8
14,28.714285714285715,1291.3333333333333,21.0,7113.814453125,727684.1023505913,7,16
15,1205.5,127.0,2.0,4981.830078125,69303.24784291346,27,20
15,1359.5,506.0,2.0,6056.3310546875,69303.24784291346,29,8
15,30.031986696664383,846.178812481659,10223.0,11871.65234375,354243551.3490522,3,18
15,0.0,812.0,1.0,4780.5908203125,34651.62392145673,25,5
15,28.0,1294.0,7.0,7484.26123046875,242561.3674501971,7,16
16,1204.0,127.0,1.0,4780.447265625,34651.62392145673,27,20
16,1469.0,374.5,2.0,5084.8955078125,69303.24784291346,30,2
16,1360.0,506.0,1.0,5293.05859375,34651.62392145673,29,8
16,30.062799101474752,846.048930559625,10239.0,11871.716796875,354797977.33179545,3,18
16,1190.0,806.0,1.0,4981.7314453125,34651.62392145673,4,10
16,893.0,888.0,1.0,5084.8955078125,34651.62392145673,12,11
16,968.9230769230769,1123.6153846153845,13.0,5084.8955078125,450471.11097893753,6,28
16,28.0,1294.5,6.0,6170.640625,207909.7435287404,7,16
17,330.2,1.2,5.0,5833.935546875,173258.11960728368,9,22
17,893.0,887.0,1.0,5723.8974609375,34651.62392145673,12,11
17,1381.3333333333333,928.0,6.0,5293.06640625,207909.7435287404,32,18
18,327.0,1.5,4.0,5506.2470703125,138606.49568582693,9,22
18,1379.0,927.5,6.0,5723.587890625,207909.7435287404,32,18
19,329.0,2.0,5.0,7993.849609375,173258.11960728368,9,22
19,174.0,63.0,1.0,5615.1484375,34651.62392145673,33,3
19,1747.0,323.0,1.0,4880.9482421875,34651.62392145673,28,24
19,655.0,511.0,1.0,4880.9482421875,34651.62392145673,34,8
19,292.0,665.0,1.0,4780.517578125,34651.62392145673,35,1
19,1189.0,805.0,1.0,4780.517578125,34651.62392145673,4,10
19,1380.5,928.5,4.0,5723.8349609375,138606.49568582693,32,18
19,967.5384615384615,1123.3076923076924,13.0,5085.0205078125,450471.11097893753,6,28
20,0.0,729.0,1.0,4780.5078125,34651.62392145673,36,4
20,30.03110937194287,846.4038348659753,10222.0,12029.677734375,354208899.72513074,3,18
20,1190.0,806.0,1.0,4881.203125,34651.62392145673,4,10
20,423.0,868.5,2.0,4881.203125,69303.24784291346,37,1
20,1380.8333333333333,927.8333333333334,6.0,6056.455078125,207909.7435287404,32,18
20,968.6,1123.6,15.0,5506.3564453125,519774.35882185097,6,28
21,719.0,9.0,1.0,5084.9501953125,34651.62392145673,38,6
21,1192.0,806.5,2.0,5506.5126953125,69303.24784291346,4,10
22,177.0,64.0,1.0,5945.0556640625,34651.62392145673,33,3
22,1192.0,806.5,2.0,5188.453125,69303.24784291346,4,10
22,1.0,811.0,1.0,4881.2509765625,34651.62392145673,25,5
23,717.5,9.0,2.0,5188.5439453125,69303.24784291346,38,6
23,176.0,64.0,1.0,4981.9609375,34651.62392145673,33,3
23,0.0,729.0,1.0,4981.9609375,34651.62392145673,36,4
23,1192.0,806.5,2.0,5293.001953125,69303.24784291346,4,10
23,969.5294117647059,1124.2941176470588,17.0,5615.234375,589077.6066647645,6,28
23,933.0,1449.0,1.0,4881.234375,34651.62392145673,39,2
24,1680.0,245.0,1.0,4881.244140625,34651.62392145673,19,2
24,29.987769997041127,846.7521451819706,10139.0,11871.533203125,351332814.9396498,3,18
24,969.0454545454545,1124.8636363636363,22.0,5833.861328125,762335.7262720481,6,28
24,931.5,1449.0,2.0,6399.8359375,69303.24784291346,39,2
25,716.0,7.0,1.0,5085.01953125,34651.62392145673,38,6
25,1581.0,315.0,1.0,4881.234375,34651.62392145673,40,6
25,1713.4194484760521,429.799709724238,689.0,24340.1640625,23874968.88188369,1,25
25,29.670919136112506,846.1291813159216,9955.0,11557.650390625,344956916.13810176,3,18
26,716.0,7.5,2.0,5615.2568359375,69303.24784291346,38,6
26,1380.5,928.5,8.0,5833.935546875,277212.99137165386,32,18
26,967.3461538461538,1123.5,26.0,5615.2568359375,900942.2219578751,6,28
27,0.0,729.0,1.0,4881.353515625,34651.62392145673,36,4
27,967.9583333333334,1124.125,24.0,5833.935546875,831638.9741149616,6,28
28,1745.0,319.0,1.0,4881.16015625,34651.62392145673,28,24
28,1713.4374057315233,432.9260935143288,663.0,27846.05859375,22974026.659925815,1,25
28,1382.0,930.5,2.0,5293.099609375,69303.24784291346,32,18
28,968.9090909090909,1125.0454545454545,22.0,5945.1083984375,762335.7262720481,6,28
29,122.5,134.0,4.0,6751.5009765625,138606.49568582693,41,2
29,1744.0,317.5,2.0,4881.236328125,69303.24784291346,28,24
29,0.0,729.0,1.0,4780.416015625,34651.62392145673,36,4
29,1190.0,805.0,3.0,4981.59375,103954.8717643702,4,10
29,1399.0,943.0,1.0,4881.236328125,34651.62392145673,32,18
30,122.33333333333333,134.66666666666666,3.0,5399.28515625,103954.8717643702,41,2
30,1744.0,317.5,2.0,5188.4228515625,69303.24784291346,28,24
31,1504.0,125.0,1.0,4780.3837890625,34651.62392145673,42,2
32,29.590219901596544,846.1089466813937,9959.0,12029.8154296875,345095522.6337876,3,18
32,1380.3333333333333,929.0,3.0,5292.9423828125,103954.8717643702,32,18
32,966.9545454545455,1124.1818181818182,22.0,5399.197265625,762335.7262720481,6,28
33,1176.0,36.0,1.0,4981.6142578125,34651.62392145673,43,1
33,1921.0,317.0,1.0,4780.361328125,34651.62392145673,0,26
33,967.65,1123.95,20.0,5506.3779296875,693032.4784291347,6,28
34,1744.5,320.5,4.0,4881.234375,138606.49568582693,28,24
35,1744.3333333333333,320.3333333333333,3.0,4981.6982421875,103954.8717643702,28,24
35,968.7368421052631,1124.2105263157894,19.0,5399.197265625,658380.854507678,6,28
36,137.33333333333334,832.3333333333334,3.0,5945.06640625,103954.8717643702,5,14
36,968.7647058823529,1123.1176470588234,17.0,5506.591796875,589077.6066647645,6,28
37,1708.0,451.0,1.0,4881.3515625,34651.62392145673,1,25
37,29.95461272816971,845.8730143068574,10135.0,12029.6640625,351194208.443964,3,18
37,136.83333333333334,832.6666666666666,6.0,8387.248046875,207909.7435287404,5,14
37,287.0,857.0,1.0,4881.3515625,34651.62392145673,44,17
37,64.0,999.5,2.0,4981.8447265625,69303.24784291346,45,6
37,968.3571428571429,1123.9285714285713,14.0,5506.591796875,485122.7349003942,6,28
38,1925.0,314.5,2.0,4881.0849609375,69303.24784291346,0,26
38,1744.0,317.0,1.0,4881.0849609375,34651.62392145673,28,24
38,967.5454545454545,1122.7272727272727,11.0,5399.197265625,381167.86313602404,6,28
39,1924.0,313.5,2.0,5398.98828125,69303.24784291346,0,26
39,1743.0,317.0,1.0,4780.3837890625,34651.62392145673,28,24
39,966.5,1122.5,16.0,5398.98828125,554425.9827433077,6,28
40,1924.0,311.0,1.0,4881.0849609375,34651.62392145673,0,26
40,1743.0,316.0,1.0,4780.4716796875,34651.62392145673,28,24
41,29.14084074869592,845.4879819985681,9777.0,15057.9150390625,338788927.0800825,3,18
41,966.6,1122.8,15.0,5399.16796875,519774.35882185097,6,28
42,1207.0,137.0,1.0,4881.373046875,34651.62392145673,27,20
42,1917.3333333333333,309.6666666666667,3.0,5084.916015625,103954.8717643702,0,26
42,1579.7777777777778,392.31111111111113,45.0,5506.572265625,1559323.076465553,17,3
42,967.4375,1124.3125,16.0,5945.15234375,554425.9827433077,6,28
43,1207.5,137.0,2.0,4981.6982421875,69303.24784291346,27,20
43,1917.0,310.5,2.0,5188.5673828125,69303.24784291346,0,26
43,29.234610680799022,845.7983081940481,9812.0,12836.1337890625,340001733.9173335,3,18
43,878.0,858.0,1.0,5506.3935546875,34651.62392145673,12,11
44,127.82051282051282,87.7985347985348,273.0,31075.55859375,9459893.330557687,46,2
44,1206.5,137.0,2.0,5085.1826171875,69303.24784291346,27,20
44,1916.0,311.0,1.0,4780.3837890625,34651.62392145673,0,26
44,1756.0,438.0,1.0,5615.1435546875,34651.62392145673,1,25
45,128.45,87.10333333333334,300.0,30821.97265625,10395487.17643702,46,2
45,1757.0,437.5,4.0,8255.568359375,138606.49568582693,1,25
46,1758.3333333333333,438.6666666666667,3.0,7484.341796875,103954.8717643702,1,25
46,655.0,512.0,1.0,4780.4716796875,34651.62392145673,34,8
46,0.0,812.0,1.0,4780.4716796875,34651.62392145673,25,5
47,1208.0,137.0,1.0,4780.6396484375,34651.62392145673,27,20
48,1208.0,137.0,1.0,4881.234375,34651.62392145673,27,20
48,1728.0,366.5,2.0,5085.01953125,69303.24784291346,1,25
48,1578.904761904762,392.64285714285717,42.0,5506.580078125,1455368.2047011827,17,3
48,1426.0,698.0,1.0,4981.9609375,34651.62392145673,24,5
48,94.0,745.0,1.0,4780.5068359375,34651.62392145673,26,2
49,1208.0,137.0,1.0,4780.5068359375,34651.62392145673,27,20
49,1920.0,302.0,1.0,4780.5068359375,34651.62392145673,0,26
49,1727.0,366.0,1.0,4780.5068359375,34651.62392145673,1,25
50,1216.2857142857142,6.5,14.0,7610.4111328125,485122.7349003942,47,14
50,1207.0,136.0,3.0,5085.1123046875,103954.8717643702,27,20
50,653.0,511.0,1.0,4780.6396484375,34651.62392145673,34,8
51,1215.909090909091,6.2272727272727275,22.0,10493.490234375,762335.7262720481,47,14
51,1206.5,136.0,2.0,4881.234375,69303.24784291346,27,20
51,1917.0,304.0,1.0,4780.5068359375,34651.62392145673,0,26
51,1721.8333333333333,361.0,6.0,8255.5830078125,207909.7435287404,1,25
51,376.0,1745.5,4.0,6400.064453125,138606.49568582693,48,3
52,1215.5,6.5,14.0,7235.80224609375,485122.7349003942,47,14
52,1206.5,136.0,2.0,4981.837890625,69303.24784291346,27,20
53,1216.0,9.0,3.0,6284.8154296875,103954.8717643702,47,14
53,1206.3333333333333,136.66666666666666,3.0,4981.6005859375,103954.8717643702,27,20
53,1919.0,299.5,2.0,4881.353515625,69303.24784291346,0,26
53,1722.5,361.5,2.0,6991.67578125,69303.24784291346,1,25
53,653.0,507.0,1.0,4780.6396484375,34651.62392145673,34,8
54,1217.0,9.0,1.0,4981.5849609375,34651.62392145673,47,14
54,1207.0,136.66666666666666,3.0,4881.2587890625,103954.8717643702,27,20
54,1722.8,361.2,5.0,9764.9091796875,173258.11960728368,1,25
54,1357.0,504.0,1.0,5085.1484375,34651.62392145673,29,8
54,966.5333333333333,1122.6666666666667,15.0,5188.2490234375,519774.35882185097,6,28
55,1207.0,137.0,1.0,5085.298828125,34651.62392145673,27,20
55,1921.0,299.0,1.0,4881.017578125,34651.62392145673,0,26
55,851.0,1120.5,2.0,4881.017578125,69303.24784291346,49,2
55,390.125,1754.625,8.0,8255.4931640625,277212.99137165386,48,3
56,1208.0,137.0,1.0,4981.6005859375,34651.62392145673,27,20
56,1356.5,504.0,4.0,6170.580078125,138606.49568582693,29,8
56,29.034698696232418,845.9105841289395,9741.0,13670.943359375,337541468.61891,3,18
56,390.0,1755.0,1.0,5085.1123046875,34651.62392145673,48,3
57,1723.0,361.0,1.0,4881.234375,34651.62392145673,1,25
57,1719.3333333333333,402.3333333333333,3.0,5398.8583984375,103954.8717643702,1,25
57,1354.2,503.4,5.0,5833.9423828125,173258.11960728368,29,8
57,877.0,895.0,1.0,4981.9609375,34651.62392145673,12,11
58,1722.5,360.5,2.0,5188.623046875,69303.24784291346,1,25
58,1356.0,503.0,1.0,4881.353515625,34651.62392145673,29,8
58,28.7452566096423,845.1784344219803,9645.0,11871.62109375,334214912.7224502,3,18
58,966.7272727272727,1121.909090909091,11.0,5506.6171875,381167.86313602404,6,28
59,1208.0,137.0,1.0,4881.353515625,34651.62392145673,27,20
59,1724.5,362.5,2.0,5188.623046875,69303.24784291346,1,25
59,141.0,837.0,1.0,4780.6396484375,34651.62392145673,5,14
60,1208.0,138.0,1.0,4881.353515625,34651.62392145673,27,20
61,1207.5,137.0,2.0,4981.6142578125,69303.24784291346,27,20
61,967.1818181818181,1123.0,11.0,5614.998046875,381167.86313602404,6,28
64,730.6666666666666,2.6666666666666665,3.0,6633.4091796875,103954.8717643702,38,6
64,1207.0,135.0,1.0,4780.71484375,34651.62392145673,27,20
64,654.0,506.0,1.0,4780.71484375,34651.62392145673,34,8
65,282.0,862.0,1.0,4780.46875,34651.62392145673,44,17
66,1553.0,227.0,1.0,4780.6884765625,34651.62392145673,50,11
66,1747.0,322.0,1.0,4780.6884765625,34651.62392145673,28,24
66,1398.0,943.0,1.0,4780.6884765625,34651.62392145673,32,18
67,893.0,828.0,1.0,4780.71484375,34651.62392145673,51,5
68,654.0,506.5,2.0,4780.5068359375,69303.24784291346,34,8
69,1216.0,8.0,1.0,5506.3916015625,34651.62392145673,47,14
70,1913.0,309.0,1.0,4881.234375,34651.62392145673,0,26
70,896.0,817.0,1.0,4780.5068359375,34651.62392145673,51,5
70,847.0,1119.0,1.0,4780.5068359375,34651.62392145673,49,2
70,1444.0,1836.0,1.0,9201.2958984375,34651.62392145673,52,1
71,1919.0,302.0,1.0,5084.92578125,34651.62392145673,0,26
71,1723.8636363636363,400.0,22.0,7993.91796875,762335.7262720481,1,25
71,864.0,896.0,1.0,4780.5078125,34651.62392145673,12,11
72,1918.0,302.0,1.0,4780.361328125,34651.62392145673,0,26
72,1723.5454545454545,399.54545454545456,22.0,8255.7421875,762335.7262720481,1,25
72,863.0,896.0,1.0,5292.8984375,34651.62392145673,12,11
73,1724.0,398.25,20.0,9623.005859375,693032.4784291347,1,25
73,862.5,895.0,2.0,5399.28515625,69303.24784291346,12,11
74,1174.0,471.0,1.0,5293.2197265625,34651.62392145673,53,1
74,654.0,507.0,1.0,4780.517578125,34651.62392145673,34,8
74,259.0,864.0,1.0,5188.203125,34651.62392145673,44,17
75,1911.0,307.0,1.0,4780.6396484375,34651.62392145673,0,26
75,898.5,818.0,2.0,4981.6005859375,69303.24784291346,51,5
75,264.0,876.0,1.0,4881.353515625,34651.62392145673,44,17
76,1722.142857142857,397.7142857142857,7.0,6751.3681640625,242561.3674501971,1,25
76,1218.0,648.0,3.0,5723.60546875,103954.8717643702,55,13
76,911.0,866.0,1.0,5085.1328125,34651.62392145673,12,11
77,1723.1666666666667,398.5,6.0,5833.669921875,207909.7435287404,1,25
77,1219.0,649.0,3.0,5615.1435546875,103954.8717643702,55,13
78,1357.0,502.0,3.0,5399.28515625,103954.8717643702,29,8
78,1217.0,648.0,1.0,4881.376953125,34651.62392145673,55,13
79,1569.5,217.0,2.0,5085.0205078125,69303.24784291346,50,11
79,1663.0,320.0,1.0,5188.203125,34651.62392145673,16,16
80,1717.0,390.0,1.0,5084.998046875,34651.62392145673,1,25
80,1500.0,401.0,1.0,12673.705078125,34651.62392145673,56,1
82,1918.0,301.0,1.0,4780.6396484375,34651.62392145673,0,26
83,1919.0,302.0,1.0,4881.353515625,34651.62392145673,0,26
84,1918.0,301.5,2.0,4981.6005859375,69303.24784291346,0,26
89,1570.0,219.0,1.0,4881.0556640625,34651.62392145673,50,11
90,1690.2727272727273,291.3636363636364,11.0,5833.8359375,381167.86313602404,16,16
91,1922.0,305.0,1.0,4780.58447265625,34651.62392145673,0,26
92,1226.0,2.0,1.0,5723.8974609375,34651.62392145673,47,14
92,1922.0,305.0,1.0,4780.6396484375,34651.62392145673,0,26
93,1225.5,1.5,2.0,5293.19921875,69303.24784291346,47,14
93,1570.0,219.5,2.0,4881.2587890625,69303.24784291346,50,11
94,1663.5,296.5,2.0,5084.9931640625,69303.24784291346,16,16
94,1244.0,819.5,2.0,5399.10595703125,69303.24784291346,57,6
97,1217.5,649.0,2.0,5723.72509765625,69303.24784291346,55,13
98,1217.5,649.0,2.0,6515.26513671875,69303.24784291346,55,13
99,1565.0,317.0,1.0,4881.263671875,34651.62392145673,40,6
99,1878.0,495.0,1.0,4780.5185546875,34651.62392145673,59,13
99,1216.0,647.5,4.0,5293.09326171875,138606.49568582693,55,13
100,1909.0,294.0,1.0,4780.5849609375,34651.62392145673,0,26
100,1692.0,305.0,1.0,4780.5849609375,34651.62392145673,16,16
100,1215.0,648.0,1.0,4881.05908203125,34651.62392145673,55,13
100,245.0,861.0,1.0,5293.03515625,34651.62392145673,44,17
101,1693.0,305.0,1.0,5085.04248046875,34651.62392145673,16,16
101,247.0,862.0,1.0,4780.6162109375,34651.62392145673,44,17
102,1569.0,319.6666666666667,3.0,4780.61083984375,103954.8717643702,40,6
104,1218.0,649.0,1.0,4780.4560546875,34651.62392145673,55,13
104,992.4615384615385,1107.9615384615386,26.0,5723.84765625,900942.2219578751,6,28
104,958.4285714285714,1134.2857142857142,14.0,5399.162109375,485122.7349003942,6,28
104,1145.0,1467.0,1.0,5615.16796875,34651.62392145673,60,13
105,1218.0,10.0,3.0,6056.37109375,103954.8717643702,47,14
105,1217.0,650.0,3.0,5833.951171875,103954.8717643702,55,13
105,28.63175244576776,844.7252233092302,9404.0,11095.92578125,325863871.35737914,3,18
105,1241.5131578947369,825.0263157894736,76.0,25714.046875,2633523.418030712,57,6
106,1220.0,11.0,3.0,5833.716796875,103954.8717643702,47,14
106,1218.4,649.6,5.0,5833.716796875,173258.11960728368,55,13
106,1242.8305084745762,824.3728813559322,59.0,19020.208984375,2044445.8113659471,57,6
107,1218.0,649.6666666666666,3.0,5945.18603515625,103954.8717643702,55,13
107,1242.2432432432433,823.0540540540541,37.0,7993.96142578125,1282110.0850938992,57,6
107,879.0,881.0,1.0,5292.9833984375,34651.62392145673,12,11
107,60.666666666666664,1000.6666666666666,3.0,5292.9833984375,103954.8717643702,45,6
108,1921.0,303.0,1.0,4780.595703125,34651.62392145673,0,26
108,619.5,393.0,2.0,6871.09912109375,69303.24784291346,61,7
108,1242.4255319148936,822.7021276595744,47.0,17455.890625,1628626.3243084664,57,6
108,62.0,999.0,1.0,4780.595703125,34651.62392145673,45,6
109,619.0,392.0,1.0,5506.5439453125,34651.62392145673,61,7
110,1217.2,649.7,20.0,8789.591796875,693032.4784291347,55,13
110,892.6666666666666,815.3333333333334,3.0,5506.45166015625,103954.8717643702,51,5
110,259.0,847.5,2.0,4780.58837890625,69303.24784291346,44,17
111,1667.0,319.0,1.0,4780.46533203125,34651.62392145673,16,16
111,1227.090909090909,776.6818181818181,22.0,6515.470703125,762335.7262720481,22,7
111,1143.0,1469.0,1.0,4780.46533203125,34651.62392145673,60,13
112,914.8,849.2,5.0,4881.1416015625,173258.11960728368,12,11
113,1216.1666666666667,649.0,6.0,6400.0185546875,207909.7435287404,55,13
114,177.83333333333334,1617.0,6.0,6515.42578125,207909.7435287404,62,28
115,1142.0,1469.0,1.0,5188.369140625,34651.62392145673,60,13
115,176.0,1615.3333333333333,3.0,6633.6201171875,103954.8717643702,62,28
116,1143.0,1469.6666666666667,3.0,5293.2412109375,103954.8717643702,60,13
116,178.2,1617.5,10.0,10493.56640625,346516.23921456735,62,28
117,179.23529411764707,1618.6470588235295,17.0,16512.529296875,589077.6066647645,62,28
118,1414.0,849.0,1.0,4780.4384765625,34651.62392145673,63,12
118,179.54545454545453,1618.6363636363637,22.0,18229.970703125,762335.7262720481,62,28
119,1593.0,435.0,1.0,4780.6845703125,34651.62392145673,64,2
119,179.95,1618.9,20.0,18821.6875,693032.4784291347,62,28
120,174.3846153846154,1616.1923076923076,26.0,11248.8603515625,900942.2219578751,62,28
121,1215.0,12.5,2.0,4981.861328125,69303.24784291346,47,14
121,1880.0,496.0,1.0,5188.41064453125,34651.62392145673,59,13
121,1416.0,890.0,1.0,5293.11767578125,34651.62392145673,65,2
121,173.75,1615.625,40.0,15415.0703125,1386064.9568582694,62,28
122,1882.4,496.8,5.0,5945.31103515625,173258.11960728368,59,13
122,175.29268292682926,1615.6097560975609,41.0,20859.69140625,1420716.580779726,62,28
123,1882.2,497.2,5.0,6515.2685546875,173258.11960728368,59,13
123,1835.0,508.0,1.0,4780.4560546875,34651.62392145673,66,11
123,1142.6666666666667,1471.6666666666667,3.0,6751.56787109375,103954.8717643702,60,13
123,173.85185185185185,1615.4259259259259,54.0,29563.435546875,1871187.6917586636,62,28
124,1214.0,8.0,1.0,4780.537109375,34651.62392145673,47,14
124,1880.0,495.0,1.0,4780.537109375,34651.62392145673,59,13
124,1242.671875,823.78125,64.0,19828.134765625,2217703.930973231,57,6
124,1140.5,1470.0,2.0,8926.34765625,69303.24784291346,60,13
125,1879.0,495.0,1.0,4780.5517578125,34651.62392145673,59,13
125,1453.2272727272727,911.6363636363636,22.0,5833.69287109375,762335.7262720481,67,15
125,1139.5,1470.5,4.0,9341.2431640625,138606.49568582693,60,13
126,1213.0,6.0,1.0,4780.3916015625,34651.62392145673,47,14
126,1879.5,496.0,2.0,7113.708984375,69303.24784291346,59,13
127,1880.6666666666667,496.6666666666667,3.0,5506.392578125,103954.8717643702,59,13
127,1226.5,776.0,8.0,6056.3623046875,277212.99137165386,22,7
127,1455.5238095238096,912.4285714285714,21.0,5723.78466796875,727684.1023505913,67,15
128,1498.0,131.0,1.0,4780.4521484375,34651.62392145673,42,2
128,1882.0,497.0,1.0,4981.7587890625,34651.62392145673,59,13
128,1456.6666666666667,912.4583333333334,24.0,6056.6474609375,831638.9741149616,67,15
128,178.83333333333334,1618.4285714285713,42.0,17647.630859375,1455368.2047011827,62,28
129,1550.5,221.5,2.0,4981.89501953125,69303.24784291346,50,11
129,1417.5,890.5,2.0,5188.3212890625,69303.24784291346,65,2
129,1456.7307692307693,912.0769230769231,26.0,5945.12158203125,900942.2219578751,67,15
129,1405.0,943.0,1.0,4780.63671875,34651.62392145673,32,18
129,1142.0,1473.0,1.0,5399.0537109375,34651.62392145673,60,13
129,179.1153846153846,1617.8846153846155,26.0,15236.595703125,900942.2219578751,62,28
130,99.0,195.0,1.0,6399.9287109375,34651.62392145673,68,9
130,1456.6,911.0,25.0,5723.830078125,866290.5980364183,67,15
130,177.47368421052633,1616.1052631578948,19.0,9765.142578125,658380.854507678,62,28
131,97.5,194.5,4.0,8789.552734375,138606.49568582693,68,9
132,1656.0,302.0,1.0,4780.51318359375,34651.62392145673,16,16
132,281.5,856.5,2.0,5723.919921875,69303.24784291346,44,17
132,1455.8333333333333,910.375,24.0,5614.95166015625,831638.9741149616,67,15
132,174.775,1615.275,40.0,16512.3984375,1386064.9568582694,62,28
133,98.0,193.0,1.0,5188.28564453125,34651.62392145673,68,9
133,1886.0,496.0,1.0,5188.28564453125,34651.62392145673,59,13
133,283.0,857.0,1.0,5506.33447265625,34651.62392145673,44,17
133,1403.0,946.0,1.0,4780.5478515625,34651.62392145673,32,18
133,1142.0,1473.0,1.0,5615.21923828125,34651.62392145673,60,13
133,174.90243902439025,1616.8536585365853,41.0,10493.5146484375,1420716.580779726,62,28
134,98.0,190.5,2.0,5506.3564453125,69303.24784291346,68,9
134,1884.0,495.0,1.0,5188.4189453125,34651.62392145673,59,13
134,1153.0,1468.0,1.0,5614.9775390625,34651.62392145673,60,13
134,174.57142857142858,1615.2142857142858,28.0,7993.91796875,970245.4698007884,62,28
135,97.0,188.5,2.0,6170.669921875,69303.24784291346,68,9
135,1724.0,404.0,1.0,5084.92578125,34651.62392145673,1,25
135,274.0,863.5,2.0,5945.0361328125,69303.24784291346,44,17
135,1456.68,910.88,25.0,5614.9775390625,866290.5980364183,67,15
135,1402.0,940.0,1.0,4780.5078125,34651.62392145673,32,18
135,1153.857142857143,1467.4285714285713,7.0,6751.5361328125,242561.3674501971,60,13
136,1232.0,21.0,1.0,4780.3994140625,34651.62392145673,47,14
136,96.0,189.0,1.0,5614.923828125,34651.62392145673,68,9
136,273.0,864.0,1.0,4881.025390625,34651.62392145673,44,17
136,1402.0,941.0,1.0,4881.025390625,34651.62392145673,32,18
136,65.5,989.0,2.0,4981.6513671875,69303.24784291346,45,6
136,180.55555555555554,1618.2222222222222,9.0,7484.32861328125,311864.6152931106,62,28
137,1569.5714285714287,215.28571428571428,7.0,5506.39501953125,242561.3674501971,50,11
137,1727.0,396.0,1.0,4780.47265625,34651.62392145673,1,25
137,63.0,987.0,1.0,4780.47265625,34651.62392145673,45,6
137,1155.0,1465.0,3.0,6400.0224609375,103954.8717643702,60,13
137,178.35714285714286,1616.142857142857,14.0,8926.5087890625,485122.7349003942,62,28
138,95.0,189.0,1.0,4780.54052734375,34651.62392145673,68,9
138,1545.0,220.0,1.0,4881.154296875,34651.62392145673,50,11
138,1743.0,325.0,1.0,4881.154296875,34651.62392145673,28,24
138,1454.7142857142858,910.2857142857143,28.0,5945.1298828125,970245.4698007884,67,15
138,179.3846153846154,1617.3846153846155,13.0,7865.2255859375,450471.11097893753,62,28
139,96.33333333333333,189.0,3.0,5293.0478515625,103954.8717643702,68,9
139,1744.0,326.0,1.0,4881.154296875,34651.62392145673,28,24
139,1228.5,778.0,2.0,6056.587890625,69303.24784291346,22,7
139,1456.6129032258063,911.6129032258065,31.0,5833.8720703125,1074200.3415651587,67,15
139,182.5,1619.5,4.0,6056.587890625,138606.49568582693,62,28
140,96.5,189.5,2.0,5188.42333984375,69303.24784291346,68,9
140,292.0,869.0,1.0,4881.23291015625,34651.62392145673,44,17
140,1457.1515151515152,912.4242424242424,33.0,5833.8759765625,1143503.5894080722,67,15
140,1142.5,1472.0,2.0,4881.23291015625,69303.24784291346,60,13
140,181.0,1619.3333333333333,3.0,5615.2080078125,103954.8717643702,62,28
141,1457.2222222222222,911.1111111111111,27.0,5723.76220703125,935593.8458793318,67,15
142,1551.0,216.0,1.0,4780.6455078125,34651.62392145673,50,11
142,1742.0,325.0,1.0,4881.11328125,34651.62392145673,28,24
142,1456.8125,910.46875,32.0,6284.5947265625,1108851.9654866154,67,15
142,163.0,1612.6666666666667,3.0,5085.1123046875,103954.8717643702,62,28
143,1557.0,218.0,1.0,4881.19189453125,34651.62392145673,50,11
143,1461.0,379.0,1.0,4780.6298828125,34651.62392145673,30,2
143,1309.5,651.5,4.0,5506.408203125,138606.49568582693,69,1
143,165.66666666666666,1613.3333333333333,3.0,5399.1416015625,103954.8717643702,62,28
144,343.5,1126.0,2.0,7235.9306640625,69303.24784291346,70,1
144,168.0,1614.5,4.0,5833.84423828125,138606.49568582693,62,28
145,1574.2857142857142,218.57142857142858,7.0,5085.10546875,242561.3674501971,50,11
145,161.2,1614.1,10.0,7113.9013671875,346516.23921456735,62,28
146,1849.0,510.0,1.0,4780.69921875,34651.62392145673,66,11
147,1849.0,510.0,1.0,4780.65234375,34651.62392145673,66,11
148,1574.5,216.66666666666666,6.0,5085.19677734375,207909.7435287404,50,11
148,1438.0,715.0,1.0,4981.8291015625,34651.62392145673,24,5
148,543.0,749.0,1.0,4780.4765625,34651.62392145673,71,1
148,149.0,837.0,1.0,4780.4765625,34651.62392145673,5,14
148,1456.5428571428572,909.9142857142857,35.0,5945.25,1212806.8372509857,67,15
149,51.0,781.0,1.0,4881.193359375,34651.62392145673,72,1
149,146.0,835.0,1.0,5723.7001953125,34651.62392145673,5,14
149,273.0,864.0,1.0,4881.193359375,34651.62392145673,44,17
149,1453.9473684210527,908.6315789473684,38.0,5723.7001953125,1316761.709015356,67,15
149,162.0,1616.0,1.0,4780.5810546875,34651.62392145673,62,28
150,1568.0,320.0,1.0,4780.564453125,34651.62392145673,40,6
153,1771.5,335.0,2.0,5085.080078125,69303.24784291346,28,24
153,1457.1627906976744,911.6744186046511,43.0,6056.5595703125,1490019.8286226394,67,15
153,159.0,1616.0,1.0,4881.1572265625,34651.62392145673,62,28
154,158.0,1615.6666666666667,3.0,5723.71337890625,103954.8717643702,62,28
155,1844.0,512.0,1.0,4780.6162109375,34651.62392145673,66,11
156,1844.0,498.0,1.0,4780.5048828125,34651.62392145673,66,11
156,1230.25,777.75,4.0,6633.55029296875,138606.49568582693,22,7
157,1574.0,484.0,1.0,4981.73876953125,34651.62392145673,73,1
157,1229.8,778.4,5.0,5506.4599609375,173258.11960728368,22,7
157,1422.5,856.3333333333334,6.0,6633.51708984375,207909.7435287404,63,12
158,1844.0,513.0,1.0,4780.6025390625,34651.62392145673,66,11
158,1228.0,777.5,2.0,4881.18994140625,69303.24784291346,22,7
158,1422.2,855.6,5.0,6399.9287109375,173258.11960728368,63,12
159,314.5,23.0,4.0,6284.75390625,138606.49568582693,9,22
159,60.5,994.0,2.0,5399.21044921875,69303.24784291346,45,6
160,314.5,22.5,2.0,5293.1865234375,69303.24784291346,9,22
160,1661.3333333333333,310.6666666666667,3.0,5398.962890625,103954.8717643702,16,16
160,1877.0,496.0,1.0,4780.52587890625,34651.62392145673,59,13
160,1421.75,855.75,4.0,8124.22265625,138606.49568582693,63,12
160,1403.0,941.0,1.0,4780.52587890625,34651.62392145673,32,18
161,687.0,48.0,1.0,4780.603515625,34651.62392145673,74,2
161,1662.0,311.0,1.0,5293.126953125,34651.62392145673,16,16
161,275.5,859.5,2.0,5615.083984375,69303.24784291346,44,17
161,1402.0,940.0,1.0,4981.66796875,34651.62392145673,32,18
162,313.6666666666667,22.0,3.0,7359.3447265625,103954.8717643702,9,22
162,686.5,47.5,2.0,6400.07421875,69303.24784291346,74,2
164,1878.0,498.0,1.0,5945.2373046875,34651.62392145673,59,13
165,313.0,24.0,1.0,5506.4599609375,34651.62392145673,9,22
166,316.25,23.25,4.0,5615.0068359375,138606.49568582693,9,22
166,152.0,818.0,1.0,4780.56884765625,34651.62392145673,5,14
166,1404.0,941.0,1.0,4780.56884765625,34651.62392145673,32,18
167,315.6,27.1,20.0,8654.009765625,693032.4784291347,9,22
167,1426.3333333333333,856.6666666666666,3.0,5615.09765625,103954.8717643702,63,12
167,1404.0,941.0,1.0,4881.2587890625,34651.62392145673,32,18
168,1586.0,437.0,1.0,4780.47900390625,34651.62392145673,64,2
169,1423.090909090909,854.7272727272727,11.0,9340.93359375,381167.86313602404,63,12
169,1402.0,939.0,1.0,4981.73046875,34651.62392145673,32,18
170,1850.5,438.0,2.0,5188.4638671875,69303.24784291346,75,6
170,18.0,519.0,1.0,4780.5380859375,34651.62392145673,76,1
170,1407.0,691.0,1.0,5506.4482421875,34651.62392145673,24,5
170,1424.5833333333333,855.5833333333334,12.0,9341.12109375,415819.4870574808,63,12
171,315.5,28.0,4.0,5723.73291015625,138606.49568582693,9,22
172,1760.0,321.0,1.0,4881.15966796875,34651.62392145673,28,24
172,617.5714285714286,382.14285714285717,7.0,9063.4072265625,242561.3674501971,61,7
172,1836.0,440.0,1.0,4780.59814453125,34651.62392145673,75,6
173,618.7142857142857,382.57142857142856,7.0,7737.798828125,242561.3674501971,61,7
173,1849.5,436.5,2.0,4780.4853515625,69303.24784291346,75,6
173,1839.142857142857,497.0,7.0,5085.13525390625,242561.3674501971,66,11
174,758.0,5.0,1.0,5085.029296875,34651.62392145673,38,6
174,1759.0,321.0,1.0,4780.45703125,34651.62392145673,28,24
174,617.5,384.0,2.0,5506.392578125,69303.24784291346,61,7
175,314.0,27.0,1.0,4881.2060546875,34651.62392145673,9,22
175,618.0,384.0,1.0,6056.51220703125,34651.62392145673,61,7
175,1851.0,435.0,1.0,4780.4404296875,34651.62392145673,75,6
175,1841.0,498.55555555555554,9.0,5506.3974609375,311864.6152931106,66,11
175,1422.5,856.0,2.0,5188.3759765625,69303.24784291346,63,12
176,317.0,29.0,1.0,4780.5078125,34651.62392145673,9,22
176,619.0,385.0,1.0,5399.060546875,34651.62392145673,61,7
176,1424.25,857.25,4.0,8926.36328125,138606.49568582693,63,12
177,318.0,28.5,2.0,6515.4189453125,69303.24784291346,9,22
177,1842.3636363636363,499.6363636363636,11.0,5293.154296875,381167.86313602404,66,11
177,1423.0,857.0,1.0,4981.81640625,34651.62392145673,63,12
178,1668.0,331.0,1.0,4780.447265625,34651.62392145673,16,16
180,314.0,25.0,1.0,4780.6298828125,34651.62392145673,9,22
182,1666.0,311.0,3.0,5188.5537109375,103954.8717643702,16,16
182,1194.0,806.0,1.0,4881.18994140625,34651.62392145673,4,10
184,1788.0,357.0,1.0,4780.38427734375,34651.62392145673,28,24
184,1191.0,805.0,1.0,5085.212890625,34651.62392145673,4,10
185,313.0,28.0,1.0,5085.03515625,34651.62392145673,9,22
185,1661.5,310.0,2.0,4981.8984375,69303.24784291346,16,16
185,1787.0,359.0,1.0,4881.2314453125,34651.62392145673,28,24
185,136.25,837.0,8.0,6284.59521484375,277212.99137165386,5,14
185,1420.0,854.0,1.0,5085.03515625,34651.62392145673,63,12
185,76.0,1165.0,1.0,7610.14306640625,34651.62392145673,77,2
185,786.6666666666666,1168.0,3.0,4881.2314453125,103954.8717643702,78,2
186,1756.75,344.25,4.0,5506.3837890625,138606.49568582693,28,24
186,137.0,837.5,4.0,5615.162109375,138606.49568582693,5,14
186,274.0,865.0,1.0,4881.18310546875,34651.62392145673,44,17
186,77.0,1166.0,1.0,4780.6015625,34651.62392145673,77,2
187,1568.0,323.0,1.0,4981.75390625,34651.62392145673,40,6
187,138.0,838.0,3.0,5188.501953125,103954.8717643702,5,14
187,267.0,882.0,1.0,4981.75390625,34651.62392145673,44,17
187,792.0,1174.0,1.0,4780.6298828125,34651.62392145673,78,2
188,1761.9333333333334,345.23333333333335,30.0,10493.548828125,1039548.7176437019,28,24
188,655.0,515.0,1.0,4780.65625,34651.62392145673,34,8
188,137.0,838.5,2.0,5085.009765625,69303.24784291346,5,14
189,1760.1860465116279,345.25581395348837,43.0,15236.4619140625,1490019.8286226394,28,24
189,136.5,838.0,2.0,4881.16015625,69303.24784291346,5,14
189,228.5,1890.5,2.0,6170.62890625,69303.24784291346,79,1
190,898.1666666666666,819.1666666666666,6.0,5506.5087890625,207909.7435287404,51,5
190,136.33333333333334,836.6666666666666,3.0,7610.33056640625,103954.8717643702,5,14
190,1408.5,840.0,2.0,6399.9169921875,69303.24784291346,63,12
191,136.0,836.0,1.0,5188.53564453125,34651.62392145673,5,14
191,298.0,1287.0,1.0,4780.53369140625,34651.62392145673,80,1
192,1758.3275862068965,343.8448275862069,58.0,23890.6484375,2009794.1874444904,28,24
193,1566.0,321.0,1.0,4780.6162109375,34651.62392145673,40,6
193,1831.5,434.0,2.0,4881.22607421875,69303.24784291346,75,6
193,281.0,860.0,1.0,5085.04248046875,34651.62392145673,44,17
194,1837.0,431.0,1.0,4881.07275390625,34651.62392145673,75,6
194,1842.4333333333334,504.4555555555556,90.0,6170.59375,3118646.152931106,66,11
194,1446.5,1608.5,2.0,5399.0166015625,69303.24784291346,81,1
196,1840.2307692307693,505.03846153846155,104.0,6056.5693359375,3603768.8878315003,66,11
197,1745.0,324.0,1.0,4780.5341796875,34651.62392145673,28,24
197,27.951837769328264,840.6542228367323,8679.0,11403.3564453125,300741444.014323,3,18
