frame,x,y,area_px,intensity,area_km2,track_id,lifetime_frames
0,333.6666666666667,0.3333333333333333,3.0,4679.8115234375,103954.8717643702,0,4
0,1230.0,0.0,1.0,4291.9462890625,34651.62392145673,1,1
0,1213.0,132.66666666666666,3.0,3921.7958984375,103954.8717643702,2,1
0,33.0,189.0,1.0,3921.7958984375,34651.62392145673,3,1
0,659.0,512.0,1.0,3921.7958984375,34651.62392145673,4,1
0,204.0,133.0,1.0,3831.822265625,34651.62392145673,5,1
0,1725.5714285714287,394.42857142857144,7.0,5084.92578125,242561.3674501971,6,1
0,1840.0,462.0,1.0,3831.822265625,34651.62392145673,7,1
0,303.0,1280.0,3.0,4484.013671875,103954.8717643702,9,1
0,726.0,1133.5,2.0,3831.822265625,69303.24784291346,10,2
0,1355.3333333333333,724.1111111111111,9.0,5945.0361328125,311864.6152931106,11,2
0,850.5,911.5,2.0,3921.7958984375,69303.24784291346,12,3
0,62.5,1003.5,2.0,3831.822265625,69303.24784291346,13,2
1,1402.6666666666667,946.3333333333334,3.0,4105.4716796875,103954.8717643702,14,4
1,852.0,911.0,3.0,7113.76123046875,103954.8717643702,12,3
1,1820.3846153846155,2026.0,13.0,9764.953125,450471.11097893753,15,2
1,726.25,1133.5,4.0,4105.4716796875,138606.49568582693,10,2
1,333.6,0.8,5.0,6056.455078125,173258.11960728368,0,4
1,1013.0,1007.5,2.0,3831.822265625,69303.24784291346,16,2
1,62.25,1003.75,4.0,4013.16796875,138606.49568582693,13,2
1,689.0,545.5,2.0,3831.822265625,69303.24784291346,17,2
1,158.625,195.375,8.0,4881.203125,277212.99137165386,18,2
1,1234.0,21.0,1.0,3831.822265625,34651.62392145673,19,1
1,1355.5714285714287,722.7142857142857,7.0,4981.8994140625,242561.3674501971,11,2
2,333.1111111111111,1.7777777777777777,9.0,9341.0048828125,311864.6152931106,0,4
2,157.6,195.8,15.0,6633.490234375,519774.35882185097,18,2
2,1402.0,946.0,1.0,3921.7431640625,34651.62392145673,14,4
2,851.5,911.0,2.0,4679.734375,69303.24784291346,12,3
2,1819.7,2026.7,10.0,7864.99072265625,346516.23921456735,15,2
2,685.0,545.0,1.0,3831.931640625,34651.62392145673,17,2
2,1012.0,1008.5,2.0,4484.1240234375,69303.24784291346,16,2
2,296.0,1293.0,1.0,4198.2314453125,34651.62392145673,20,1
3,332.8,1.3,10.0,8255.447265625,346516.23921456735,0,4
3,725.6666666666666,1134.3333333333333,3.0,3921.7958984375,103954.8717643702,22,2
3,1402.0,947.0,1.0,3831.822265625,34651.62392145673,14,4
4,726.0,1135.0,1.0,4012.9658203125,34651.62392145673,22,2
4,1401.0,947.0,1.0,3921.7431640625,34651.62392145673,14,4
4,859.9252158894645,1164.5582037996546,5790.0,10053.384765625,200632902.50523448,23,1
4,1121.0,6.0,3.0,5085.0625,103954.8717643702,24,4
4,750.5,6.0,2.0,4679.734375,69303.24784291346,25,2
4,22.0,185.0,1.0,3831.931640625,34651.62392145673,26,3
4,1550.0,247.0,1.0,4679.734375,34651.62392145673,27,1
4,683.0,545.0,1.0,3831.931640625,34651.62392145673,28,2
4,1609.271536034943,347.5748604707595,4121.0,9341.0048828125,142799342.18032318,29,1
5,331.42857142857144,1.2857142857142858,7.0,5833.9404296875,242561.3674501971,30,1
5,1121.0,5.0,3.0,5506.5126953125,103954.8717643702,24,4
5,751.0,3.0,1.0,3832.0849609375,34651.62392145673,25,2
5,23.0,183.0,1.0,3921.6728515625,34651.62392145673,26,3
5,57.0,1002.0,1.0,3832.0849609375,34651.62392145673,31,1
5,640.0,607.0,1.0,3832.0849609375,34651.62392145673,32,1
5,683.0,543.0,1.0,4292.302734375,34651.62392145673,28,2
5,1818.0,2027.5,2.0,5399.189453125,69303.24784291346,33,1
6,790.5,1159.0,2.0,4013.2744140625,69303.24784291346,34,1
6,1419.0,684.0,1.0,3831.9814453125,34651.62392145673,35,1
6,1399.0,945.0,1.0,3921.755859375,34651.62392145673,36,3
6,97.0,901.0,1.0,3831.9814453125,34651.62392145673,37,1
6,113.0,479.0,1.0,3831.9814453125,34651.62392145673,38,1
6,1119.4,6.2,5.0,5084.9111328125,173258.11960728368,24,4
6,1723.0,389.0,1.0,3831.9814453125,34651.62392145673,39,1
6,21.0,181.0,1.0,4105.6650390625,34651.62392145673,26,3
6,1223.0,20.0,1.0,4105.6650390625,34651.62392145673,40,1
7,331.6666666666667,1.3333333333333333,9.0,8255.6376953125,311864.6152931106,41,1
7,1120.5,8.5,6.0,5292.9287109375,207909.7435287404,24,4
7,152.0,193.0,1.0,3921.861328125,34651.62392145673,42,1
7,1728.0,379.5,2.0,4484.16015625,69303.24784291346,43,1
7,1748.6666666666667,415.3333333333333,3.0,6399.9560546875,103954.8717643702,44,1
7,84.0,916.0,1.0,3921.861328125,34651.62392145673,45,1
7,39.0,923.8181818181819,11.0,4582.193359375,381167.86313602404,46,1
7,0.5,943.0,2.0,4105.4404296875,69303.24784291346,47,1
7,1400.3333333333333,946.6666666666666,3.0,4292.2578125,103954.8717643702,36,3
8,1215.0,47.0,1.0,3832.05810546875,34651.62392145673,48,1
8,1208.258064516129,128.5483870967742,31.0,4387.39404296875,1074200.3415651587,49,3
8,165.5,148.0,4.0,5085.212890625,138606.49568582693,50,2
8,1401.6,946.0,5.0,4582.0048828125,173258.11960728368,36,3
8,669.0,975.0,1.0,3921.7177734375,34651.62392145673,51,2
8,57.0,1010.0,1.0,3832.05810546875,34651.62392145673,52,1
8,832.0,1198.0,1.0,3921.7177734375,34651.62392145673,53,1
9,695.0,54.0,1.0,4013.0947265625,34651.62392145673,54,2
9,205.0,125.0,1.0,3831.9638671875,34651.62392145673,55,1
9,1209.325,129.525,40.0,4292.17578125,1386064.9568582694,49,3
9,166.5,149.5,4.0,4780.37255859375,138606.49568582693,50,2
9,1860.0,456.0,1.0,3921.751953125,34651.62392145673,56,1
9,549.0,748.0,1.0,3921.751953125,34651.62392145673,57,1
9,670.0,976.0,1.0,3921.751953125,34651.62392145673,51,2
9,1819.0,2028.5,2.0,5399.169921875,69303.24784291346,58,3
10,1233.0,22.0,1.0,3831.85107421875,34651.62392145673,59,5
10,695.0,53.0,1.0,4198.22119140625,34651.62392145673,54,2
10,1209.3902439024391,129.2439024390244,41.0,4483.97607421875,1420716.580779726,49,3
10,25.0,185.5,2.0,4013.06982421875,69303.24784291346,60,2
10,86.0,188.5,2.0,4292.27099609375,69303.24784291346,61,2
10,112.0,781.0,1.0,3831.85107421875,34651.62392145673,62,1
10,726.0,1133.0,1.0,3831.85107421875,34651.62392145673,63,1
10,299.0,1290.0,1.0,4105.80908203125,34651.62392145673,64,1
10,1819.0,2028.0,3.0,5293.06982421875,103954.8717643702,58,3
11,1233.0,21.0,1.0,3831.7900390625,34651.62392145673,59,5
11,24.0,182.5,2.0,4198.2099609375,69303.24784291346,60,2
11,86.0,188.5,2.0,3921.9345703125,69303.24784291346,61,2
11,748.9285714285714,516.1428571428571,14.0,4012.9140625,485122.7349003942,65,2
11,1446.6666666666667,714.6666666666666,3.0,4012.9140625,103954.8717643702,66,3
11,58.0,1006.0,1.0,3921.9345703125,34651.62392145673,67,1
11,1819.0,2028.0,1.0,4484.083984375,34651.62392145673,58,3
12,1233.0,20.5,2.0,3921.6728515625,69303.24784291346,59,5
12,1650.0,504.0,1.0,3832.0849609375,34651.62392145673,68,2
12,657.5,510.7142857142857,14.0,4387.34765625,485122.7349003942,69,1
12,748.2222222222222,516.2222222222222,9.0,4013.080078125,311864.6152931106,65,2
12,681.0,554.0,1.0,3832.0849609375,34651.62392145673,70,1
12,725.5,1133.5,2.0,3921.6728515625,69303.24784291346,71,1
12,548.0,747.0,1.0,4105.8505859375,34651.62392145673,72,1
12,1447.25,715.25,8.0,6870.7939453125,277212.99137165386,66,3
13,1214.0,65.0,1.0,4012.94873046875,34651.62392145673,73,5
13,351.3333333333333,4.5,6.0,4198.181640625,207909.7435287404,74,1
13,1232.0,21.0,1.0,3922.00439453125,34651.62392145673,59,5
13,799.0,1185.0,1.0,3832.06298828125,34651.62392145673,75,1
13,1446.8333333333333,714.8333333333334,6.0,6056.52587890625,207909.7435287404,66,3
13,1644.0,510.0,1.0,3832.06298828125,34651.62392145673,68,2
14,1206.9333333333334,127.96666666666667,30.0,4881.1884765625,1039548.7176437019,76,1
14,1231.0,20.5,2.0,3832.0341796875,69303.24784291346,59,5
14,1213.5,64.5,2.0,4012.94482421875,69303.24784291346,73,5
14,725.5,1132.5,2.0,3921.68603515625,69303.24784291346,77,1
14,55.0,1007.0,1.0,3832.0341796875,34651.62392145673,78,1
14,669.0,975.0,1.0,3832.0341796875,34651.62392145673,79,1
14,289.0,876.0,1.0,3832.0341796875,34651.62392145673,80,1
14,979.3207140393239,817.7406864436012,11596.0,13839.970703125,401820230.9932123,81,1
14,747.9090909090909,515.0,11.0,4198.3544921875,381167.86313602404,82,1
14,1860.25,448.375,8.0,3921.68603515625,277212.99137165386,83,1
15,547.0,746.5,2.0,3921.9990234375,69303.24784291346,84,4
15,655.9375,509.8125,16.0,4387.279296875,554425.9827433077,85,1
15,1212.3333333333333,64.33333333333333,3.0,4013.2216796875,103954.8717643702,73,5
15,797.0,1186.0,1.0,4013.2216796875,34651.62392145673,86,1
16,1231.0,20.0,1.0,4012.90625,34651.62392145673,87,1
16,1120.0,6.0,1.0,4387.5068359375,34651.62392145673,88,1
16,27.72222222222222,1295.388888888889,18.0,6170.640625,623729.2305862212,89,1
16,59.0,1004.6666666666666,3.0,3921.6640625,103954.8717643702,90,2
16,547.3333333333334,746.3333333333334,3.0,4105.525390625,103954.8717643702,84,4
16,679.0,552.0,1.0,3831.7958984375,34651.62392145673,91,2
16,747.7,514.6,10.0,4012.90625,346516.23921456735,92,1
16,1469.0,375.0,3.0,5084.8955078125,103954.8717643702,93,1
16,1212.0,65.0,1.0,3831.7958984375,34651.62392145673,73,5
16,175.0,63.0,1.0,4105.525390625,34651.62392145673,94,1
17,59.0,1004.5,2.0,3831.7880859375,69303.24784291346,90,2
17,643.6,612.2,5.0,4013.1650390625,173258.11960728368,95,1
17,547.0,745.6666666666666,3.0,4198.2734375,103954.8717643702,84,4
17,31.0,190.5,2.0,4105.486328125,69303.24784291346,96,2
17,1212.0,65.0,1.0,3831.7880859375,34651.62392145673,73,5
17,695.0,57.0,1.0,3831.7880859375,34651.62392145673,97,1
17,680.0,552.0,1.0,3921.77734375,34651.62392145673,91,2
17,797.0,1186.0,1.0,3831.7880859375,34651.62392145673,98,2
17,725.0,1130.0,1.0,3831.7880859375,34651.62392145673,99,3
18,544.0,745.0,1.0,4105.8212890625,34651.62392145673,84,4
18,794.0,1184.0,1.0,3832.09765625,34651.62392145673,98,2
18,1851.576923076923,375.8076923076923,26.0,4198.34765625,900942.2219578751,100,1
18,28.5,189.0,2.0,3832.09765625,69303.24784291346,96,2
18,327.1666666666667,1.6666666666666667,6.0,5506.2470703125,207909.7435287404,101,3
18,722.0,1129.0,1.0,3832.09765625,34651.62392145673,99,3
18,420.5,870.5,2.0,4013.294921875,69303.24784291346,102,3
18,173.0,61.5,2.0,4292.3193359375,69303.24784291346,103,2
18,1135.5,795.0,2.0,4105.8212890625,69303.24784291346,104,1
19,174.0,62.5,2.0,5615.1484375,69303.24784291346,103,2
19,328.46153846153845,2.769230769230769,13.0,7993.849609375,450471.11097893753,101,3
19,693.5,57.0,2.0,4292.1201171875,69303.24784291346,105,1
19,292.0,665.0,1.0,4780.517578125,34651.62392145673,106,1
19,203.0,126.0,1.0,4105.474609375,34651.62392145673,107,2
19,680.0,551.0,1.0,4013.2978515625,34651.62392145673,108,1
19,727.0,1089.0,1.0,3832.1552734375,34651.62392145673,109,1
19,112.75,773.75,4.0,4105.474609375,138606.49568582693,110,1
19,16.0,933.0,1.0,3922.0390625,34651.62392145673,111,1
19,422.0,869.0,1.0,4013.2978515625,34651.62392145673,102,3
19,726.5,1131.0,2.0,4013.2978515625,69303.24784291346,99,3
20,423.0,869.5,4.0,4881.203125,138606.49568582693,102,3
20,782.0,1161.0,1.0,3921.7958984375,34651.62392145673,112,3
20,164.3,148.2,10.0,5188.4189453125,346516.23921456735,113,3
20,203.0,128.0,1.0,4013.16796875,34651.62392145673,107,2
20,84.0,916.0,1.0,3831.822265625,34651.62392145673,114,1
20,329.46666666666664,3.533333333333333,15.0,5945.0361328125,519774.35882185097,101,3
20,718.0,8.0,1.0,4013.16796875,34651.62392145673,115,2
20,547.0,747.0,1.0,4198.2431640625,34651.62392145673,116,3
20,1637.0,532.0,1.0,3831.822265625,34651.62392145673,117,1
20,748.25,513.75,8.0,4291.9462890625,277212.99137165386,118,1
21,266.0851063829787,1995.776595744681,94.0,5506.5126953125,3257252.648616933,119,3
21,296.0,1289.0,1.0,3921.6728515625,34651.62392145673,120,1
21,842.0,1204.0,1.0,3832.0849609375,34651.62392145673,121,3
21,779.0,1165.0,1.0,3832.0849609375,34651.62392145673,112,3
21,729.0,1132.0,1.0,3832.0849609375,34651.62392145673,122,1
21,71.0,923.5,2.0,4198.1669921875,69303.24784291346,123,1
21,548.0,747.5,2.0,4105.8505859375,69303.24784291346,116,3
21,12.0,185.0,1.0,3832.0849609375,34651.62392145673,124,1
21,177.0,64.5,2.0,4387.34765625,69303.24784291346,125,3
21,718.6666666666666,8.666666666666666,3.0,5084.9501953125,103954.8717643702,115,2
21,165.77777777777777,148.77777777777777,9.0,5188.6357421875,311864.6152931106,113,3
22,265.88421052631577,1995.4105263157894,95.0,5615.048828125,3291904.2725383895,119,3
22,165.6,148.6,10.0,5293.08984375,346516.23921456735,113,3
22,842.0,1205.5,2.0,4292.3359375,69303.24784291346,121,3
22,780.0,1166.0,1.0,4013.3046875,34651.62392145673,112,3
22,98.0,896.0,1.0,3831.755859375,34651.62392145673,126,1
22,1861.0,451.0,1.0,3921.6357421875,34651.62392145673,127,2
22,1691.25,467.375,8.0,4881.2509765625,277212.99137165386,128,2
22,657.5,507.125,32.0,4484.1689453125,1108851.9654866154,129,4
22,548.0,747.0,1.0,3831.755859375,34651.62392145673,116,3
22,176.75,64.0,4.0,5945.0556640625,138606.49568582693,125,3
22,205.33333333333334,127.66666666666667,9.0,8255.5556640625,311864.6152931106,130,1
22,1230.0,22.0,1.0,3831.755859375,34651.62392145673,131,1
23,930.5,1448.3333333333333,6.0,4881.234375,207909.7435287404,132,2
23,684.0,545.0,1.0,3921.998046875,34651.62392145673,133,3
23,657.0526315789474,507.9736842105263,38.0,4679.7802734375,1316761.709015356,129,4
23,1691.6666666666667,472.6666666666667,3.0,3921.998046875,103954.8717643702,128,2
23,1856.5,456.5,2.0,3831.99609375,69303.24784291346,127,2
23,106.4,457.06666666666666,15.0,5188.5439453125,519774.35882185097,134,1
23,265.01075268817203,1995.4301075268818,93.0,5506.580078125,3222601.024695476,119,3
23,94.0,914.0,1.0,3831.99609375,34651.62392145673,135,1
23,842.0,1204.0,1.0,3921.998046875,34651.62392145673,121,3
23,1633.0,560.0,1.0,4012.931640625,34651.62392145673,136,1
23,114.0,776.0,1.0,4012.931640625,34651.62392145673,137,2
23,717.6,8.8,5.0,5188.5439453125,173258.11960728368,138,5
23,351.0,6.0,1.0,3831.99609375,34651.62392145673,139,2
23,176.0,64.5,2.0,4981.9609375,69303.24784291346,125,3
24,684.0,545.0,1.0,3831.8525390625,34651.62392145673,133,3
24,931.0,1448.6,5.0,6399.8359375,173258.11960728368,132,2
24,114.0,776.0,1.0,4105.6669921875,34651.62392145673,137,2
24,351.5,3.5,4.0,4013.01953125,138606.49568582693,139,2
24,716.6666666666666,8.333333333333334,3.0,4484.052734375,103954.8717643702,138,5
24,749.0,514.3,10.0,4292.3369140625,346516.23921456735,140,1
24,656.4705882352941,508.2352941176471,34.0,4387.2783203125,1178155.213329529,129,4
24,1635.0,570.0,1.0,3831.8525390625,34651.62392145673,141,1
25,683.0,543.5,4.0,4105.73046875,138606.49568582693,133,3
25,1230.0,19.0,1.0,3831.99609375,34651.62392145673,142,2
25,716.5,7.5,2.0,5085.01953125,69303.24784291346,138,5
25,782.0,1176.0,1.0,3831.99609375,34651.62392145673,143,1
25,264.2551020408163,1994.4489795918366,98.0,5188.5439453125,3395859.14430276,144,2
25,841.0,1203.0,1.0,4198.0634765625,34651.62392145673,145,2
25,1859.0,451.5,2.0,4012.931640625,69303.24784291346,146,1
25,655.8823529411765,506.88235294117646,34.0,4387.392578125,1178155.213329529,129,4
25,546.0,745.5,2.0,4012.931640625,69303.24784291346,147,1
26,1635.0,573.0,1.0,3831.7880859375,34651.62392145673,148,1
26,111.66666666666667,780.0,3.0,4105.486328125,103954.8717643702,149,1
26,1229.0,20.0,1.0,4013.1650390625,34651.62392145673,142,2
26,30.0,190.0,1.0,3831.7880859375,34651.62392145673,150,3
26,1833.0,502.0,1.0,3831.7880859375,34651.62392145673,151,1
26,716.0,7.5,6.0,5615.2568359375,207909.7435287404,138,5
26,840.0,1203.0,1.0,3831.7880859375,34651.62392145673,145,2
26,668.0,976.0,1.0,3831.7880859375,34651.62392145673,152,6
26,263.6808510638298,1994.4148936170213,94.0,5293.06640625,3257252.648616933,144,2
27,1920.096,301.24,125.0,4679.9267578125,4331452.9901820915,153,1
27,0.5,943.0,2.0,3831.7880859375,69303.24784291346,154,1
27,668.0,974.0,1.0,3921.77734375,34651.62392145673,152,6
27,714.0,1106.5,2.0,3921.77734375,69303.24784291346,155,1
27,925.0,1447.0,1.0,4582.0107421875,34651.62392145673,156,1
27,1204.5,136.0,2.0,4013.1650390625,69303.24784291346,157,1
27,31.0,190.0,1.0,4013.1650390625,34651.62392145673,150,3
27,716.0,6.5,2.0,4387.5771484375,69303.24784291346,138,5
28,1249.0,40.0,1.0,3831.7626953125,34651.62392145673,158,1
28,547.0,746.5,2.0,4013.1796875,69303.24784291346,159,1
28,32.0,190.0,1.0,3831.7626953125,34651.62392145673,150,3
28,669.0,976.0,1.0,3831.7626953125,34651.62392145673,152,6
28,265.05,1995.12,100.0,5399.0390625,3465162.3921456733,160,2
28,1629.8126806051334,177.06833248342681,5883.0,6633.4912109375,203855503.52992997,161,1
29,654.6285714285714,505.85714285714283,35.0,4387.30859375,1212806.8372509857,162,1
29,114.0,773.0,1.0,3831.8720703125,34651.62392145673,163,1
29,668.0,975.5,2.0,3922.0546875,69303.24784291346,152,6
29,263.44444444444446,1993.5454545454545,99.0,5293.3046875,3430510.7682242165,160,2
29,680.6666666666666,542.3333333333334,3.0,4105.6591796875,103954.8717643702,164,1
29,53.0,1005.0,1.0,3831.8720703125,34651.62392145673,165,1
30,8.0,184.0,1.0,3832.15234375,34651.62392145673,166,1
30,1714.3415300546449,419.9553734061931,1098.0,29563.373046875,38047483.065759495,167,1
30,1214.0,43.0,1.0,4012.95703125,34651.62392145673,168,1
30,668.3333333333334,975.6666666666666,3.0,4012.95703125,103954.8717643702,152,6
30,297.0,1287.0,1.0,3832.15234375,34651.62392145673,169,3
31,680.0,543.0,6.0,4105.8447265625,207909.7435287404,171,3
31,297.0,1288.6666666666667,3.0,3831.857421875,103954.8717643702,169,3
31,1817.0,2028.0,3.0,4198.2802734375,103954.8717643702,172,1
31,669.0,976.0,1.0,4012.935546875,34651.62392145673,152,6
31,94.0,911.0,1.0,3831.857421875,34651.62392145673,173,1
32,1879.0,488.0,1.0,4013.1767578125,34651.62392145673,174,1
32,110.0,778.0,1.0,3832.166015625,34651.62392145673,175,1
32,798.5,1157.0,2.0,3921.9658203125,69303.24784291346,176,1
32,1324.0,1336.0,1.0,4198.41796875,34651.62392145673,177,1
32,296.3333333333333,1288.6666666666667,3.0,4105.796875,103954.8717643702,169,3
32,1834.6666666666667,503.0,3.0,3921.9658203125,103954.8717643702,178,1
32,746.3333333333334,513.3333333333334,3.0,3921.9658203125,103954.8717643702,179,3
32,679.8,543.0,5.0,4387.4208984375,173258.11960728368,171,3
33,747.0,514.0,1.0,3831.931640625,34651.62392145673,179,3
33,679.5,543.1666666666666,6.0,4012.9658203125,207909.7435287404,171,3
33,738.5,13.0,2.0,4105.5986328125,69303.24784291346,181,1
34,1230.0,22.0,1.0,3831.99609375,34651.62392145673,182,1
34,746.0,515.0,1.0,3921.998046875,34651.62392145673,179,3
34,1920.9072847682119,304.682119205298,151.0,6515.2470703125,5232395.212139967,183,1
34,62.0,1002.0,1.0,3831.99609375,34651.62392145673,184,1
34,916.0,909.5,2.0,4198.0634765625,69303.24784291346,185,1
35,298.3333333333333,1289.6666666666667,3.0,4013.1767578125,103954.8717643702,186,4
35,28.0,190.0,1.0,3832.166015625,34651.62392145673,187,1
35,0.0,943.0,1.0,3921.9658203125,34651.62392145673,188,1
35,679.5,543.0,4.0,4013.1767578125,138606.49568582693,189,1
36,794.0,1161.0,1.0,3831.857421875,34651.62392145673,190,1
36,115.66666666666667,777.6666666666666,3.0,4679.890625,103954.8717643702,191,1
36,263.9673913043478,1993.7826086956522,92.0,5398.98828125,3187949.4007740193,192,2
36,297.8333333333333,1289.3333333333333,6.0,4198.2802734375,207909.7435287404,186,4
36,1230.0,20.5,2.0,4012.935546875,69303.24784291346,193,2
36,1460.0,372.0,1.0,4105.8447265625,34651.62392145673,194,1
36,655.28125,506.0,32.0,4198.2802734375,1108851.9654866154,195,3
37,63.5,999.75,12.0,4981.8447265625,415819.4870574808,196,1
37,1.0,943.0,1.0,3831.857421875,34651.62392145673,197,1
37,679.0,542.5,2.0,3921.9228515625,69303.24784291346,198,1
37,654.974358974359,505.4871794871795,39.0,4387.416015625,1351413.3329368127,195,3
37,263.8426966292135,1993.8651685393259,89.0,5506.591796875,3083994.529009649,192,2
37,1132.0,4.0,1.0,4292.13671875,34651.62392145673,199,1
37,1230.0,21.0,1.0,4105.8447265625,34651.62392145673,193,2
37,297.5,1289.0,2.0,4012.935546875,69303.24784291346,186,4
38,297.0,1288.5,4.0,4013.1767578125,138606.49568582693,186,4
38,654.15625,506.03125,32.0,4387.4208984375,1108851.9654866154,195,3
38,1398.6666666666667,943.8333333333334,6.0,4105.796875,207909.7435287404,200,1
38,669.0,979.0,1.0,3832.166015625,34651.62392145673,201,1
38,747.5,511.5,2.0,3921.9658203125,69303.24784291346,202,3
39,677.0,542.0,1.0,3921.9228515625,34651.62392145673,204,1
39,1704.0,460.0,1.0,3921.9228515625,34651.62392145673,205,2
39,797.0,1158.0,1.0,3831.857421875,34651.62392145673,206,1
39,96.0,892.0,1.0,3921.9228515625,34651.62392145673,207,1
39,747.5,511.0,2.0,3831.857421875,69303.24784291346,202,3
40,745.0,511.0,1.0,3832.166015625,34651.62392145673,202,3
40,1701.3333333333333,461.3333333333333,3.0,4105.796875,103954.8717643702,205,2
40,652.8181818181819,505.54545454545456,44.0,4483.802734375,1524671.4525440962,208,2
40,294.0,1288.3333333333333,3.0,3921.9658203125,103954.8717643702,209,1
40,544.0,745.0,1.0,3921.9658203125,34651.62392145673,210,1
41,640.0,605.0,1.0,3831.931640625,34651.62392145673,211,1
41,1677.0,470.0,1.0,3921.7431640625,34651.62392145673,212,1
41,715.6666666666666,1097.3333333333333,3.0,4012.9658203125,103954.8717643702,213,1
41,653.3513513513514,507.1621621621622,37.0,4484.1240234375,1282110.0850938992,208,2
42,1219.5,14.5,2.0,4013.1455078125,69303.24784291346,214,2
42,747.0,512.0,1.0,3832.1669921875,34651.62392145673,215,5
42,5.0,183.0,1.0,3832.1669921875,34651.62392145673,216,1
42,545.0,746.0,1.0,3832.1669921875,34651.62392145673,217,1
42,796.0,1161.0,1.0,3921.951171875,34651.62392145673,218,1
42,104.0,765.5,2.0,4013.1455078125,69303.24784291346,219,1
43,668.0,980.0,1.0,3921.9658203125,34651.62392145673,220,1
43,651.0,568.0,1.0,3832.166015625,34651.62392145673,221,1
43,1215.0,10.6,5.0,4013.1767578125,173258.11960728368,214,2
43,747.0,511.5,4.0,4013.1767578125,138606.49568582693,215,5
43,1333.0,495.5,2.0,3832.166015625,69303.24784291346,222,2
44,782.5,1162.0,2.0,3831.857421875,69303.24784291346,223,1
44,1397.875,945.625,8.0,4581.7666015625,277212.99137165386,224,4
44,544.0,745.5,2.0,3921.9228515625,69303.24784291346,225,1
44,1331.0,495.0,1.0,3831.857421875,34651.62392145673,222,2
44,1756.0,438.0,3.0,5615.1435546875,103954.8717643702,226,3
44,746.5,512.0,2.0,3921.9228515625,69303.24784291346,215,5
45,197.33333333333334,125.83333333333333,6.0,4881.373046875,207909.7435287404,227,4
45,296.3333333333333,1289.3333333333333,3.0,3921.951171875,103954.8717643702,228,5
45,687.0,577.0,1.0,3832.1669921875,34651.62392145673,229,1
45,1398.5,945.0,8.0,4387.3251953125,277212.99137165386,224,4
45,1757.0,438.0,7.0,8255.568359375,242561.3674501971,226,3
45,747.5,511.0,2.0,3921.951171875,69303.24784291346,215,5
45,1215.2727272727273,9.909090909090908,11.0,4581.935546875,381167.86313602404,230,2
46,654.4146341463414,509.0243902439024,41.0,4780.4716796875,1420716.580779726,231,1
46,198.5,127.0,6.0,5188.5673828125,207909.7435287404,227,4
46,1836.0,503.5,2.0,3832.166015625,69303.24784291346,232,1
46,749.0,513.0,1.0,3921.9658203125,34651.62392145673,215,5
46,640.5,606.0,2.0,3832.166015625,69303.24784291346,233,2
46,1399.6,946.4,5.0,4291.9794921875,173258.11960728368,224,4
46,296.0,1289.0,1.0,4105.796875,34651.62392145673,228,5
46,1325.0,487.0,1.0,3832.166015625,34651.62392145673,234,1
46,1758.0,439.0,7.0,7484.341796875,242561.3674501971,226,3
46,1217.5,9.0,4.0,4483.802734375,138606.49568582693,230,2
47,1398.8,945.4,5.0,4387.5771484375,173258.11960728368,224,4
47,197.5,127.0,6.0,5188.623046875,207909.7435287404,227,4
47,294.0,1289.0,1.0,3831.7880859375,34651.62392145673,228,5
47,1426.0,698.5,2.0,4013.1650390625,69303.24784291346,235,3
47,642.0,606.0,1.0,4013.1650390625,34651.62392145673,233,2
48,1844.0,510.0,1.0,3921.998046875,34651.62392145673,236,1
48,197.5,126.5,6.0,4881.234375,207909.7435287404,227,4
48,1426.0,698.0,3.0,4981.9609375,103954.8717643702,235,3
48,293.0,1289.0,1.0,3921.998046875,34651.62392145673,228,5
48,681.0,543.0,1.0,3831.99609375,34651.62392145673,237,1
49,726.0,1131.0,1.0,3831.99609375,34651.62392145673,238,1
49,262.13186813186815,1993.1868131868132,91.0,5085.01953125,3153297.7768525626,239,2
49,1426.0,697.5,2.0,3921.998046875,69303.24784291346,235,3
49,294.0,1289.0,1.0,3831.99609375,34651.62392145673,228,5
49,1216.0,9.0,1.0,3921.998046875,34651.62392145673,240,4
49,21.0,185.0,1.0,4012.931640625,34651.62392145673,241,3
49,377.5,1747.5,2.0,4012.931640625,69303.24784291346,242,1
49,640.2,605.4,5.0,4105.73046875,173258.11960728368,243,1
50,21.0,185.0,1.0,3831.7880859375,34651.62392145673,241,3
50,196.14285714285714,125.71428571428571,7.0,4881.353515625,242561.3674501971,244,3
50,261.3820224719101,1992.123595505618,89.0,5188.623046875,3083994.529009649,239,2
50,1216.35,6.4,20.0,7610.4111328125,693032.4784291347,240,4
50,679.6666666666666,541.6666666666666,3.0,4013.1650390625,103954.8717643702,245,2
50,1845.0,511.0,1.0,3921.77734375,34651.62392145673,246,1
50,748.0,511.0,1.0,4013.1650390625,34651.62392145673,247,1
50,653.1666666666666,509.8333333333333,42.0,4780.6396484375,1455368.2047011827,248,2
51,81.75,870.75,4.0,4387.392578125,138606.49568582693,249,1
51,1397.0,944.5,2.0,3921.998046875,69303.24784291346,250,4
51,195.28571428571428,126.0,7.0,4780.5068359375,242561.3674501971,244,3
51,1216.1379310344828,6.068965517241379,29.0,10493.490234375,1004897.0937222452,240,4
51,21.0,184.0,1.0,3831.99609375,34651.62392145673,241,3
51,652.7708333333334,510.0625,48.0,4581.8515625,1663277.9482299231,248,2
51,638.5,604.0,2.0,4012.931640625,69303.24784291346,251,1
51,678.5,542.0,2.0,4012.931640625,69303.24784291346,245,2
52,1401.0,937.5,2.0,4013.2978515625,69303.24784291346,250,4
52,195.0,125.875,8.0,5399.1533203125,277212.99137165386,244,3
52,260.65263157894736,1991.9052631578948,95.0,4981.837890625,3291904.2725383895,252,3
52,1215.5294117647059,6.588235294117647,17.0,7235.80224609375,589077.6066647645,240,4
52,1815.0,2027.0,1.0,3922.0390625,34651.62392145673,253,2
52,801.0,1169.0,1.0,3832.1552734375,34651.62392145673,254,1
53,1401.0,938.0,1.0,4105.486328125,34651.62392145673,250,4
53,748.0,511.0,1.0,3921.77734375,34651.62392145673,255,2
53,261.07865168539325,1992.9213483146068,89.0,4981.6005859375,3083994.529009649,252,3
53,1816.0,2027.5,2.0,4291.9931640625,69303.24784291346,253,2
53,719.0,1103.0,1.0,4013.1650390625,34651.62392145673,256,1
54,1455.0,350.0,1.0,3921.912109375,34651.62392145673,257,1
54,81.75,872.0,4.0,3921.912109375,138606.49568582693,258,1
54,748.0,511.0,1.0,3831.7568359375,34651.62392145673,255,2
54,1007.0,1012.0,1.0,4387.484375,34651.62392145673,259,1
54,1398.0,945.5,2.0,4012.9921875,69303.24784291346,250,4
54,1392.0,662.0,1.0,4105.458984375,34651.62392145673,260,1
54,261.43956043956047,1992.4395604395604,91.0,5085.1484375,3153297.7768525626,252,3
55,726.0,1130.0,1.0,3921.8427734375,34651.62392145673,261,1
56,1409.0,492.0,1.0,3831.7880859375,34651.62392145673,262,1
56,720.0,1106.0,1.0,3831.7880859375,34651.62392145673,263,1
56,390.125,1755.375,8.0,5085.1123046875,277212.99137165386,264,1
57,1400.0,939.0,1.0,3831.99609375,34651.62392145673,265,1
57,748.0,511.0,1.0,3831.99609375,34651.62392145673,266,1
57,261.5977011494253,1992.5862068965516,87.0,4981.9609375,3014691.2811667356,267,1
57,1562.0,317.0,1.0,3831.99609375,34651.62392145673,268,1
58,297.0,1287.0,1.0,3831.7880859375,34651.62392145673,269,8
59,263.5,1993.628205128205,78.0,4981.6005859375,2702826.6658736253,270,4
59,297.5,1288.5,2.0,3921.77734375,69303.24784291346,269,8
59,83.33333333333333,873.6666666666666,3.0,4105.486328125,103954.8717643702,271,1
59,812.0,1192.0,1.0,3831.7880859375,34651.62392145673,272,1
59,1333.0,1190.0,1.0,3921.77734375,34651.62392145673,273,1
59,1399.0,945.0,1.0,3921.77734375,34651.62392145673,274,2
60,262.8941176470588,1993.5764705882352,85.0,5085.1123046875,2945388.033323822,270,4
60,296.5,1288.25,4.0,4013.1650390625,138606.49568582693,269,8
60,1398.0,944.5,2.0,4105.486328125,69303.24784291346,274,2
60,57.0,818.0,1.0,4013.1650390625,34651.62392145673,275,1
60,1454.0,386.0,1.0,4013.1650390625,34651.62392145673,276,1
60,224.5,161.83333333333334,6.0,6284.8154296875,207909.7435287404,277,2
61,224.0,162.0,1.0,3831.931640625,34651.62392145673,277,2
61,666.0,972.0,1.0,3831.931640625,34651.62392145673,278,3
61,802.0,1192.0,1.0,3831.931640625,34651.62392145673,279,1
61,297.0,1287.0,1.0,4012.9658203125,34651.62392145673,269,8
61,1440.0,713.0,1.0,3921.7431640625,34651.62392145673,280,4
61,262.3953488372093,1992.9186046511627,86.0,5188.509765625,2980039.657245279,270,4
62,1440.0,711.0,1.0,4198.38671875,34651.62392145673,280,4
62,666.0,971.5,2.0,3921.861328125,69303.24784291346,278,3
62,1218.5,14.5,2.0,3832.15234375,69303.24784291346,281,1
62,718.3333333333334,1101.8333333333333,6.0,4105.4404296875,207909.7435287404,282,1
62,297.0,1286.0,1.0,3921.861328125,34651.62392145673,269,8
62,262.34939759036143,1992.3493975903614,83.0,4780.5703125,2876084.7854809086,270,4
62,85.0,878.5,2.0,3921.861328125,69303.24784291346,283,1
63,1397.0,943.0,1.0,3921.998046875,34651.62392145673,284,1
63,665.0,971.0,1.0,3831.99609375,34651.62392145673,278,3
63,1440.0,710.5,2.0,4387.392578125,69303.24784291346,280,4
63,296.0,1286.0,1.0,3831.99609375,34651.62392145673,269,8
63,792.0,1187.0,1.0,3831.99609375,34651.62392145673,285,1
64,730.4,2.8,5.0,6633.4091796875,173258.11960728368,286,2
64,1440.5,709.0,2.0,4292.302734375,69303.24784291346,280,4
64,684.5,573.0,2.0,3832.0849609375,69303.24784291346,287,1
64,296.5,1285.5,2.0,3921.6728515625,69303.24784291346,269,8
64,261.64102564102564,1990.9615384615386,78.0,4881.2177734375,2702826.6658736253,288,5
65,196.0,125.4,5.0,4292.2431640625,173258.11960728368,289,1
65,730.3333333333334,2.6666666666666665,3.0,4680.142578125,103954.8717643702,286,2
65,296.5,1286.0,2.0,3921.912109375,69303.24784291346,269,8
65,261.4025974025974,1992.3116883116884,77.0,4981.5849609375,2668175.0419521686,288,5
65,653.08,510.22,50.0,4582.126953125,1732581.1960728366,291,2
66,653.7608695652174,510.10869565217394,46.0,4680.1123046875,1593974.7003870097,291,2
66,1358.0,503.0,1.0,3831.755859375,34651.62392145673,293,1
66,262.05,1992.0875,80.0,4881.263671875,2772129.913716539,288,5
66,82.5,873.0,2.0,3831.755859375,69303.24784291346,294,1
67,262.8,1992.52,75.0,4881.2177734375,2598871.794109255,288,5
67,1216.0,1.5,2.0,4105.8505859375,69303.24784291346,295,2
68,653.9761904761905,509.3333333333333,42.0,4780.5068359375,1455368.2047011827,296,1
68,1216.0,0.5,2.0,4483.9228515625,69303.24784291346,295,2
68,262.11538461538464,1991.4358974358975,78.0,4981.9609375,2702826.6658736253,288,5
68,105.0,737.0,1.0,3831.99609375,34651.62392145673,297,1
68,96.25,894.5,4.0,4012.931640625,138606.49568582693,298,1
68,1022.0,956.0,3.0,4012.931640625,103954.8717643702,299,1
68,1171.5,34.0,2.0,4292.26171875,69303.24784291346,300,1
68,197.0,124.0,1.0,3831.99609375,34651.62392145673,301,1
69,793.5,1187.0,2.0,3831.7568359375,69303.24784291346,302,4
69,295.0,1286.0,1.0,3831.7568359375,34651.62392145673,303,2
69,607.0,1309.0,1.0,4105.763671875,34651.62392145673,304,2
70,546.0,745.0,1.0,4012.931640625,34651.62392145673,305,1
70,1039.5,624.5,2.0,4105.73046875,69303.24784291346,306,2
70,795.0,1187.0,1.0,3921.998046875,34651.62392145673,302,4
70,1444.0,1836.0,1.0,9201.2958984375,34651.62392145673,307,1
70,298.0,1285.0,4.0,3831.99609375,138606.49568582693,303,2
70,608.0,1309.0,1.0,3921.998046875,34651.62392145673,304,2
70,262.7567567567568,1992.527027027027,74.0,4679.7802734375,2564220.1701877983,308,4
70,40.25,921.0,4.0,4198.0634765625,138606.49568582693,309,1
71,1723.871794871795,399.8205128205128,39.0,7993.91796875,1351413.3329368127,310,4
71,794.0,1187.0,1.0,3831.822265625,34651.62392145673,302,4
71,1046.0,631.0,1.0,4013.16796875,34651.62392145673,306,2
71,1358.0,503.0,3.0,4013.16796875,103954.8717643702,311,1
71,199.0,125.0,1.0,4013.16796875,34651.62392145673,312,1
71,1218.7209302325582,8.581395348837209,43.0,8386.912109375,1490019.8286226394,313,2
71,263.7564102564103,1992.8846153846155,78.0,4881.203125,2702826.6658736253,308,4
72,262.72972972972974,1992.7297297297298,74.0,4780.361328125,2564220.1701877983,308,4
72,1314.0,545.0,1.0,3831.931640625,34651.62392145673,314,1
72,97.0,895.5,2.0,3831.931640625,69303.24784291346,315,1
72,793.5,1186.5,2.0,3831.931640625,69303.24784291346,302,4
72,725.0,1086.0,1.0,3921.7431640625,34651.62392145673,316,1
72,835.0,1200.0,1.0,3921.7431640625,34651.62392145673,317,1
72,297.5,1286.0,2.0,4105.5986328125,69303.24784291346,318,3
72,1218.6727272727273,8.4,55.0,6515.46484375,1905839.3156801204,313,2
72,1723.6315789473683,399.1842105263158,38.0,8255.7421875,1316761.709015356,310,4
73,1723.878787878788,398.4848484848485,33.0,9623.005859375,1143503.5894080722,310,4
73,542.0,748.0,1.0,3832.15234375,34651.62392145673,319,1
73,159.54455445544554,144.4950495049505,101.0,8255.6376953125,3499814.01606713,320,1
73,747.5,500.0,2.0,3921.861328125,69303.24784291346,321,1
73,297.6,1285.2,5.0,4012.95703125,173258.11960728368,318,3
73,262.76056338028167,1992.380281690141,71.0,4780.5703125,2460265.298423428,308,4
73,21.0,179.0,1.0,3832.15234375,34651.62392145673,322,1
73,1358.0,502.6666666666667,3.0,4105.4404296875,103954.8717643702,323,2
74,1357.0,503.0,1.0,4013.2978515625,34651.62392145673,323,2
74,1174.0,471.0,1.0,5293.2197265625,34651.62392145673,324,1
74,654.0,510.05405405405406,37.0,4780.517578125,1282110.0850938992,325,1
74,1723.09375,398.4375,32.0,9201.314453125,1108851.9654866154,310,4
74,297.0,1285.25,4.0,4387.5068359375,138606.49568582693,318,3
75,1315.0,561.0,1.0,3921.77734375,34651.62392145673,326,2
75,781.0,1161.0,3.0,4105.486328125,103954.8717643702,327,1
75,102.0,739.5,2.0,3921.77734375,69303.24784291346,328,1
75,1713.5,1943.0,4.0,5723.8974609375,138606.49568582693,329,5
75,197.0,124.0,1.0,3831.7880859375,34651.62392145673,330,1
76,1713.5,1942.75,4.0,4291.9794921875,138606.49568582693,329,5
76,717.5,1099.5,2.0,4013.1767578125,69303.24784291346,331,3
76,1215.0,5.0,1.0,4013.1767578125,34651.62392145673,332,1
76,1317.0,558.0,1.0,4013.1767578125,34651.62392145673,326,2
76,811.0,1191.0,1.0,3832.166015625,34651.62392145673,333,1
76,296.0,1284.5,2.0,4013.1767578125,69303.24784291346,334,1
76,332.0,2044.5,2.0,4105.796875,69303.24784291346,335,1
76,261.15492957746477,1992.1549295774648,71.0,4881.0849609375,2460265.298423428,336,3
77,1356.5,502.5,4.0,4198.2802734375,138606.49568582693,337,2
77,1715.5,1943.0,2.0,4780.3837890625,69303.24784291346,329,5
77,262.07142857142856,1992.7571428571428,70.0,4780.3837890625,2425613.6745019713,336,3
77,718.0,1099.5,2.0,4012.935546875,69303.24784291346,331,3
77,1313.0,499.0,1.0,3831.857421875,34651.62392145673,338,1
77,834.0,1199.0,1.0,3921.9228515625,34651.62392145673,339,1
78,262.7910447761194,1992.4328358208954,67.0,4881.376953125,2321658.802737601,336,3
78,1717.6666666666667,1942.5555555555557,9.0,5944.9375,311864.6152931106,329,5
78,719.0,1099.5,2.0,4105.4404296875,69303.24784291346,331,3
78,667.0,972.5,2.0,3832.15234375,69303.24784291346,340,1
78,1311.0,545.0,1.0,3832.15234375,34651.62392145673,341,1
78,685.6666666666666,574.3333333333334,3.0,4105.4404296875,103954.8717643702,342,3
78,1357.2222222222222,502.44444444444446,9.0,5399.28515625,311864.6152931106,337,2
78,1221.0,7.5,2.0,4012.95703125,69303.24784291346,343,1
79,782.0,1161.0,1.0,3832.1552734375,34651.62392145673,344,1
79,686.0,575.5,2.0,4013.2978515625,69303.24784291346,342,3
79,1721.0,1944.0,1.0,3832.1552734375,34651.62392145673,329,5
79,654.195652173913,511.04347826086956,46.0,4387.5068359375,1593974.7003870097,345,1
80,543.0,749.0,1.0,3921.751953125,34651.62392145673,346,1
80,813.0,1192.0,1.0,3832.1259765625,34651.62392145673,347,1
80,262.7910447761194,1993.2985074626865,67.0,4679.9794921875,2321658.802737601,348,1
80,296.0,1288.0,4.0,4105.5419921875,138606.49568582693,349,5
80,1500.0,401.0,1.0,12673.705078125,34651.62392145673,350,1
80,1357.0,503.0,1.0,3921.751953125,34651.62392145673,351,1
80,685.6666666666666,575.6666666666666,3.0,4198.193359375,103954.8717643702,342,3
80,719.0,1100.5,2.0,3832.1259765625,69303.24784291346,352,3
81,1582.0,419.0,1.0,3831.8525390625,34651.62392145673,353,1
81,96.0,897.0,1.0,3831.8525390625,34651.62392145673,354,2
81,718.0,1100.5,2.0,4013.01953125,69303.24784291346,352,3
81,1232.0,8.0,1.0,4013.01953125,34651.62392145673,355,2
81,294.0,1288.5,4.0,4105.6669921875,138606.49568582693,349,5
82,1357.0,502.5,2.0,3921.77734375,69303.24784291346,356,1
82,96.0,898.0,1.0,3831.7880859375,34651.62392145673,354,2
82,670.0,973.0,1.0,3921.77734375,34651.62392145673,357,4
82,685.6666666666666,575.6666666666666,3.0,4013.1650390625,103954.8717643702,358,1
82,1840.0,505.0,1.0,3831.7880859375,34651.62392145673,359,1
82,1233.0,7.5,2.0,3921.77734375,69303.24784291346,355,2
82,1412.0,686.0,1.0,4105.486328125,34651.62392145673,360,1
82,294.0,1288.5,4.0,4013.1650390625,138606.49568582693,349,5
82,790.0,1163.0,1.0,3831.7880859375,34651.62392145673,361,1
82,262.7361111111111,1993.3194444444443,72.0,4881.353515625,2494916.922344885,362,1
82,719.0,1100.0,1.0,3921.77734375,34651.62392145673,352,3
83,778.0,1171.0,1.0,3831.7880859375,34651.62392145673,363,1
83,670.0,976.5,2.0,3921.77734375,69303.24784291346,357,4
83,290.0,865.0,1.0,3831.7880859375,34651.62392145673,364,1
83,296.0,1289.0,1.0,3921.77734375,34651.62392145673,349,5
84,109.0,785.0,1.0,3831.7880859375,34651.62392145673,365,1
84,1726.5,366.5,2.0,3921.77734375,69303.24784291346,366,2
84,1750.0,409.0,1.0,3921.77734375,34651.62392145673,367,1
84,296.0,1286.0,1.0,3831.7880859375,34651.62392145673,349,5
84,719.0,1101.0,1.0,3831.7880859375,34651.62392145673,368,1
84,169.0,1614.0,1.0,4291.9931640625,34651.62392145673,369,1
84,670.3333333333334,976.3333333333334,3.0,3921.77734375,103954.8717643702,357,4
85,1726.5,366.0,2.0,3921.6728515625,69303.24784291346,366,2
85,291.0,864.5,2.0,4198.1669921875,69303.24784291346,370,1
85,914.0,668.0,1.0,3832.0849609375,34651.62392145673,371,1
85,686.0,576.0,3.0,4198.1669921875,103954.8717643702,372,1
85,666.0,974.0,1.0,3832.0849609375,34651.62392145673,357,4
85,786.0,1163.0,1.0,3832.0849609375,34651.62392145673,373,1
85,1837.0,501.0,1.0,3832.0849609375,34651.62392145673,374,2
86,1172.5,36.5,2.0,4013.1279296875,69303.24784291346,375,2
86,298.0,1284.0,1.0,3921.6845703125,34651.62392145673,376,2
86,719.0,1100.5,2.0,4105.4501953125,69303.24784291346,377,2
86,1836.0,499.0,1.0,3832.0,34651.62392145673,374,2
86,262.7260273972603,1993.6849315068494,73.0,4981.6337890625,2529568.5462663416,378,3
87,1714.0,1942.0,1.0,4581.9560546875,34651.62392145673,379,2
87,912.0,667.0,1.0,3831.85986328125,34651.62392145673,380,1
87,1420.0,652.5,2.0,4387.32373046875,69303.24784291346,381,1
87,718.0,1099.0,1.0,4013.00830078125,34651.62392145673,377,2
87,261.5432098765432,1992.2716049382716,81.0,5188.42333984375,2806781.537637995,378,3
87,22.0,189.0,1.0,3831.85986328125,34651.62392145673,382,3
87,1562.0,312.0,1.0,3831.85986328125,34651.62392145673,383,1
87,1724.0,365.0,1.0,3831.85986328125,34651.62392145673,385,1
87,1139.0,8.0,1.0,3831.85986328125,34651.62392145673,386,1
87,1171.0,34.833333333333336,6.0,4198.2607421875,207909.7435287404,375,2
87,293.0,1287.0,1.0,4013.00830078125,34651.62392145673,376,2
88,22.0,189.0,1.0,3921.751953125,34651.62392145673,382,3
88,1714.0,1942.0,1.0,3831.9638671875,34651.62392145673,379,2
88,815.5,1549.0,2.0,4484.189453125,69303.24784291346,387,3
88,789.0,1166.0,1.0,3831.9638671875,34651.62392145673,388,1
88,260.9375,1992.1625,80.0,5085.10693359375,2772129.913716539,378,3
88,1751.0,397.0,1.0,4105.603515625,34651.62392145673,389,1
89,24.0,189.5,2.0,4105.49462890625,69303.24784291346,382,3
89,816.5,1550.0,4.0,4679.81103515625,138606.49568582693,387,3
89,1840.0,506.0,1.0,3832.04248046875,34651.62392145673,390,1
90,1316.0,503.0,1.0,3831.8193359375,34651.62392145673,391,1
90,1235.0,6.5,2.0,4198.1298828125,69303.24784291346,392,1
90,723.0,1109.0,1.0,3921.68359375,34651.62392145673,393,1
90,95.0,900.0,1.0,3831.8193359375,34651.62392145673,394,1
90,296.0,1288.0,1.0,4013.1611328125,34651.62392145673,395,1
90,1726.0,370.0,1.0,3831.8193359375,34651.62392145673,396,1
90,814.5,1550.0,2.0,4013.1611328125,69303.24784291346,387,3
91,1225.0,2.0,1.0,3831.99853515625,34651.62392145673,397,1
92,1567.5,311.5,2.0,3921.77734375,69303.24784291346,398,1
92,1718.0,1943.0,1.0,5085.1123046875,34651.62392145673,399,1
92,715.0,534.0,1.0,4013.1650390625,34651.62392145673,400,1
92,263.3975903614458,1993.1566265060242,83.0,4881.353515625,2876084.7854809086,401,6
93,262.87654320987656,1992.3703703703704,81.0,4881.2587890625,2806781.537637995,401,6
93,818.5,1549.0,2.0,4198.388671875,69303.24784291346,402,2
93,163.5,1610.0,2.0,4387.484375,69303.24784291346,403,1
93,666.5,975.0,2.0,3831.7568359375,69303.24784291346,404,1
93,1335.0,491.0,1.0,3831.7568359375,34651.62392145673,405,1
93,299.0,1279.0,1.0,3831.7568359375,34651.62392145673,406,1
93,1224.888888888889,2.7777777777777777,9.0,5293.19921875,311864.6152931106,407,2
94,1399.8181818181818,940.1818181818181,11.0,4679.91259765625,381167.86313602404,408,3
94,1224.25,3.5,4.0,4198.2470703125,138606.49568582693,407,2
94,1717.0,1943.0,1.0,4387.5703125,34651.62392145673,409,1
94,818.0,1549.5,2.0,4013.2001953125,69303.24784291346,402,2
94,262.3414634146341,1992.841463414634,82.0,4780.599609375,2841433.161559452,401,6
94,54.55522807017544,713.0400561403509,35625.0,11403.400390625,1234464102.2018962,410,1
95,721.0,1110.0,1.0,3831.8994140625,34651.62392145673,411,1
95,1400.5833333333333,941.6666666666666,12.0,4680.06689453125,415819.4870574808,408,3
95,742.0,500.0,1.0,3831.8994140625,34651.62392145673,412,1
95,263.1794871794872,1994.5897435897436,78.0,4881.25830078125,2702826.6658736253,401,6
95,4.75,189.0,4.0,4013.2294921875,138606.49568582693,413,5
95,151.0,1610.0,1.0,4013.2294921875,34651.62392145673,414,1
96,1334.0,495.0,1.0,3831.90625,34651.62392145673,415,1
96,263.43373493975906,1993.3855421686746,83.0,4780.5849609375,2876084.7854809086,401,6
96,298.0,1287.0,1.0,3831.90625,34651.62392145673,416,2
96,1400.9,940.5,10.0,4387.5068359375,346516.23921456735,408,3
96,92.5,887.0,4.0,4780.5849609375,138606.49568582693,417,1
96,1421.0,656.0,1.0,3831.90625,34651.62392145673,418,1
96,1230.5,18.0,2.0,4013.01171875,69303.24784291346,419,8
96,5.333333333333333,188.5,6.0,3921.986328125,207909.7435287404,413,5
96,104.0,450.0,1.0,3831.90625,34651.62392145673,420,1
97,5.5,187.66666666666666,6.0,4198.326171875,207909.7435287404,413,5
97,672.0,976.0,1.0,4013.1884765625,34651.62392145673,421,2
97,723.0,1107.0,1.0,3832.0224609375,34651.62392145673,422,1
97,298.5,1286.0,2.0,3832.0224609375,69303.24784291346,416,2
97,1719.0,1943.0,1.0,3832.0224609375,34651.62392145673,423,1
97,263.6279069767442,1993.1627906976744,86.0,4780.62353515625,2980039.657245279,401,6
97,1230.5,17.0,2.0,3921.841796875,69303.24784291346,419,8
98,1418.0,649.0,3.0,3921.73291015625,103954.8717643702,424,1
98,725.5,526.5,2.0,3921.73291015625,69303.24784291346,425,2
98,672.0,976.0,1.0,4198.2080078125,34651.62392145673,421,2
98,4.555555555555555,188.11111111111111,9.0,4387.31982421875,311864.6152931106,413,5
98,1230.3333333333333,17.333333333333332,3.0,4292.2373046875,103954.8717643702,419,8
99,1141.0,8.0,5.0,4198.177734375,173258.11960728368,426,3
99,1205.3333333333333,125.33333333333333,3.0,3921.7158203125,103954.8717643702,427,2
99,3.25,185.75,8.0,4105.763671875,277212.99137165386,413,5
99,723.0,523.5,2.0,3831.90478515625,69303.24784291346,425,2
99,542.2,748.6,5.0,4105.763671875,173258.11960728368,428,1
99,1187.5,791.5,4.0,4292.154296875,138606.49568582693,429,2
99,261.64367816091954,1991.1954022988505,87.0,4881.263671875,3014691.2811667356,430,2
99,720.5,1106.0,2.0,3921.7158203125,69303.24784291346,431,1
99,1228.3333333333333,15.666666666666666,3.0,4292.154296875,103954.8717643702,419,8
100,1228.0,16.75,4.0,4292.07177734375,138606.49568582693,419,8
100,1140.25,8.25,4.0,4483.88623046875,138606.49568582693,426,3
100,1346.25,706.25,4.0,3921.986328125,138606.49568582693,432,2
100,104.0,767.0,1.0,3831.90625,34651.62392145673,433,1
100,1186.6666666666667,792.3333333333334,3.0,4387.5068359375,103954.8717643702,429,2
100,670.0,976.0,1.0,4013.01171875,34651.62392145673,434,7
100,832.5,1197.5,2.0,3921.986328125,69303.24784291346,435,1
100,1205.0,126.25,4.0,4292.07177734375,138606.49568582693,427,2
100,1416.0,645.0,1.0,3831.90625,34651.62392145673,436,1
100,297.0,1285.0,1.0,3921.986328125,34651.62392145673,437,1
100,261.08988764044943,1991.9662921348315,89.0,4881.05908203125,3083994.529009649,430,2
101,671.6666666666666,976.3333333333334,3.0,3921.8623046875,103954.8717643702,434,7
101,722.0,1108.0,3.0,4387.26416015625,103954.8717643702,438,2
101,95.0,891.0,1.0,3831.96240234375,34651.62392145673,439,1
101,1348.0,708.0,1.0,3831.96240234375,34651.62392145673,432,2
101,1336.0,1316.5,2.0,4387.26416015625,69303.24784291346,440,2
101,644.5,605.0,2.0,3831.96240234375,69303.24784291346,441,1
101,1401.75,940.75,4.0,4013.06005859375,138606.49568582693,442,1
101,4.818181818181818,188.0909090909091,11.0,4483.9794921875,381167.86313602404,443,2
101,1230.75,18.0,4.0,4292.17138671875,138606.49568582693,419,8
101,1142.3333333333333,10.333333333333334,3.0,4483.9794921875,103954.8717643702,426,3
101,543.5,749.0,2.0,4013.06005859375,69303.24784291346,444,1
101,654.575,511.425,40.0,4387.26416015625,1386064.9568582694,445,1
102,1337.0,1318.0,1.0,3832.0341796875,34651.62392145673,440,2
102,262.9886363636364,1993.6704545454545,88.0,4881.1884765625,3049342.9050881923,446,5
102,1718.0,1944.0,1.0,3832.0341796875,34651.62392145673,447,2
102,722.6666666666666,1108.3333333333333,6.0,4198.3544921875,207909.7435287404,438,2
102,672.3333333333334,976.6666666666666,3.0,4012.94482421875,103954.8717643702,434,7
102,4.8,188.33333333333334,15.0,4680.03369140625,519774.35882185097,443,2
102,1230.6666666666667,18.333333333333332,3.0,4198.3544921875,103954.8717643702,419,8
103,263.20454545454544,1993.1363636363637,88.0,4880.9873046875,3049342.9050881923,446,5
103,1231.5,18.0,4.0,4013.02734375,138606.49568582693,419,8
103,803.3333333333334,1171.3333333333333,3.0,4013.02734375,103954.8717643702,448,1
103,1146.0,1468.0,1.0,3921.96484375,34651.62392145673,449,2
103,1719.0,1943.0,1.0,4105.73046875,34651.62392145673,447,2
103,672.5,976.0,2.0,4013.02734375,69303.24784291346,434,7
103,714.0,534.5,2.0,4013.02734375,69303.24784291346,450,1
104,671.0,975.6666666666666,3.0,4012.9345703125,103954.8717643702,434,7
104,1145.0,1467.0,1.0,5615.16796875,34651.62392145673,449,2
104,722.25,1107.0,4.0,4198.2763671875,138606.49568582693,451,7
104,544.0,748.0,1.0,4105.8310546875,34651.62392145673,452,1
104,644.0,605.5,2.0,3832.103515625,69303.24784291346,453,1
104,1562.0,312.0,1.0,3832.103515625,34651.62392145673,454,1
104,262.3875,1992.35,80.0,4881.017578125,2772129.913716539,446,5
104,4.105263157894737,186.73684210526315,19.0,4582.037109375,658380.854507678,455,4
105,1720.7142857142858,1944.7142857142858,7.0,7359.5078125,242561.3674501971,456,3
105,295.25,1287.3333333333333,12.0,4292.3115234375,415819.4870574808,457,1
105,219.0,1901.5,2.0,4581.8095703125,69303.24784291346,458,1
105,1127.0,805.0,1.0,3922.00390625,34651.62392145673,459,1
105,4.0,188.0,16.0,4581.8095703125,554425.9827433077,455,4
105,722.0,1108.25,4.0,4198.1650390625,138606.49568582693,451,7
105,654.6842105263158,509.42105263157896,38.0,4292.3115234375,1316761.709015356,460,1
105,671.6666666666666,977.0,3.0,3922.00390625,103954.8717643702,434,7
105,1218.4285714285713,10.714285714285714,7.0,6056.37109375,242561.3674501971,461,2
105,262.45348837209303,1993.8488372093022,86.0,4881.11572265625,2980039.657245279,446,5
106,163.75,149.875,8.0,4484.0234375,277212.99137165386,462,4
106,4.866666666666666,187.6,15.0,4484.0234375,519774.35882185097,455,4
106,646.0,606.5,2.0,4105.69189453125,69303.24784291346,463,1
106,672.0,976.0,1.0,4105.69189453125,34651.62392145673,434,7
106,723.6,1108.2,5.0,4292.24658203125,173258.11960728368,451,7
106,1332.0,500.0,1.0,3831.80712890625,34651.62392145673,464,1
106,1561.0,318.0,1.0,3831.80712890625,34651.62392145673,465,1
106,1367.5,732.5,4.0,5833.716796875,138606.49568582693,466,1
106,1722.8333333333333,1944.6666666666667,6.0,6751.40380859375,207909.7435287404,456,3
106,264.1264367816092,1993.3218390804598,87.0,4981.8896484375,3014691.2811667356,446,5
106,693.0,65.0,1.0,3831.80712890625,34651.62392145673,467,2
106,1220.0,11.2,10.0,5833.716796875,346516.23921456735,461,2
107,687.5333333333333,575.0,15.0,5188.451171875,519774.35882185097,468,3
107,545.0,749.5,2.0,4105.755859375,69303.24784291346,469,1
107,656.078947368421,508.44736842105266,38.0,4483.98291015625,1316761.709015356,470,1
107,714.0,534.0,1.0,3832.0615234375,34651.62392145673,471,1
107,102.0,467.0,1.0,3832.0615234375,34651.62392145673,472,1
107,4.125,187.3125,16.0,4387.31884765625,554425.9827433077,455,4
107,692.0,64.5,2.0,4292.0595703125,69303.24784291346,467,2
107,163.22222222222223,149.55555555555554,9.0,4105.755859375,311864.6152931106,462,4
107,1404.2307692307693,944.0,13.0,4105.755859375,450471.11097893753,473,1
107,723.3333333333334,1107.6666666666667,3.0,4387.31884765625,103954.8717643702,451,7
107,1722.0,1944.3333333333333,3.0,5188.451171875,103954.8717643702,456,3
107,295.77777777777777,1287.5,18.0,4387.31884765625,623729.2305862212,474,1
108,723.5,1107.5,4.0,4013.19091796875,138606.49568582693,451,7
108,646.0,605.5,2.0,4013.19091796875,69303.24784291346,475,1
108,263.9130434782609,1992.8369565217392,92.0,5085.22509765625,3187949.4007740193,476,5
108,619.0,393.0,3.0,6871.09912109375,103954.8717643702,477,2
108,1211.5,137.0,2.0,3921.72900390625,69303.24784291346,478,1
108,687.3333333333334,574.4666666666667,15.0,5188.34765625,519774.35882185097,468,3
108,163.0,148.375,8.0,4105.74560546875,277212.99137165386,462,4
109,722.5,1107.0,2.0,4292.0595703125,69303.24784291346,451,7
109,1331.0,497.0,1.0,4013.02587890625,34651.62392145673,479,1
109,714.0,534.0,1.0,3921.9814453125,34651.62392145673,480,1
109,1451.0,690.0,1.0,3921.9814453125,34651.62392145673,481,1
109,686.5882352941177,573.5882352941177,17.0,5188.451171875,589077.6066647645,468,3
109,619.2,391.6,5.0,5506.5439453125,173258.11960728368,477,2
109,2.75,185.91666666666666,12.0,4387.31884765625,415819.4870574808,482,2
109,162.125,147.75,8.0,4013.02587890625,277212.99137165386,462,4
109,263.0125,1992.2125,80.0,4981.916015625,2772129.913716539,476,5
110,1560.0,315.0,1.0,3831.81982421875,34651.62392145673,483,1
110,3.1538461538461537,186.53846153846155,13.0,4198.341796875,450471.11097893753,482,2
110,654.7428571428571,507.37142857142857,35.0,4292.291015625,1212806.8372509857,484,1
110,1735.5,409.0,2.0,3831.81982421875,69303.24784291346,485,1
110,722.3333333333334,1107.3333333333333,3.0,4013.13623046875,103954.8717643702,451,7
110,262.25581395348837,1992.6860465116279,86.0,4881.1201171875,2980039.657245279,476,5
110,1141.0,1470.0,1.0,4581.91845703125,34651.62392145673,486,2
111,1210.0,129.0,1.0,3831.83642578125,34651.62392145673,487,1
111,6.0,940.0,1.0,3831.83642578125,34651.62392145673,489,1
111,1218.0,11.0,1.0,3831.83642578125,34651.62392145673,490,1
111,94.5,450.0,2.0,4013.17724609375,69303.24784291346,491,1
111,669.0,980.0,1.0,3831.83642578125,34651.62392145673,492,2
111,295.27777777777777,1286.888888888889,18.0,4387.447265625,623729.2305862212,493,2
111,263.19101123595505,1992.7078651685392,89.0,4981.9169921875,3083994.529009649,476,5
111,1142.5,1469.5,2.0,4780.46533203125,69303.24784291346,486,2
112,1560.0,315.0,1.0,3831.994140625,34651.62392145673,494,1
112,2.3636363636363638,186.27272727272728,11.0,4013.1630859375,381167.86313602404,495,3
112,655.1515151515151,508.72727272727275,33.0,4387.38134765625,1143503.5894080722,496,1
112,542.0,748.0,1.0,4105.60400390625,34651.62392145673,497,1
112,294.5263157894737,1286.4736842105262,19.0,4581.91552734375,658380.854507678,493,2
112,672.0,976.0,1.0,3831.994140625,34651.62392145673,492,2
112,262.8791208791209,1992.2857142857142,91.0,5084.95703125,3153297.7768525626,476,5
112,1724.0,365.0,1.0,3921.8359375,34651.62392145673,498,2
113,1169.0,35.0,1.0,3831.9912109375,34651.62392145673,499,2
113,1230.0,17.0,1.0,4105.5302734375,34651.62392145673,500,3
113,3.75,187.25,12.0,4292.1025390625,415819.4870574808,495,3
113,724.0,1129.0,1.0,3831.9912109375,34651.62392145673,501,3
113,712.0,534.0,1.0,3831.9912109375,34651.62392145673,502,1
113,1729.0,371.0,1.0,3831.9912109375,34651.62392145673,498,2
113,818.0,1552.0,3.0,4292.1025390625,103954.8717643702,503,2
114,725.0,1129.0,1.0,3832.1259765625,34651.62392145673,501,3
114,672.5,976.0,2.0,3921.91796875,69303.24784291346,504,1
114,0.0,943.0,1.0,3832.1259765625,34651.62392145673,505,1
114,1402.7894736842106,943.7368421052631,19.0,4387.44140625,658380.854507678,506,1
114,1350.0,702.0,1.0,3832.1259765625,34651.62392145673,507,1
114,177.83333333333334,1617.0,6.0,6515.42578125,207909.7435287404,508,1
114,263.4020618556701,1993.2474226804125,97.0,4981.9873046875,3361207.520381303,509,1
114,294.72727272727275,1288.0,11.0,4291.9833984375,381167.86313602404,510,1
114,818.0,1551.0,1.0,4013.017578125,34651.62392145673,503,2
114,1137.0,0.0,1.0,3832.1259765625,34651.62392145673,511,1
114,764.0,689.0,1.0,3832.1259765625,34651.62392145673,512,3
114,1230.5,17.0,2.0,4105.8603515625,69303.24784291346,500,3
114,4.0,187.45454545454547,11.0,4387.44140625,381167.86313602404,495,3
114,1169.0,35.0,1.0,3832.1259765625,34651.62392145673,499,2
115,219.0,1907.0,1.0,4198.0947265625,34651.62392145673,513,1
115,724.0,1128.0,1.0,3921.8759765625,34651.62392145673,501,3
115,1142.0,1469.0,1.0,5188.369140625,34651.62392145673,514,2
115,762.5,689.5,2.0,4292.126953125,69303.24784291346,512,3
115,1692.0,1959.5,2.0,3921.8759765625,69303.24784291346,515,3
115,1230.0,16.0,1.0,3921.8759765625,34651.62392145673,500,3
115,0.0,571.0,1.0,3831.76171875,34651.62392145673,516,1
115,655.2105263157895,510.7368421052632,19.0,4105.5322265625,658380.854507678,517,1
116,763.0,690.0,3.0,4679.9970703125,103954.8717643702,512,3
116,178.0,1617.3333333333333,12.0,10493.56640625,415819.4870574808,518,2
116,1692.75,1961.0,4.0,5723.78515625,138606.49568582693,515,3
116,1019.0,963.0,1.0,3921.76953125,34651.62392145673,519,1
116,1143.0,1469.6666666666667,3.0,5293.2412109375,103954.8717643702,514,2
116,1141.2,0.4,5.0,5615.046875,173258.11960728368,520,2
116,162.0,150.0,1.0,3832.1337890625,34651.62392145673,521,1
116,263.5744680851064,1993.0531914893618,94.0,4881.3095703125,3257252.648616933,522,3
116,294.22222222222223,1288.2222222222222,9.0,4198.0234375,311864.6152931106,523,1
116,672.5,976.0,2.0,4105.44921875,69303.24784291346,524,1
117,726.0,1131.0,1.0,3921.9228515625,34651.62392145673,525,3
117,264.96875,1994.2083333333333,96.0,5293.2802734375,3326555.8964598463,522,3
117,1694.0,1961.5,4.0,5293.2802734375,138606.49568582693,515,3
117,179.33333333333334,1618.8095238095239,21.0,16512.529296875,727684.1023505913,518,2
117,644.1818181818181,606.2727272727273,11.0,4105.8447265625,381167.86313602404,526,1
117,5.111111111111111,188.22222222222223,9.0,4012.935546875,311864.6152931106,527,1
117,1140.7142857142858,0.2857142857142857,7.0,4780.3837890625,242561.3674501971,520,2
118,713.0,533.0,1.0,3832.0615234375,34651.62392145673,528,1
118,1212.0,11.0,1.0,3832.0615234375,34651.62392145673,529,1
118,726.0,1130.0,1.0,3832.0615234375,34651.62392145673,525,3
118,1173.0,37.0,1.0,3921.9814453125,34651.62392145673,530,1
118,163.0,150.0,1.0,3921.9814453125,34651.62392145673,531,1
118,264.85263157894735,1993.7263157894736,95.0,4780.4384765625,3291904.2725383895,522,3
119,673.5,977.0,4.0,4013.0400390625,138606.49568582693,532,2
119,1693.5,1961.0,2.0,4581.93701171875,69303.24784291346,533,2
119,1124.0,17.0,1.0,4581.93701171875,34651.62392145673,534,1
119,725.0,1130.0,1.0,3832.009765625,34651.62392145673,525,3
119,179.83333333333334,1618.75,24.0,18821.6875,831638.9741149616,535,4
120,1692.5,1960.5,4.0,4680.0400390625,138606.49568582693,533,2
120,174.73529411764707,1616.3823529411766,34.0,11248.8603515625,1178155.213329529,535,4
120,1172.0,37.666666666666664,3.0,3921.931640625,103954.8717643702,536,1
120,672.0,976.5,4.0,4292.048828125,138606.49568582693,532,2
121,173.75555555555556,1615.7111111111112,45.0,15415.0703125,1559323.076465553,535,4
121,767.0,687.0,1.0,3921.7666015625,34651.62392145673,537,1
121,189.0,129.0,1.0,3921.7666015625,34651.62392145673,538,3
121,296.4,1288.0,10.0,4013.18994140625,346516.23921456735,539,2
121,723.5,1129.0,2.0,3831.90576171875,69303.24784291346,540,2
121,1563.0,322.0,1.0,3921.7666015625,34651.62392145673,541,1
122,298.22222222222223,1288.5555555555557,9.0,4013.013671875,311864.6152931106,539,2
122,175.3695652173913,1615.7173913043478,46.0,20859.69140625,1593974.7003870097,535,4
122,264.55102040816325,1992.9897959183672,98.0,4881.15673828125,3395859.14430276,542,4
122,725.0,1129.0,1.0,3921.96142578125,34651.62392145673,540,2
122,192.0,129.0,1.0,4013.013671875,34651.62392145673,538,3
122,673.0,975.75,4.0,4484.16845703125,138606.49568582693,543,7
122,1183.0,40.5,2.0,4105.7216796875,69303.24784291346,544,2
122,1216.0,12.0,1.0,3921.96142578125,34651.62392145673,545,1
122,110.0,450.0,1.0,3921.96142578125,34651.62392145673,546,1
122,548.0,751.0,1.0,3921.96142578125,34651.62392145673,547,2
123,769.0,686.5,4.0,4105.8310546875,138606.49568582693,548,1
123,191.75,129.75,4.0,4387.2255859375,138606.49568582693,538,3
123,1174.0,38.0,1.0,3832.103515625,34651.62392145673,544,2
123,548.0,751.0,1.0,3921.8427734375,34651.62392145673,547,2
123,0.0,945.0,1.0,3832.103515625,34651.62392145673,549,1
123,673.0,976.5,4.0,4198.2763671875,138606.49568582693,543,7
123,1143.0,1471.5,4.0,6751.56787109375,138606.49568582693,550,2
123,264.8453608247423,1993.5257731958764,97.0,4881.017578125,3361207.520381303,542,4
124,671.5,975.5,6.0,4012.955078125,207909.7435287404,543,7
124,723.0,1127.0,1.0,3831.7802734375,34651.62392145673,551,1
124,1568.0,386.0,1.0,3921.8857421875,34651.62392145673,552,1
124,1143.896551724138,5.862068965517241,29.0,7113.6396484375,1004897.0937222452,553,1
124,1214.4,8.2,5.0,4780.537109375,173258.11960728368,554,1
124,263.0217391304348,1991.6847826086957,92.0,4981.94921875,3187949.4007740193,542,4
124,1693.5,1969.0,4.0,6170.6650390625,138606.49568582693,555,2
124,1140.3333333333333,1470.3333333333333,3.0,8926.34765625,103954.8717643702,550,2
124,1418.0,642.0,1.0,3921.8857421875,34651.62392145673,556,1
125,3.5,186.0,4.0,4012.9228515625,138606.49568582693,557,1
125,1692.6666666666667,1969.0,3.0,5085.265625,103954.8717643702,555,2
125,670.8,975.2,5.0,4105.5888671875,173258.11960728368,543,7
125,262.43689320388347,1991.6504854368932,103.0,5188.3671875,3569117.2639100435,542,4
125,1206.0,138.0,1.0,3831.763671875,34651.62392145673,558,1
126,1698.0,1946.0,1.0,3921.9345703125,34651.62392145673,559,2
126,630.0,607.5,2.0,3831.7900390625,69303.24784291346,560,1
126,1212.6,6.4,5.0,4780.3916015625,173258.11960728368,561,2
126,545.0,750.0,1.0,4012.9140625,34651.62392145673,562,1
126,670.8,975.6,5.0,4198.2099609375,173258.11960728368,543,7
127,672.0,976.5,2.0,4387.30859375,69303.24784291346,543,7
127,1212.0,131.0,1.0,3921.69970703125,34651.62392145673,563,1
127,1701.125,1949.25,8.0,6170.57470703125,277212.99137165386,559,2
127,161.0,138.5,2.0,3831.82275390625,69303.24784291346,564,1
127,1214.0,6.5,2.0,4292.240234375,69303.24784291346,561,2
127,296.1111111111111,1288.7777777777778,9.0,4105.671875,311864.6152931106,565,2
127,724.0,1130.0,1.0,4105.671875,34651.62392145673,566,5
127,264.00943396226415,1993.2264150943397,106.0,5085.2353515625,3673072.1356744138,567,1
128,201.66666666666666,125.66666666666667,3.0,5399.1728515625,103954.8717643702,568,1
128,5.571428571428571,188.42857142857142,7.0,4013.17431640625,242561.3674501971,569,2
128,297.875,1288.875,8.0,4105.75390625,277212.99137165386,565,2
128,1173.0,38.0,1.0,4292.2578125,34651.62392145673,570,1
128,673.3333333333334,976.6666666666666,3.0,4198.3330078125,103954.8717643702,543,7
128,725.6666666666666,1130.3333333333333,3.0,3832.052734375,103954.8717643702,566,5
129,791.3333333333334,1173.4895833333333,96.0,5085.251953125,3326555.8964598463,571,1
129,725.5,1130.0,2.0,4013.2138671875,69303.24784291346,566,5
129,542.6666666666666,750.0,3.0,4198.107421875,103954.8717643702,572,1
129,1571.0,387.0,1.0,3832.052734375,34651.62392145673,573,1
129,5.5,189.0,4.0,4387.3076171875,138606.49568582693,569,2
129,1142.5,1472.5,2.0,5399.0537109375,69303.24784291346,574,1
129,264.71875,1993.1458333333333,96.0,4881.12255859375,3326555.8964598463,575,2
130,264.46078431372547,1992.2843137254902,102.0,4981.77734375,3534465.639988587,575,2
130,297.2,1287.8,15.0,4198.2158203125,519774.35882185097,576,1
130,725.0,1128.0,1.0,3832.02783203125,34651.62392145673,566,5
130,1023.0,959.0,1.0,3832.02783203125,34651.62392145673,577,1
130,98.66666666666667,195.33333333333334,3.0,6399.9287109375,103954.8717643702,578,1
130,673.3333333333334,975.6666666666666,3.0,4013.08447265625,103954.8717643702,579,1
130,1215.0,8.5,2.0,4198.2158203125,69303.24784291346,580,1
131,4.166666666666667,187.5,6.0,4105.59423828125,207909.7435287404,581,2
131,1153.5,1468.0,2.0,4198.255859375,69303.24784291346,582,1
131,0.5,943.0,2.0,3921.92041015625,69303.24784291346,583,1
131,724.0,1128.0,1.0,3832.00830078125,34651.62392145673,566,5
132,726.5,526.5,2.0,3832.072265625,69303.24784291346,584,1
132,1402.2857142857142,942.3214285714286,28.0,4581.8232421875,970245.4698007884,585,1
132,725.0,1110.0,1.0,4012.99560546875,34651.62392145673,586,1
132,263.4725274725275,1991.7912087912089,91.0,4881.1904296875,3153297.7768525626,587,2
132,541.0,749.0,1.0,4198.36083984375,34651.62392145673,588,1
132,642.0,609.0,1.0,3921.7939453125,34651.62392145673,589,1
132,296.8333333333333,1287.3333333333333,18.0,4484.10693359375,623729.2305862212,590,1
132,1143.0,1470.0,1.0,4012.99560546875,34651.62392145673,591,1
132,174.66666666666666,1615.2708333333333,48.0,16512.3984375,1663277.9482299231,592,3
132,672.2,975.6,5.0,4012.99560546875,173258.11960728368,593,3
132,1569.0,386.0,1.0,3921.7939453125,34651.62392145673,594,2
132,5.0,188.0,3.0,3832.072265625,103954.8717643702,581,2
133,264.0537634408602,1993.279569892473,93.0,4981.76904296875,3222601.024695476,587,2
133,173.5,1616.42,50.0,10493.5146484375,1732581.1960728366,592,3
133,1431.0,699.0,1.0,4013.06005859375,34651.62392145673,595,1
133,673.0,976.5,2.0,3921.71630859375,69303.24784291346,593,3
133,193.0,130.4,10.0,4780.5478515625,346516.23921456735,596,1
133,1210.0,131.0,1.0,3921.71630859375,34651.62392145673,597,1
133,1884.5,496.25,4.0,5188.28564453125,138606.49568582693,598,4
133,1334.0,497.0,1.0,3832.02685546875,34651.62392145673,599,2
133,1570.0,387.0,1.0,3832.02685546875,34651.62392145673,594,2
133,725.0,1130.0,1.0,4013.06005859375,34651.62392145673,600,1
134,688.875,572.375,24.0,5188.4189453125,831638.9741149616,601,1
134,1335.0,494.0,1.0,3921.7958984375,34651.62392145673,599,2
134,172.02439024390245,1614.4146341463415,41.0,7993.91796875,1420716.580779726,592,3
134,654.0,618.0,1.0,3831.822265625,34651.62392145673,603,2
134,542.5,749.5,2.0,4013.16796875,69303.24784291346,604,3
134,673.3333333333334,975.6666666666666,3.0,4013.16796875,103954.8717643702,593,3
134,1884.8333333333333,495.3333333333333,6.0,5188.4189453125,207909.7435287404,598,4
134,298.25,1287.0,16.0,4291.9462890625,554425.9827433077,605,1
134,810.0,1170.0,1.0,3831.822265625,34651.62392145673,606,2
134,1233.0,20.0,1.0,3831.822265625,34651.62392145673,607,5
135,1884.0,495.5,2.0,4105.4716796875,69303.24784291346,598,4
135,654.0,617.0,1.0,3831.822265625,34651.62392145673,603,2
135,1211.0,131.0,1.0,3831.822265625,34651.62392145673,608,1
135,916.0,668.0,1.0,3831.822265625,34651.62392145673,609,1
135,542.5,749.5,4.0,4013.16796875,138606.49568582693,604,3
135,27.666666666666668,925.6666666666666,3.0,4013.16796875,103954.8717643702,610,1
135,810.0,1171.0,1.0,3831.822265625,34651.62392145673,606,2
135,1232.3333333333333,20.666666666666668,3.0,3921.7958984375,103954.8717643702,607,5
136,263.7524752475247,1992.1782178217823,101.0,4881.025390625,3499814.01606713,611,5
136,1704.9538461538461,1950.6153846153845,65.0,11557.6630859375,2252355.5548946876,612,2
136,795.5,1172.0,2.0,3921.7255859375,69303.24784291346,613,3
136,23.0,173.0,1.0,4012.9599609375,34651.62392145673,614,1
136,1725.5,402.5,2.0,4012.9599609375,69303.24784291346,615,7
136,541.0,749.0,1.0,3831.8330078125,34651.62392145673,604,3
136,1231.3333333333333,21.333333333333332,3.0,4780.3994140625,103954.8717643702,607,5
136,1334.0,494.0,1.0,3921.7255859375,34651.62392145673,616,2
136,1884.5,495.0,2.0,4198.111328125,69303.24784291346,598,4
136,5.0,940.0,1.0,3831.8330078125,34651.62392145673,617,1
136,673.0,976.0,4.0,4012.9599609375,138606.49568582693,618,1
136,632.5,609.0,2.0,3831.8330078125,69303.24784291346,619,1
137,1560.0,321.0,1.0,3832.00830078125,34651.62392145673,620,1
137,1332.0,491.0,1.0,3832.00830078125,34651.62392145673,616,2
137,1229.3333333333333,19.333333333333332,3.0,4483.927734375,103954.8717643702,607,5
137,1208.6666666666667,129.33333333333334,3.0,3832.00830078125,103954.8717643702,621,2
137,725.0,526.0,1.0,3832.00830078125,34651.62392145673,622,1
137,261.8333333333333,1990.3921568627452,102.0,4881.095703125,3534465.639988587,611,5
137,1726.7142857142858,396.57142857142856,7.0,4780.47265625,242561.3674501971,615,7
137,1416.0,651.0,1.0,3832.00830078125,34651.62392145673,623,1
137,84.33333333333333,864.6666666666666,3.0,4981.71826171875,103954.8717643702,624,1
137,799.5,1175.0,2.0,3921.71728515625,69303.24784291346,613,3
137,177.5,1615.85,20.0,8926.5087890625,693032.4784291347,625,4
137,1701.8,1949.2857142857142,35.0,8654.1884765625,1212806.8372509857,612,2
138,790.8367346938776,1172.8673469387754,98.0,5188.41796875,3395859.14430276,613,3
138,1727.3333333333333,398.0,3.0,4105.564453125,103954.8717643702,615,7
138,891.0,814.0,1.0,3921.80908203125,34651.62392145673,626,1
138,262.5660377358491,1991.1037735849056,106.0,4981.76806640625,3673072.1356744138,611,5
138,1210.0,131.0,1.0,4012.98388671875,34651.62392145673,621,2
138,1230.0,20.5,2.0,4198.1455078125,69303.24784291346,607,5
138,724.0,1128.0,1.0,3921.80908203125,34651.62392145673,628,1
138,178.38888888888889,1616.9444444444443,18.0,7865.2255859375,623729.2305862212,625,4
138,540.3333333333334,748.6666666666666,3.0,3921.80908203125,103954.8717643702,629,3
138,655.047619047619,512.8095238095239,21.0,4198.1455078125,727684.1023505913,630,1
139,1727.3333333333333,401.3333333333333,3.0,4198.1455078125,103954.8717643702,615,7
139,181.375,1619.125,8.0,6056.587890625,277212.99137165386,625,4
139,263.9230769230769,1992.3173076923076,104.0,5085.193359375,3603768.8878315003,611,5
139,542.0,750.0,1.0,3832.039794921875,34651.62392145673,629,3
139,643.5714285714286,606.0714285714286,14.0,4292.1318359375,485122.7349003942,631,2
140,1460.6666666666667,381.6666666666667,3.0,4387.32373046875,103954.8717643702,632,2
140,718.0,539.0,1.0,4013.00830078125,34651.62392145673,633,1
140,1893.6666666666667,500.6666666666667,3.0,4387.32373046875,103954.8717643702,634,1
140,1174.5,39.0,2.0,4198.2607421875,69303.24784291346,635,3
140,1728.0,402.0,1.0,4105.634765625,34651.62392145673,615,7
140,180.66666666666666,1619.3333333333333,9.0,5615.2080078125,311864.6152931106,625,4
140,542.0,751.0,1.0,4105.634765625,34651.62392145673,629,3
140,644.0,607.0,14.0,4387.32373046875,485122.7349003942,631,2
140,689.0,573.1481481481482,27.0,5293.06787109375,935593.8458793318,636,2
140,1418.0,654.0,1.0,3921.84765625,34651.62392145673,637,1
140,264.68518518518516,1993.361111111111,108.0,4981.7734375,3742375.3835173273,611,5
140,1138.0,0.0,1.0,3831.85986328125,34651.62392145673,638,1
141,0.0,180.0,1.0,4013.17041015625,34651.62392145673,639,1
141,725.0,1129.0,1.0,3832.002685546875,34651.62392145673,641,1
141,297.5,1288.5,2.0,3921.93017578125,69303.24784291346,642,1
141,1460.0,382.0,1.0,3832.002685546875,34651.62392145673,632,2
141,1728.0,401.0,1.0,4013.17041015625,34651.62392145673,615,7
141,689.32,571.96,25.0,5188.3544921875,866290.5980364183,636,2
141,1.0,610.0,1.0,3832.002685546875,34651.62392145673,643,1
141,1141.0,10.0,1.0,3832.002685546875,34651.62392145673,644,1
141,1232.0,20.0,1.0,3921.93017578125,34651.62392145673,645,3
141,696.0,60.0,1.0,3832.002685546875,34651.62392145673,646,1
141,1174.5,38.0,2.0,4013.17041015625,69303.24784291346,635,3
142,264.03,1991.31,100.0,5188.42578125,3465162.3921456733,647,1
142,0.5,943.0,2.0,4105.6083984375,69303.24784291346,648,3
142,1335.0,495.0,1.0,3832.003662109375,34651.62392145673,649,1
142,1231.5,19.5,2.0,3832.003662109375,69303.24784291346,645,3
142,1726.0,402.0,1.0,4387.5302734375,34651.62392145673,615,7
142,718.0,537.0,1.0,4198.1962890625,34651.62392145673,650,4
142,1563.0,315.0,1.0,3832.003662109375,34651.62392145673,651,1
142,99.0,827.0,1.0,3921.74609375,34651.62392145673,652,1
142,38.0,919.0,1.0,3832.003662109375,34651.62392145673,653,1
142,1174.0,38.0,1.0,4105.6083984375,34651.62392145673,635,3
143,724.5,1128.5,2.0,3831.884033203125,69303.24784291346,654,2
143,656.5925925925926,513.7777777777778,27.0,4292.091796875,935593.8458793318,655,1
143,1461.0,379.5,2.0,4780.6298828125,69303.24784291346,656,1
143,161.0,147.5,2.0,4105.6728515625,69303.24784291346,657,1
143,1309.2,651.4,5.0,5506.408203125,173258.11960728368,658,1
143,1.0,943.0,1.0,3831.884033203125,34651.62392145673,648,3
143,201.0,123.0,1.0,4198.2333984375,34651.62392145673,659,1
143,1231.5,20.0,2.0,4198.2333984375,69303.24784291346,645,3
143,120.0,830.6666666666666,3.0,4013.1123046875,103954.8717643702,660,1
143,718.0,538.0,1.0,3921.849365234375,34651.62392145673,650,4
144,718.0,538.0,1.0,3831.90576171875,34651.62392145673,650,4
144,0.5,943.0,2.0,4198.12060546875,69303.24784291346,648,3
144,223.0,1901.0,1.0,3831.90576171875,34651.62392145673,661,1
144,696.0,60.0,1.0,3831.90576171875,34651.62392145673,662,1
144,724.5,1129.25,4.0,3921.7666015625,138606.49568582693,654,2
144,298.0,1288.8,5.0,4013.18994140625,173258.11960728368,663,2
144,343.5,1126.0,2.0,7235.9306640625,69303.24784291346,664,1
145,657.741935483871,514.4193548387096,31.0,4387.359375,1074200.3415651587,665,1
145,610.0,613.0,1.0,3831.8857421875,34651.62392145673,666,1
145,162.0,148.0,1.0,3831.8857421875,34651.62392145673,667,1
145,1334.0,500.0,1.0,3831.8857421875,34651.62392145673,668,1
145,4.333333333333333,188.33333333333334,3.0,4198.34423828125,103954.8717643702,669,3
145,298.0,1289.5,4.0,4013.186279296875,138606.49568582693,663,2
145,1232.5,21.5,4.0,4292.0576171875,138606.49568582693,670,2
145,719.0,539.0,1.0,3831.8857421875,34651.62392145673,650,4
146,264.97115384615387,1992.423076923077,104.0,5188.2646484375,3603768.8878315003,671,1
146,162.5,1614.0,2.0,4198.1083984375,69303.24784291346,672,1
146,5.0,188.0,1.0,3921.7080078125,34651.62392145673,669,3
146,0.0,946.0,1.0,3831.919921875,34651.62392145673,673,1
146,1232.5,21.0,2.0,3921.7080078125,69303.24784291346,670,2
147,5.0,188.0,1.0,3831.83203125,34651.62392145673,669,3
147,1468.0,387.0,1.0,3921.75390625,34651.62392145673,674,2
147,1334.0,497.0,1.0,3831.83203125,34651.62392145673,675,1
147,1882.3333333333333,498.6666666666667,3.0,4105.65869140625,103954.8717643702,676,1
147,1403.857142857143,944.7857142857143,14.0,4198.19091796875,485122.7349003942,677,1
147,1438.0,716.0,1.0,4198.19091796875,34651.62392145673,678,2
147,718.0,537.0,1.0,4013.1259765625,34651.62392145673,679,8
148,542.5,749.0,6.0,4780.4765625,207909.7435287404,680,2
148,1438.0,715.5,2.0,4981.8291015625,69303.24784291346,678,2
148,4.0,941.0,1.0,3921.76904296875,34651.62392145673,681,1
148,629.0,1063.0,1.0,3921.76904296875,34651.62392145673,682,1
148,726.0,1128.0,1.0,3831.86083984375,34651.62392145673,683,3
148,264.59223300970876,1991.3592233009708,103.0,4981.8291015625,3569117.2639100435,684,6
148,718.5,537.0,2.0,3831.86083984375,69303.24784291346,679,8
148,1467.0,389.0,1.0,3831.86083984375,34651.62392145673,674,2
149,723.0,1127.0,1.0,3831.98291015625,34651.62392145673,683,3
149,261.61682242990656,1989.411214953271,107.0,4981.80615234375,3707723.7595958705,684,6
149,540.5,748.0,6.0,4387.3447265625,207909.7435287404,680,2
149,715.6666666666666,534.3333333333334,3.0,4013.03564453125,103954.8717643702,679,8
150,262.19444444444446,1990.0648148148148,108.0,5188.38525390625,3742375.3835173273,684,6
150,1566.0,310.0,1.0,3831.904296875,34651.62392145673,685,1
150,752.0,495.5,2.0,4012.98974609375,69303.24784291346,686,4
150,715.8,535.2,5.0,4012.98974609375,173258.11960728368,679,8
150,672.3333333333334,976.0,3.0,4198.30810546875,103954.8717643702,687,5
150,724.0,1128.0,1.0,4012.98974609375,34651.62392145673,683,3
150,160.22222222222223,1615.6666666666667,9.0,5945.07666015625,311864.6152931106,688,1
150,1702.6,1952.2,5.0,5084.994140625,173258.11960728368,689,1
150,1912.3,292.95,20.0,4292.025390625,693032.4784291347,690,2
150,2.0,186.0,1.0,3831.904296875,34651.62392145673,691,1
150,692.0,57.0,1.0,4012.98974609375,34651.62392145673,692,1
151,612.0,611.3333333333334,3.0,3921.6416015625,103954.8717643702,693,2
151,263.15384615384613,1991.326923076923,104.0,5085.3154296875,3603768.8878315003,684,6
151,752.6666666666666,496.3333333333333,3.0,4012.9013671875,103954.8717643702,686,4
151,1334.5,494.0,2.0,4012.9013671875,69303.24784291346,694,2
151,294.07142857142856,1289.357142857143,14.0,4292.251953125,485122.7349003942,695,3
151,1914.4,294.2,20.0,4198.4208984375,693032.4784291347,690,2
151,672.5,976.5,4.0,3921.6416015625,138606.49568582693,687,5
151,655.6428571428571,512.3214285714286,28.0,4198.4208984375,970245.4698007884,696,3
151,717.5,537.0,2.0,4012.9013671875,69303.24784291346,679,8
152,725.0,1129.5,2.0,3921.9345703125,69303.24784291346,697,2
152,263.94392523364485,1991.766355140187,107.0,4981.71435546875,3707723.7595958705,684,6
152,1701.4,1958.2,5.0,5085.166015625,173258.11960728368,698,1
152,611.5,611.5,2.0,3921.9345703125,69303.24784291346,693,2
152,542.0,749.8,5.0,4198.126953125,173258.11960728368,699,1
152,717.6666666666666,537.3333333333334,3.0,4013.116455078125,103954.8717643702,679,8
152,656.3809523809524,512.4761904761905,21.0,4387.4677734375,727684.1023505913,696,3
152,1334.3333333333333,494.0,3.0,3831.95556640625,103954.8717643702,694,2
152,673.3333333333334,977.0,3.0,3921.9345703125,103954.8717643702,687,5
152,164.0,1619.0,1.0,3921.9345703125,34651.62392145673,700,1
152,294.75,1289.9375,16.0,4387.4677734375,554425.9827433077,695,3
152,1211.5,133.0,6.0,4105.7421875,207909.7435287404,701,6
152,753.0,496.5,2.0,4292.19580078125,69303.24784291346,686,4
152,1652.0,373.0,1.0,3831.95556640625,34651.62392145673,702,1
153,264.9252336448598,1992.607476635514,107.0,5188.3544921875,3707723.7595958705,684,6
153,718.5,537.5,4.0,3921.93017578125,138606.49568582693,679,8
153,295.6111111111111,1290.7222222222222,18.0,4387.3212890625,623729.2305862212,695,3
153,754.0,498.0,1.0,3832.002685546875,34651.62392145673,686,4
153,657.3571428571429,512.8928571428571,28.0,4484.03173828125,970245.4698007884,696,3
153,1915.5,295.1666666666667,18.0,4198.27685546875,623729.2305862212,703,2
153,1212.6,133.2,5.0,4013.17041015625,173258.11960728368,701,6
153,674.0,977.0,1.0,3832.002685546875,34651.62392145673,687,5
153,726.5,1130.0,2.0,4105.7236328125,69303.24784291346,697,2
153,50.2,920.4,5.0,4013.17041015625,173258.11960728368,704,1
154,718.5,537.5,4.0,3921.843994140625,138606.49568582693,679,8
154,1212.7142857142858,133.85714285714286,7.0,4105.59814453125,242561.3674501971,701,6
154,1227.0,19.0,1.0,3831.912841796875,34651.62392145673,705,2
154,674.0,978.5,2.0,3921.843994140625,69303.24784291346,687,5
154,159.11111111111111,1616.2222222222222,9.0,5723.71337890625,311864.6152931106,706,1
154,1337.0,495.0,1.0,3831.912841796875,34651.62392145673,707,2
154,1916.5833333333333,295.5,12.0,4292.162109375,415819.4870574808,703,2
154,456.0,788.0,1.0,3921.843994140625,34651.62392145673,708,1
155,1550.0,583.0,3.0,3831.96240234375,103954.8717643702,709,1
155,1704.1666666666667,1956.1666666666667,18.0,10053.5478515625,623729.2305862212,710,3
155,295.0,865.0,1.0,3921.8623046875,34651.62392145673,711,1
155,1226.0,19.0,1.0,3831.96240234375,34651.62392145673,705,2
155,1335.0,493.0,1.0,3831.96240234375,34651.62392145673,707,2
155,1828.75,95.5,4.0,4581.99267578125,138606.49568582693,712,1
155,1211.7777777777778,132.88888888888889,9.0,4198.376953125,311864.6152931106,701,6
155,265.2474226804124,1992.1546391752577,97.0,5399.20458984375,3361207.520381303,713,2
155,615.0,612.0,1.0,3831.96240234375,34651.62392145673,714,1
156,1703.75,1955.125,16.0,8387.0361328125,554425.9827433077,710,3
156,1211.857142857143,132.71428571428572,7.0,4198.3330078125,242561.3674501971,701,6
156,265.25233644859816,1991.8411214953271,107.0,5292.986328125,3707723.7595958705,713,2
156,294.8333333333333,1289.5555555555557,18.0,4679.9501953125,623729.2305862212,715,2
156,726.0,1128.0,1.0,3921.80712890625,34651.62392145673,716,3
156,1915.875,294.125,8.0,4105.74267578125,277212.99137165386,717,1
157,725.0,1129.0,1.0,3832.08935546875,34651.62392145673,716,3
157,1703.3333333333333,1953.6666666666667,3.0,4387.4189453125,103954.8717643702,710,3
157,1724.0,383.0,1.0,4198.30078125,34651.62392145673,718,1
157,1212.142857142857,132.0,7.0,4582.0029296875,242561.3674501971,701,6
157,1828.0,95.0,3.0,3921.72900390625,103954.8717643702,719,1
157,1551.0,572.0,1.0,3832.08935546875,34651.62392145673,720,2
157,295.8888888888889,1289.5,18.0,4292.3134765625,623729.2305862212,715,2
157,717.5,537.0,4.0,4013.19091796875,138606.49568582693,721,1
158,724.0,1128.0,1.0,3832.02783203125,34651.62392145673,716,3
158,1561.0,316.0,1.0,3832.02783203125,34651.62392145673,722,1
158,541.4,750.2,5.0,4013.08447265625,173258.11960728368,723,2
158,1550.0,572.0,1.0,3832.02783203125,34651.62392145673,720,2
158,263.54237288135596,1990.8305084745762,118.0,5292.9609375,4088891.6227318943,724,3
158,66.0,1119.0,1.0,3921.91943359375,34651.62392145673,725,1
159,263.3333333333333,1991.3947368421052,114.0,5084.974609375,3950285.1270460673,724,3
159,541.0,750.0,1.0,3832.04248046875,34651.62392145673,723,2
159,294.0,1288.7142857142858,21.0,4483.9150390625,727684.1023505913,727,1
159,632.0578378378378,647.5794594594595,1850.0,8387.125,64105504.25469495,728,1
159,1350.0,708.5,4.0,4013.2294921875,138606.49568582693,729,1
159,715.75,536.25,8.0,4198.09375,277212.99137165386,730,1
159,314.4,22.6,5.0,6284.75390625,173258.11960728368,731,2
159,57.871428571428574,999.5142857142857,70.0,5399.21044921875,2425613.6745019713,732,1
159,1421.6666666666667,856.3333333333334,3.0,4981.677734375,103954.8717643702,733,1
160,610.5,609.5,2.0,3921.85986328125,69303.24784291346,734,1
160,1320.0,38.0,1.0,3921.85986328125,34651.62392145673,735,1
160,314.3333333333333,22.666666666666668,3.0,5293.1865234375,103954.8717643702,731,2
160,262.859649122807,1989.9298245614036,114.0,5398.962890625,3950285.1270460673,724,3
160,1649.0,371.5,2.0,3831.832763671875,69303.24784291346,736,1
160,1209.25,131.5,4.0,4198.2880859375,138606.49568582693,737,3
160,58.0,800.0,1.0,3921.85986328125,34651.62392145673,738,1
161,1209.5,131.5,2.0,4105.51123046875,69303.24784291346,737,3
161,1560.0,315.0,1.0,3831.91064453125,34651.62392145673,739,2
161,687.0,48.5,2.0,4780.603515625,69303.24784291346,740,3
162,1209.0,131.0,1.0,3831.832763671875,34651.62392145673,737,3
162,686.6666666666666,47.333333333333336,3.0,6400.07421875,103954.8717643702,740,3
162,1421.0,855.0,1.0,3921.85986328125,34651.62392145673,741,2
162,540.5,749.0,2.0,4013.062255859375,69303.24784291346,742,2
162,1548.0,576.0,1.0,3921.85986328125,34651.62392145673,743,1
162,715.0,534.2857142857143,7.0,4105.6748046875,242561.3674501971,744,5
162,1560.6666666666667,315.3333333333333,3.0,3921.85986328125,103954.8717643702,739,2
162,57.442622950819676,998.1147540983607,61.0,4387.50927734375,2113749.0592088606,745,1
162,1402.0,939.7142857142857,7.0,4581.90234375,242561.3674501971,746,1
162,262.4347826086956,1989.817391304348,115.0,5293.1865234375,3984936.750967524,747,7
163,1422.0,857.6666666666666,3.0,4484.1181640625,103954.8717643702,741,2
163,295.6666666666667,1289.0555555555557,18.0,4387.50927734375,623729.2305862212,748,1
163,263.33035714285717,1992.4642857142858,112.0,4981.7353515625,3880981.879203154,747,7
163,718.0,1098.0,1.0,3831.832763671875,34651.62392145673,749,1
163,1554.0,534.0,1.0,4105.6748046875,34651.62392145673,750,1
163,716.1428571428571,537.1428571428571,7.0,4105.6748046875,242561.3674501971,744,5
163,687.0,50.0,1.0,4105.6748046875,34651.62392145673,740,3
163,541.0,751.0,1.0,3921.85986328125,34651.62392145673,742,2
163,107.0,769.0,1.0,3831.832763671875,34651.62392145673,751,1
164,316.1666666666667,25.5,6.0,4484.1220703125,207909.7435287404,752,1
164,725.0,1130.0,1.0,3831.9072265625,34651.62392145673,753,1
164,264.38392857142856,1992.2857142857142,112.0,5188.466796875,3880981.879203154,747,7
164,717.75,538.0,4.0,4105.5888671875,138606.49568582693,744,5
164,1322.0,38.0,1.0,3921.94970703125,34651.62392145673,754,2
164,889.0,794.0,1.0,3831.9072265625,34651.62392145673,755,1
165,615.0,611.0,1.0,3831.98046875,34651.62392145673,756,2
165,717.5,536.5,2.0,4105.5419921875,69303.24784291346,744,5
165,264.72477064220186,1990.880733944954,109.0,4881.14111328125,3777027.007438784,747,7
165,1322.0,39.0,1.0,3831.98046875,34651.62392145673,754,2
166,264.3893805309734,1991.345132743363,113.0,4780.56884765625,3915633.5031246105,747,7
166,717.3333333333334,536.6666666666666,3.0,3921.91357421875,103954.8717643702,744,5
166,616.0,611.5,2.0,3921.91357421875,69303.24784291346,756,2
166,1404.3333333333333,941.3333333333334,6.0,4780.56884765625,207909.7435287404,757,1
166,296.72222222222223,1288.5,18.0,4198.1787109375,623729.2305862212,758,2
167,156.0,147.5,2.0,3921.940673828125,69303.24784291346,759,1
167,315.8,27.0,25.0,8654.009765625,866290.5980364183,760,1
167,1324.0,38.0,1.0,3831.932861328125,34651.62392145673,761,2
167,263.8256880733945,1991.2660550458716,109.0,4981.82861328125,3777027.007438784,747,7
167,1426.2,856.6,5.0,5615.09765625,173258.11960728368,762,3
167,1335.0,494.0,1.0,3831.932861328125,34651.62392145673,763,1
167,542.0,750.0,1.0,4198.16357421875,34651.62392145673,764,1
167,296.7142857142857,1287.7857142857142,14.0,4292.0751953125,485122.7349003942,758,2
168,263.1121495327103,1991.1588785046729,107.0,4981.67041015625,3707723.7595958705,747,7
168,715.0,536.5,2.0,3922.01318359375,69303.24784291346,765,1
168,1323.0,37.0,1.0,3831.8994140625,34651.62392145673,761,2
168,1651.5,371.5,2.0,3831.8994140625,69303.24784291346,766,2
168,1209.0,134.0,1.0,3831.8994140625,34651.62392145673,767,1
168,1349.75,703.0,4.0,4013.2294921875,138606.49568582693,768,2
168,1423.3125,855.625,16.0,7994.0244140625,554425.9827433077,762,3
169,1350.5,701.5,4.0,4013.19921875,138606.49568582693,768,2
169,1228.0,19.0,1.0,3921.69970703125,34651.62392145673,769,1
169,1650.5,371.0,2.0,3921.69970703125,69303.24784291346,766,2
169,1422.9285714285713,854.7142857142857,14.0,9340.93359375,485122.7349003942,762,3
169,672.5,976.5,4.0,4013.19921875,138606.49568582693,770,3
169,626.0,1063.0,1.0,3921.69970703125,34651.62392145673,771,1
170,0.0,602.0,1.0,3921.748046875,34651.62392145673,772,2
170,1407.0,691.0,3.0,5506.4482421875,103954.8717643702,773,1
170,1563.0,320.0,1.0,3921.748046875,34651.62392145673,774,1
170,1138.5357142857142,3.8214285714285716,28.0,6751.40380859375,970245.4698007884,775,1
170,717.0,536.0,1.0,3831.80712890625,34651.62392145673,776,1
170,1423.0,387.0,1.0,3831.80712890625,34651.62392145673,777,1
170,58.42857142857143,1000.1142857142858,35.0,4484.0234375,1212806.8372509857,778,1
170,672.5714285714286,977.8571428571429,7.0,4105.69189453125,242561.3674501971,770,3
170,233.0,1889.0,1.0,4582.08837890625,34651.62392145673,779,2
171,1352.0,707.0,1.0,3831.91357421875,34651.62392145673,780,1
171,1424.0714285714287,856.0,14.0,6170.72412109375,485122.7349003942,781,1
171,119.5,830.5,2.0,3831.91357421875,69303.24784291346,782,1
171,233.0,1887.0,3.0,4679.93408203125,103954.8717643702,779,2
171,0.0,599.0,1.0,3831.91357421875,34651.62392145673,772,2
171,1745.0,414.0,1.0,3831.91357421875,34651.62392145673,783,1
171,674.0,978.5,2.0,4105.58154296875,69303.24784291346,770,3
171,315.4,28.2,5.0,5723.73291015625,173258.11960728368,784,1
171,1209.0,134.0,1.0,3921.73291015625,34651.62392145673,785,4
171,690.5483870967741,571.9354838709677,31.0,5506.55224609375,1074200.3415651587,786,1
172,1699.5,1950.0,4.0,5945.11865234375,138606.49568582693,787,2
172,626.0,1063.0,1.0,3831.85986328125,34651.62392145673,788,2
172,1510.5,620.5,2.0,3921.8671875,69303.24784291346,789,1
172,1207.0,133.0,1.0,3831.85986328125,34651.62392145673,785,4
172,617.7777777777778,382.22222222222223,9.0,9063.4072265625,311864.6152931106,790,5
173,313.0,27.0,1.0,3832.052734375,34651.62392145673,791,1
173,1419.5,644.5,2.0,4013.03515625,69303.24784291346,792,1
173,1551.0,546.0,1.0,3832.052734375,34651.62392145673,793,1
173,290.6666666666667,867.3333333333334,3.0,4013.03515625,103954.8717643702,794,1
173,261.11009174311926,1990.2293577981652,109.0,4881.083984375,3777027.007438784,795,1
173,672.0,977.0,1.0,4013.03515625,34651.62392145673,796,2
173,618.4444444444445,382.6666666666667,9.0,7737.798828125,311864.6152931106,790,5
173,1207.0,134.0,1.0,3832.052734375,34651.62392145673,785,4
173,1701.0,1951.0,9.0,5945.0986328125,311864.6152931106,787,2
173,624.0,1063.0,1.0,3921.94921875,34651.62392145673,788,2
174,617.8,383.4,5.0,5506.392578125,173258.11960728368,790,5
174,1227.0,19.0,1.0,3921.701171875,34651.62392145673,797,1
174,1208.0,134.0,1.0,3832.0087890625,34651.62392145673,785,4
174,1401.0,937.0,1.0,3832.0087890625,34651.62392145673,798,1
174,688.1875,571.1875,32.0,5945.31201171875,1108851.9654866154,799,1
174,716.4285714285714,536.5714285714286,7.0,4198.4111328125,242561.3674501971,800,2
174,671.0,978.0,1.0,3832.0087890625,34651.62392145673,796,2
174,1421.3333333333333,855.6666666666666,3.0,4483.89990234375,103954.8717643702,801,1
174,1507.0,623.0,1.0,3832.0087890625,34651.62392145673,802,1
174,758.0,5.5,2.0,5085.029296875,69303.24784291346,803,1
174,79.0,1162.0,1.0,4680.078125,34651.62392145673,804,1
175,314.3333333333333,27.666666666666668,3.0,4881.2060546875,103954.8717643702,805,2
175,717.6,536.9,10.0,4105.6416015625,346516.23921456735,800,2
175,618.5,384.0,2.0,6056.51220703125,69303.24784291346,790,5
175,724.0,1130.0,1.0,3831.9130859375,34651.62392145673,806,1
175,1135.0,0.5,2.0,4780.4404296875,69303.24784291346,807,1
175,262.5769230769231,1990.9615384615386,104.0,4981.7509765625,3603768.8878315003,808,1
175,1552.0,545.0,1.0,3831.9130859375,34651.62392145673,809,1
176,1548.0,581.0,1.0,3832.002685546875,34651.62392145673,810,1
176,729.0,1114.0,1.0,3921.93017578125,34651.62392145673,811,3
176,316.0,29.0,4.0,4780.5078125,138606.49568582693,805,2
176,1423.7142857142858,857.1428571428571,7.0,8926.36328125,242561.3674501971,812,1
176,619.5,385.0,2.0,5399.060546875,69303.24784291346,790,5
176,176.85714285714286,135.85714285714286,7.0,5833.8193359375,242561.3674501971,813,1
176,690.6129032258065,572.3548387096774,31.0,5723.76220703125,1074200.3415651587,814,6
176,1335.0,493.0,1.0,3832.002685546875,34651.62392145673,815,1
177,1700.0,1953.0,3.0,4292.12109375,103954.8717643702,816,3
177,263.98039215686276,1991.9607843137255,102.0,4780.5341796875,3534465.639988587,817,1
177,1563.0,320.0,1.0,3921.8330078125,34651.62392145673,818,1
177,690.625,572.5625,32.0,5833.79296875,1108851.9654866154,814,6
177,729.0,1114.0,1.0,4292.12109375,34651.62392145673,811,3
177,1509.125,626.125,8.0,4387.3828125,277212.99137165386,819,4
177,1354.0,704.0,1.0,3831.950927734375,34651.62392145673,820,1
178,1507.0,626.0,1.0,3921.85986328125,34651.62392145673,819,4
178,604.0,387.0,1.0,3921.85986328125,34651.62392145673,821,1
178,690.1481481481482,572.0,27.0,5833.81005859375,935593.8458793318,814,6
178,1652.0,372.0,1.0,4013.193359375,34651.62392145673,822,1
178,922.0,916.5,2.0,4198.22900390625,69303.24784291346,823,1
178,728.0,1114.0,1.0,3921.85986328125,34651.62392145673,811,3
178,194.0,161.0,1.0,3921.85986328125,34651.62392145673,824,1
178,1700.2,1952.2,5.0,4981.802734375,173258.11960728368,816,3
179,0.0,185.0,1.0,3921.884033203125,34651.62392145673,826,4
179,1508.3333333333333,622.0,3.0,3921.884033203125,103954.8717643702,819,4
179,1702.5,1951.0,4.0,4679.87158203125,138606.49568582693,816,3
179,689.7741935483871,571.0645161290323,31.0,6170.66845703125,1074200.3415651587,814,6
180,74.0,1166.0,1.0,3831.884033203125,34651.62392145673,827,1
180,1134.25,793.25,8.0,4780.6298828125,277212.99137165386,828,1
180,0.5,185.0,2.0,4198.2333984375,69303.24784291346,826,4
180,1652.0,370.0,1.0,3921.849365234375,34651.62392145673,829,1
180,314.0,25.5,2.0,4780.6298828125,69303.24784291346,830,2
180,1334.0,490.0,1.0,3921.849365234375,34651.62392145673,831,2
180,1506.0,624.0,1.0,3831.884033203125,34651.62392145673,819,4
180,1829.0,2026.0,1.0,5293.1728515625,34651.62392145673,832,1
180,689.0370370370371,570.4074074074074,27.0,5945.2060546875,935593.8458793318,814,6
181,689.2758620689655,570.7241379310345,29.0,5723.83740234375,1004897.0937222452,814,6
181,1334.0,490.0,1.0,3832.001953125,34651.62392145673,831,2
181,192.0,158.5,4.0,4387.4189453125,138606.49568582693,833,1
181,1.0,185.0,1.0,3832.001953125,34651.62392145673,826,4
181,314.0,25.5,2.0,4483.9755859375,69303.24784291346,830,2
181,677.0,976.0,1.0,3832.001953125,34651.62392145673,834,1
182,0.0,186.0,1.0,4013.08447265625,34651.62392145673,826,4
182,1563.0,320.0,1.0,3921.91943359375,34651.62392145673,836,1
183,58.0,913.0,1.0,4198.1767578125,34651.62392145673,837,2
183,315.0,30.0,3.0,4387.4248046875,103954.8717643702,838,3
183,295.1111111111111,1287.7222222222222,36.0,4105.5712890625,1247458.4611724424,839,1
183,1842.0530973451328,506.42477876106193,226.0,5293.07861328125,7831267.006249221,840,1
183,1651.5,370.5,2.0,3832.01416015625,69303.24784291346,841,1
183,717.0,535.8333333333334,6.0,4105.5712890625,207909.7435287404,842,2
184,314.7857142857143,26.714285714285715,14.0,9063.275390625,485122.7349003942,838,3
184,77.0,1165.0,1.0,3921.859375,34651.62392145673,843,3
184,1188.5,42.0,2.0,4105.72998046875,69303.24784291346,844,2
184,1728.0,384.5,2.0,3921.859375,69303.24784291346,845,1
184,715.7142857142857,535.1428571428571,7.0,4105.72998046875,242561.3674501971,842,2
184,58.5,914.25,4.0,4012.92578125,138606.49568582693,837,2
184,1400.0,944.0,1.0,3921.859375,34651.62392145673,846,1
185,193.0,157.5,6.0,4013.10986328125,207909.7435287404,847,3
185,1420.0,854.0,3.0,5085.03515625,103954.8717643702,848,1
185,76.5,1165.0,2.0,7610.14306640625,69303.24784291346,843,3
185,1649.0,370.0,1.0,3831.951171875,34651.62392145673,849,4
185,1188.0,42.0,1.0,4105.748046875,34651.62392145673,844,2
185,313.0,28.0,4.0,5085.03515625,138606.49568582693,838,3
186,1714.0,1940.0,1.0,3921.892578125,34651.62392145673,850,1
186,1208.5,133.5,2.0,3831.945068359375,69303.24784291346,851,3
186,193.0,159.0,1.0,4013.169189453125,34651.62392145673,847,3
186,687.7037037037037,571.0,27.0,5615.162109375,935593.8458793318,852,1
186,1228.0,21.0,1.0,4198.1591796875,34651.62392145673,853,7
186,77.0,1166.0,1.0,4780.6015625,34651.62392145673,843,3
186,1650.0,370.5,2.0,3921.892578125,69303.24784291346,849,4
187,718.5,537.0,2.0,3921.849365234375,69303.24784291346,854,1
187,294.6923076923077,1287.7948717948718,39.0,4483.9169921875,1351413.3329368127,855,1
187,1229.0,21.0,1.0,3831.884033203125,34651.62392145673,853,7
187,1209.0,134.0,1.0,3831.884033203125,34651.62392145673,851,3
187,199.33333333333334,153.33333333333334,3.0,5293.1728515625,103954.8717643702,847,3
187,1561.0,323.0,1.0,3831.884033203125,34651.62392145673,856,1
187,1651.0,372.0,1.0,3831.884033203125,34651.62392145673,849,4
187,317.6666666666667,27.333333333333332,3.0,4679.85107421875,103954.8717643702,857,1
187,1841.6511627906978,506.36046511627904,258.0,5399.1416015625,8940118.971735837,858,4
188,0.5,825.0,2.0,3831.83203125,69303.24784291346,859,1
188,86.0,876.5,2.0,3831.83203125,69303.24784291346,860,2
188,690.04,571.6,25.0,5723.88427734375,866290.5980364183,861,2
188,1842.5924528301887,506.8301886792453,265.0,5506.384765625,9182680.339186033,858,4
188,1652.0,372.0,1.0,3831.83203125,34651.62392145673,849,4
188,1704.0,1951.0,1.0,4198.22412109375,34651.62392145673,862,5
188,1211.0,134.0,1.0,3921.848876953125,34651.62392145673,851,3
188,1231.0,22.0,1.0,3831.83203125,34651.62392145673,853,7
189,1134.5,796.0,10.0,4387.3798828125,346516.23921456735,863,1
189,1703.0,1951.0,1.0,3831.7626953125,34651.62392145673,862,5
189,1512.0,621.0,1.0,3831.7626953125,34651.62392145673,864,1
189,689.24,571.68,25.0,5615.01171875,866290.5980364183,861,2
189,1230.5,21.0,2.0,4013.1796875,69303.24784291346,853,7
189,186.33333333333334,183.66666666666666,3.0,4013.1796875,103954.8717643702,865,2
189,228.5,1890.0,4.0,6170.62890625,138606.49568582693,866,1
189,84.0,879.0,1.0,3831.7626953125,34651.62392145673,860,2
189,1841.6858237547892,506.50191570881225,261.0,5723.6796875,9044073.843500206,858,4
190,1230.0,21.0,1.0,3831.83642578125,34651.62392145673,853,7
190,186.0,184.0,1.0,4198.26708984375,34651.62392145673,865,2
190,1651.0,371.0,1.0,3831.83642578125,34651.62392145673,867,2
190,1703.0,1951.0,3.0,4292.0048828125,103954.8717643702,862,5
190,1841.1236749116608,506.18727915194347,283.0,5833.73974609375,9806409.569772255,858,4
191,318.0,28.0,1.0,4292.341796875,34651.62392145673,868,1
191,261.66386554621846,1990.126050420168,119.0,5084.95703125,4123543.246653351,869,7
191,1707.6666666666667,1948.6666666666667,3.0,4198.416015625,103954.8717643702,862,5
191,226.5,1887.5,2.0,4013.1630859375,69303.24784291346,870,1
191,1650.0,371.0,1.0,4013.1630859375,34651.62392145673,867,2
191,1229.0,20.0,1.0,3921.8359375,34651.62392145673,853,7
192,61.0,999.5,4.0,4105.69091796875,138606.49568582693,871,1
192,715.3333333333334,535.3333333333334,3.0,4013.1201171875,103954.8717643702,872,1
192,724.0,1130.0,1.0,3831.98779296875,34651.62392145673,873,1
192,261.10169491525426,1989.8983050847457,118.0,5084.97119140625,4088891.6227318943,869,7
192,1707.25,1948.75,8.0,5615.24755859375,277212.99137165386,862,5
192,2.0,939.0,1.0,3831.98779296875,34651.62392145673,874,1
192,1560.0,315.0,1.0,3831.98779296875,34651.62392145673,875,1
192,1229.0,19.0,1.0,3831.98779296875,34651.62392145673,853,7
193,200.0,152.0,1.0,4013.06005859375,34651.62392145673,876,1
193,1324.0,494.0,1.0,3831.96240234375,34651.62392145673,877,1
193,1840.8426229508198,506.4983606557377,305.0,6170.6552734375,10568745.296044303,878,2
193,3.0,828.0,1.0,3831.96240234375,34651.62392145673,879,1
193,262.12931034482756,1991.198275862069,116.0,5188.5732421875,4019588.3748889808,869,7
193,1651.0,371.5,2.0,3921.8623046875,69303.24784291346,880,2
194,1644.0,369.0,1.0,3831.904296875,34651.62392145673,880,2
194,1446.5,1608.5,2.0,5399.0166015625,69303.24784291346,881,1
194,1841.1143790849674,506.37254901960785,306.0,6170.59375,10603396.91996576,878,2
194,688.6666666666666,572.3333333333334,18.0,5723.740234375,623729.2305862212,882,2
194,1403.5714285714287,940.4285714285714,7.0,4105.58935546875,242561.3674501971,883,3
194,262.3057851239669,1991.198347107438,121.0,4981.84912109375,4192846.4944962645,869,7
194,1712.0,1949.0,1.0,3921.74365234375,34651.62392145673,884,1
195,674.0,979.0,1.0,3921.936767578125,34651.62392145673,885,1
195,1402.0,939.5,6.0,4198.14990234375,207909.7435287404,883,3
195,1335.0,495.0,1.0,4013.1533203125,34651.62392145673,886,2
195,197.0,152.0,3.0,4013.1533203125,103954.8717643702,887,3
195,1.0,826.0,1.0,3832.001953125,34651.62392145673,888,1
195,714.5,536.0,2.0,4013.1533203125,69303.24784291346,889,1
195,686.5555555555555,571.3888888888889,18.0,5399.1318359375,623729.2305862212,882,2
195,260.26229508196724,1990.344262295082,122.0,5188.5009765625,4227498.118417721,869,7
196,260.0344827586207,1990.2758620689656,116.0,5293.134765625,4019588.3748889808,869,7
196,1709.0,1948.0,1.0,4581.9990234375,34651.62392145673,890,1
196,1401.0,939.5,6.0,4198.17626953125,207909.7435287404,883,3
196,57.0,1001.0,1.0,3831.860595703125,34651.62392145673,891,2
196,200.0,149.5,4.0,4484.048828125,138606.49568582693,887,3
196,1331.0,491.0,1.0,3831.860595703125,34651.62392145673,886,2
196,90.66666666666667,891.3333333333334,3.0,4105.7666015625,103954.8717643702,892,2
197,1164.5,31.0,2.0,4483.98974609375,69303.24784291346,893,1
197,201.0,148.33333333333334,3.0,4679.892578125,103954.8717643702,887,3
197,1839.6527331189711,504.83279742765274,311.0,5615.02685546875,10776655.039573044,894,1
197,96.0,890.0,1.0,3831.950927734375,34651.62392145673,892,2
197,57.0,1001.0,1.0,3831.950927734375,34651.62392145673,891,2
197,260.6016260162602,1988.739837398374,123.0,5085.1474609375,4262149.742339178,869,7
