frame,x,y,area_px,area_km2,intensity,bbox,cluster_id,occurrences
0,342.4166666666667,102.09722222222223,15.0,589569.9690102827,1316.625732421875,"(np.int64(97), np.int64(335), np.int64(111), np.int64(350))",0,34
0,1548.0,290.5,2.0,78609.32920137102,1326.8399658203125,"(np.int64(290), np.int64(1548), np.int64(292), np.int64(1549))",1,37
0,631.7,546.3,10.0,393046.64600685507,1337.9183349609375,"(np.int64(545), np.int64(630), np.int64(549), np.int64(634))",3,10
0,978.0,662.3333333333334,3.0,117913.99380205653,1284.1881103515625,"(np.int64(662), np.int64(977), np.int64(664), np.int64(980))",5,6
0,958.0,686.5,2.0,78609.32920137102,1281.839599609375,"(np.int64(686), np.int64(958), np.int64(688), np.int64(959))",6,4
0,2019.235294117647,797.7647058823529,17.0,668179.2982116536,1335.436767578125,"(np.int64(795), np.int64(2017), np.int64(801), np.int64(2022))",7,26
0,716.3478260869565,1480.5217391304348,23.0,904007.2858157667,1318.77490234375,"(np.int64(1478), np.int64(713), np.int64(1484), np.int64(720))",12,38
0,1152.25,1520.3,7.0,275132.65220479853,1309.646240234375,"(np.int64(1520), np.int64(1150), np.int64(1523), np.int64(1156))",13,36
0,257.85714285714283,1586.9761904761904,42.0,1650795.9132287914,1333.442626953125,"(np.int64(1580), np.int64(253), np.int64(1594), np.int64(262))",14,28
0,1316.0,1936.5,4.0,157218.65840274203,1297.21630859375,"(np.int64(1936), np.int64(1315), np.int64(1938), np.int64(1318))",15,23
0,952.5,2011.5,2.0,78609.32920137102,1309.5576171875,"(np.int64(2011), np.int64(952), np.int64(2013), np.int64(954))",19,2
1,533.0,61.5,2.0,78609.32920137102,1325.582275390625,"(np.int64(61), np.int64(533), np.int64(63), np.int64(534))",21,15
1,340.61538461538464,102.36538461538461,15.0,589569.9690102827,1325.2606201171875,"(np.int64(95), np.int64(336), np.int64(109), np.int64(350))",0,34
1,239.0,174.5,2.0,78609.32920137102,1323.8822021484375,"(np.int64(174), np.int64(239), np.int64(176), np.int64(240))",22,8
1,1548.5,288.5,4.0,157218.65840274203,1307.3865966796875,"(np.int64(288), np.int64(1548), np.int64(290), np.int64(1550))",1,37
1,632.5,543.8,10.0,393046.64600685507,1329.2581787109375,"(np.int64(543), np.int64(631), np.int64(546), np.int64(635))",3,10
1,2019.6842105263158,796.0526315789474,19.0,746788.6274130247,1326.662109375,"(np.int64(793), np.int64(2017), np.int64(799), np.int64(2023))",7,26
1,716.9230769230769,1478.6923076923076,26.0,1021921.2796178232,1316.9669189453125,"(np.int64(1476), np.int64(713), np.int64(1482), np.int64(721))",12,38
1,1153.125,1518.125,8.0,314437.31680548406,1316.5303955078125,"(np.int64(1517), np.int64(1151), np.int64(1520), np.int64(1156))",13,36
1,259.9375,1587.9375,32.0,1257749.2672219363,1321.83740234375,"(np.int64(1583), np.int64(258), np.int64(1593), np.int64(263))",14,28
1,1317.0,1934.5,6.0,235827.98760411306,1309.063720703125,"(np.int64(1934), np.int64(1316), np.int64(1936), np.int64(1319))",15,23
2,342.55,98.8,12.0,471655.97520822607,1335.978515625,"(np.int64(93), np.int64(337), np.int64(105), np.int64(351))",0,34
2,1552.3095238095239,285.54761904761904,10.0,393046.64600685507,1326.376220703125,"(np.int64(285), np.int64(1549), np.int64(287), np.int64(1556))",1,37
2,634.5714285714286,540.1428571428571,14.0,550265.3044095971,1328.552978515625,"(np.int64(538), np.int64(633), np.int64(543), np.int64(637))",3,10
2,2020.8947368421052,793.0526315789474,19.0,746788.6274130247,1327.875732421875,"(np.int64(790), np.int64(2018), np.int64(796), np.int64(2024))",7,26
2,536.0,1422.5,2.0,78609.32920137102,1336.607421875,"(np.int64(1422), np.int64(536), np.int64(1424), np.int64(537))",24,22
2,718.3548387096774,1475.4516129032259,31.0,1218444.6026212508,1327.2711181640625,"(np.int64(1473), np.int64(714), np.int64(1479), np.int64(723))",12,38
2,1154.2666666666667,1515.9333333333334,15.0,589569.9690102827,1316.4110107421875,"(np.int64(1514), np.int64(1152), np.int64(1519), np.int64(1157))",13,36
2,260.14,1582.16,50.0,1965233.2300342754,1328.6981201171875,"(np.int64(1574), np.int64(253), np.int64(1590), np.int64(265))",14,28
2,89.9375,1852.6875,16.0,628874.6336109681,1310.29150390625,"(np.int64(1849), np.int64(88), np.int64(1856), np.int64(94))",25,10
2,1318.8,1931.6,5.0,196523.32300342753,1315.6611328125,"(np.int64(1931), np.int64(1318), np.int64(1933), np.int64(1321))",15,23
2,334.32708333333335,1965.0270833333332,100.0,3930466.460068551,1327.6097412109375,"(np.int64(1954), np.int64(324), np.int64(1977), np.int64(348))",17,36
3,984.5,38.0,4.0,157218.65840274203,1295.039306640625,"(np.int64(38), np.int64(983), np.int64(39), np.int64(987))",26,39
3,534.5,57.5,4.0,157218.65840274203,1277.107177734375,"(np.int64(57), np.int64(534), np.int64(59), np.int64(536))",21,15
3,348.0,93.4,10.0,393046.64600685507,1317.77978515625,"(np.int64(93), np.int64(345), np.int64(95), np.int64(352))",0,34
3,241.0,170.5,2.0,78609.32920137102,1278.88720703125,"(np.int64(170), np.int64(241), np.int64(172), np.int64(242))",22,8
3,1551.0,284.6666666666667,9.0,353741.9814061696,1331.1690673828125,"(np.int64(284), np.int64(1549), np.int64(286), np.int64(1555))",1,37
3,630.2,483.6,5.0,196523.32300342753,1338.102783203125,"(np.int64(482), np.int64(629), np.int64(486), np.int64(632))",28,4
3,634.8,539.2,10.0,393046.64600685507,1325.404296875,"(np.int64(537), np.int64(634), np.int64(542), np.int64(637))",3,10
3,2021.2380952380952,792.7619047619048,21.0,825397.9566143957,1327.210693359375,"(np.int64(790), np.int64(2018), np.int64(796), np.int64(2025))",7,26
3,718.5909090909091,1475.4545454545455,22.0,864702.6212150812,1319.533203125,"(np.int64(1473), np.int64(716), np.int64(1478), np.int64(722))",12,38
3,1154.611111111111,1515.5,18.0,707483.9628123392,1317.089111328125,"(np.int64(1514), np.int64(1152), np.int64(1519), np.int64(1158))",13,36
3,259.9622641509434,1580.8301886792453,53.0,2083147.2238363319,1339.4842529296875,"(np.int64(1574), np.int64(253), np.int64(1589), np.int64(265))",14,28
3,89.89473684210526,1852.3684210526317,19.0,746788.6274130247,1304.895263671875,"(np.int64(1849), np.int64(87), np.int64(1857), np.int64(94))",25,10
3,1319.5,1931.5,2.0,78609.32920137102,1319.825439453125,"(np.int64(1931), np.int64(1319), np.int64(1933), np.int64(1321))",15,23
3,334.5965250965251,1964.711550836551,94.0,3694638.4724644376,1328.8046875,"(np.int64(1954), np.int64(324), np.int64(1977), np.int64(348))",17,36
3,954.5,2006.0,2.0,78609.32920137102,1287.83984375,"(np.int64(2006), np.int64(954), np.int64(2007), np.int64(956))",19,2
4,534.6666666666666,58.666666666666664,3.0,117913.99380205653,1339.283447265625,"(np.int64(58), np.int64(534), np.int64(60), np.int64(536))",21,15
4,347.2142857142857,94.64285714285714,14.0,550265.3044095971,1344.284912109375,"(np.int64(93), np.int64(344), np.int64(97), np.int64(351))",0,34
4,240.0,172.5,2.0,78609.32920137102,1255.1435546875,"(np.int64(172), np.int64(240), np.int64(174), np.int64(241))",22,8
4,1550.3125,286.0625,16.0,628874.6336109681,1330.8837890625,"(np.int64(285), np.int64(1548), np.int64(288), np.int64(1555))",1,37
4,630.0,485.25,4.0,157218.65840274203,1339.546630859375,"(np.int64(484), np.int64(629), np.int64(487), np.int64(632))",28,4
4,634.0,540.8333333333334,6.0,235827.98760411306,1323.51318359375,"(np.int64(539), np.int64(633), np.int64(543), np.int64(636))",3,10
4,2021.0833333333333,794.1666666666666,12.0,471655.9752082261,1329.352294921875,"(np.int64(792), np.int64(2018), np.int64(796), np.int64(2025))",7,26
4,1049.3333333333333,1438.6666666666667,3.0,117913.99380205653,1333.22900390625,"(np.int64(1438), np.int64(1049), np.int64(1440), np.int64(1051))",31,7
4,718.8823529411765,1476.5882352941176,17.0,668179.2982116536,1316.62109375,"(np.int64(1475), np.int64(717), np.int64(1479), np.int64(722))",12,38
4,1154.1176470588234,1516.8823529411766,17.0,668179.2982116536,1315.6639404296875,"(np.int64(1515), np.int64(1152), np.int64(1520), np.int64(1157))",13,36
4,259.5,1582.111111111111,54.0,2122451.8884370173,1338.44580078125,"(np.int64(1575), np.int64(252), np.int64(1592), np.int64(265))",14,28
4,88.2,1851.2,5.0,196523.32300342753,1301.1380615234375,"(np.int64(1850), np.int64(87), np.int64(1853), np.int64(90))",25,10
4,1319.25,1933.25,4.0,157218.65840274203,1304.7515869140625,"(np.int64(1933), np.int64(1318), np.int64(1935), np.int64(1321))",15,23
4,334.48958333333337,1966.1050347222222,80.0,3144373.1680548405,1329.759033203125,"(np.int64(1955), np.int64(325), np.int64(1978), np.int64(347))",17,36
4,701.0,2006.0,3.0,117913.99380205653,1321.71826171875,"(np.int64(2005), np.int64(701), np.int64(2008), np.int64(702))",33,6
4,1214.0,2020.5,4.0,157218.65840274203,1335.1673583984375,"(np.int64(2020), np.int64(1213), np.int64(2022), np.int64(1216))",34,15
5,981.5,41.0,2.0,78609.32920137102,1297.442138671875,"(np.int64(41), np.int64(981), np.int64(42), np.int64(983))",26,39
5,342.77777777777777,99.31481481481482,14.0,550265.3044095972,1337.0743408203125,"(np.int64(95), np.int64(338), np.int64(105), np.int64(351))",0,34
5,1549.5833333333333,287.1666666666667,12.0,471655.9752082261,1330.19873046875,"(np.int64(286), np.int64(1548), np.int64(289), np.int64(1553))",1,37
5,3.0,320.5,2.0,78609.32920137102,1338.8560791015625,"(np.int64(320), np.int64(3), np.int64(322), np.int64(4))",36,22
5,633.25,543.0,4.0,157218.65840274203,1324.145263671875,"(np.int64(542), np.int64(633), np.int64(545), np.int64(635))",3,10
5,2020.5833333333333,795.6666666666666,12.0,471655.9752082261,1324.6021728515625,"(np.int64(793), np.int64(2018), np.int64(798), np.int64(2024))",7,26
5,535.5,1424.0,2.0,78609.32920137102,1331.066650390625,"(np.int64(1424), np.int64(535), np.int64(1425), np.int64(537))",24,22
5,1049.5,1440.0,2.0,78609.32920137102,1327.1376953125,"(np.int64(1440), np.int64(1049), np.int64(1441), np.int64(1051))",31,7
5,718.875,1477.375,16.0,628874.6336109681,1316.310302734375,"(np.int64(1475), np.int64(717), np.int64(1480), np.int64(722))",12,38
5,63.0,1497.5,2.0,78609.32920137102,1303.244140625,"(np.int64(1497), np.int64(63), np.int64(1499), np.int64(64))",38,2
5,1154.2142857142858,1518.2857142857142,14.0,550265.3044095971,1316.447265625,"(np.int64(1517), np.int64(1152), np.int64(1522), np.int64(1157))",13,36
5,259.6674074074074,1583.2414814814815,52.0,2043842.5592356464,1335.703857421875,"(np.int64(1576), np.int64(254), np.int64(1593), np.int64(265))",14,28
5,89.22222222222223,1852.888888888889,7.0,275132.65220479853,1295.637451171875,"(np.int64(1851), np.int64(86), np.int64(1856), np.int64(93))",25,10
5,1319.0,1934.5,4.0,157218.65840274203,1305.4599609375,"(np.int64(1934), np.int64(1318), np.int64(1936), np.int64(1321))",15,23
5,334.3908660130719,1970.167614379085,97.0,3812552.4662664942,1327.2747802734375,"(np.int64(1956), np.int64(324), np.int64(1979), np.int64(348))",17,36
5,701.0,2007.0,3.0,117913.99380205653,1327.98291015625,"(np.int64(2006), np.int64(701), np.int64(2009), np.int64(702))",33,6
5,1213.75,2021.75,4.0,157218.65840274203,1338.741943359375,"(np.int64(2021), np.int64(1213), np.int64(2023), np.int64(1216))",34,15
6,981.4285714285714,41.42857142857143,7.0,275132.65220479853,1316.095458984375,"(np.int64(41), np.int64(979), np.int64(43), np.int64(985))",26,39
6,343.0333333333333,100.43333333333334,8.0,314437.31680548406,1338.42529296875,"(np.int64(96), np.int64(337), np.int64(106), np.int64(351))",0,34
6,1549.9333333333334,287.6,15.0,589569.9690102827,1330.198486328125,"(np.int64(286), np.int64(1548), np.int64(290), np.int64(1555))",1,37
6,6.375,316.25,6.0,235827.98760411306,1336.7843017578125,"(np.int64(311), np.int64(3), np.int64(322), np.int64(11))",36,22
6,633.0,542.5,2.0,78609.32920137102,1266.4691162109375,"(np.int64(542), np.int64(633), np.int64(544), np.int64(634))",3,10
6,2020.875,795.875,8.0,314437.31680548406,1325.253662109375,"(np.int64(794), np.int64(2019), np.int64(798), np.int64(2024))",7,26
6,534.5,1424.0,2.0,78609.32920137102,1337.5382080078125,"(np.int64(1424), np.int64(534), np.int64(1425), np.int64(536))",24,22
6,718.625,1477.75,16.0,628874.6336109681,1317.29296875,"(np.int64(1476), np.int64(716), np.int64(1480), np.int64(722))",12,38
6,62.666666666666664,1498.3333333333333,3.0,117913.99380205653,1303.56689453125,"(np.int64(1498), np.int64(62), np.int64(1500), np.int64(64))",38,2
6,1153.357142857143,1518.4642857142858,9.0,353741.98140616954,1317.78076171875,"(np.int64(1517), np.int64(1152), np.int64(1521), np.int64(1157))",13,36
6,260.6510416666667,1586.6666666666667,44.0,1729405.2424301624,1335.69775390625,"(np.int64(1577), np.int64(253), np.int64(1594), np.int64(265))",14,28
6,1319.0,1935.3333333333333,3.0,117913.99380205653,1303.8330078125,"(np.int64(1935), np.int64(1318), np.int64(1937), np.int64(1321))",15,23
6,700.8,2007.4,5.0,196523.32300342753,1328.646240234375,"(np.int64(2006), np.int64(700), np.int64(2010), np.int64(702))",33,6
6,1214.0,2022.5,4.0,157218.65840274203,1339.489501953125,"(np.int64(2022), np.int64(1213), np.int64(2024), np.int64(1216))",34,15
7,980.1666666666666,41.333333333333336,6.0,235827.98760411306,1315.4423828125,"(np.int64(41), np.int64(979), np.int64(43), np.int64(983))",26,39
7,344.25,97.375,10.0,393046.64600685507,1328.06103515625,"(np.int64(95), np.int64(341), np.int64(100), np.int64(350))",0,34
7,1729.5,120.0,2.0,78609.32920137102,1275.94970703125,"(np.int64(120), np.int64(1729), np.int64(121), np.int64(1731))",39,6
7,1549.4166666666667,287.4166666666667,12.0,471655.9752082261,1330.537353515625,"(np.int64(286), np.int64(1548), np.int64(290), np.int64(1553))",1,37
7,9.833333333333334,311.1666666666667,6.0,235827.98760411306,1341.32568359375,"(np.int64(310), np.int64(9), np.int64(313), np.int64(12))",36,22
7,632.3333333333334,542.0,3.0,117913.99380205653,1272.999755859375,"(np.int64(541), np.int64(632), np.int64(544), np.int64(634))",3,10
7,2020.8333333333333,795.3333333333334,6.0,235827.98760411306,1322.031494140625,"(np.int64(794), np.int64(2020), np.int64(797), np.int64(2023))",7,26
7,559.5,1147.5,2.0,78609.32920137102,1274.313232421875,"(np.int64(1147), np.int64(559), np.int64(1149), np.int64(561))",40,4
7,718.4285714285714,1477.4285714285713,14.0,550265.3044095971,1315.3131103515625,"(np.int64(1476), np.int64(716), np.int64(1480), np.int64(721))",12,38
7,1154.5,1518.0,6.0,235827.98760411306,1313.353515625,"(np.int64(1517), np.int64(1154), np.int64(1520), np.int64(1156))",13,36
7,253.46474358974356,1580.2158119658122,43.0,1690100.577829477,1335.705322265625,"(np.int64(1573), np.int64(241), np.int64(1593), np.int64(264))",14,28
7,1319.5,1935.5,2.0,78609.32920137102,1302.0699462890625,"(np.int64(1935), np.int64(1319), np.int64(1937), np.int64(1321))",15,23
7,701.0,2007.5,4.0,157218.65840274203,1328.642333984375,"(np.int64(2006), np.int64(701), np.int64(2010), np.int64(702))",33,6
7,1214.5,2022.0,2.0,78609.32920137102,1338.3970947265625,"(np.int64(2022), np.int64(1214), np.int64(2023), np.int64(1216))",34,15
8,979.8,39.4,5.0,196523.32300342753,1297.8153076171875,"(np.int64(39), np.int64(979), np.int64(41), np.int64(982))",26,39
8,534.5,57.5,2.0,78609.32920137102,1263.615234375,"(np.int64(57), np.int64(534), np.int64(59), np.int64(536))",21,15
8,696.5,88.5,2.0,78609.32920137102,1269.32763671875,"(np.int64(88), np.int64(696), np.int64(90), np.int64(698))",42,7
8,343.2142857142857,97.67857142857143,9.0,353741.98140616954,1342.775146484375,"(np.int64(93), np.int64(339), np.int64(103), np.int64(350))",0,34
8,1550.909090909091,285.45454545454544,11.0,432351.3106075406,1327.0662841796875,"(np.int64(284), np.int64(1549), np.int64(287), np.int64(1555))",1,37
8,10.6,309.2,5.0,196523.32300342753,1344.6710205078125,"(np.int64(308), np.int64(10), np.int64(311), np.int64(12))",36,22
8,633.0,539.5,2.0,78609.32920137102,1311.505126953125,"(np.int64(539), np.int64(633), np.int64(541), np.int64(634))",3,10
8,719.1,1475.55,20.0,786093.2920137101,1317.857666015625,"(np.int64(1474), np.int64(717), np.int64(1479), np.int64(723))",12,38
8,1154.8333333333333,1515.8333333333333,6.0,235827.98760411306,1316.3310546875,"(np.int64(1515), np.int64(1154), np.int64(1518), np.int64(1157))",13,36
8,257.08761904761906,1582.1495238095238,31.0,1218444.6026212508,1339.992919921875,"(np.int64(1571), np.int64(241), np.int64(1592), np.int64(265))",14,28
8,906.0,1740.5,2.0,78609.32920137102,1270.632568359375,"(np.int64(1740), np.int64(906), np.int64(1742), np.int64(907))",43,6
8,701.0,2006.0,3.0,117913.99380205653,1309.978515625,"(np.int64(2005), np.int64(701), np.int64(2008), np.int64(702))",33,6
8,1215.2,2020.4,5.0,196523.32300342753,1333.812744140625,"(np.int64(2020), np.int64(1214), np.int64(2022), np.int64(1217))",34,15
9,976.75,38.8125,14.0,550265.3044095971,1321.9700927734375,"(np.int64(37), np.int64(971), np.int64(41), np.int64(985))",26,39
9,697.5,87.0,2.0,78609.32920137102,1290.115478515625,"(np.int64(87), np.int64(697), np.int64(88), np.int64(699))",42,7
9,347.5,93.0,2.0,78609.32920137102,1303.2694091796875,"(np.int64(93), np.int64(347), np.int64(94), np.int64(349))",0,34
9,1730.0,116.5,2.0,78609.32920137102,1307.7332763671875,"(np.int64(116), np.int64(1730), np.int64(118), np.int64(1731))",39,6
9,1551.3846153846155,284.2307692307692,13.0,510960.6398089116,1330.4752197265625,"(np.int64(283), np.int64(1549), np.int64(286), np.int64(1555))",1,37
9,10.5,308.0,6.0,235827.98760411306,1361.6959228515625,"(np.int64(307), np.int64(10), np.int64(310), np.int64(12))",36,22
9,630.0,483.5,2.0,78609.32920137102,1294.552978515625,"(np.int64(483), np.int64(630), np.int64(485), np.int64(631))",28,4
9,1050.0,1437.25,4.0,157218.65840274203,1333.9354248046875,"(np.int64(1437), np.int64(1049), np.int64(1439), np.int64(1052))",31,7
9,719.074074074074,1474.7037037037037,27.0,1061225.9442185087,1326.592529296875,"(np.int64(1472), np.int64(716), np.int64(1478), np.int64(723))",12,38
9,1367.5,1510.5,2.0,78609.32920137102,1283.961181640625,"(np.int64(1510), np.int64(1367), np.int64(1512), np.int64(1369))",44,2
9,1155.5,1514.5,4.0,157218.65840274203,1317.3477783203125,"(np.int64(1514), np.int64(1155), np.int64(1516), np.int64(1157))",13,36
9,256.33333333333337,1579.0416666666667,16.0,628874.6336109682,1342.836669921875,"(np.int64(1569), np.int64(241), np.int64(1590), np.int64(265))",14,28
9,906.0,1739.25,4.0,157218.65840274203,1316.6875,"(np.int64(1739), np.int64(905), np.int64(1741), np.int64(908))",43,6
9,333.3337719298246,1963.9321637426901,70.0,2751326.522047986,1319.27587890625,"(np.int64(1956), np.int64(325), np.int64(1975), np.int64(345))",17,36
9,1215.75,2019.25,8.0,314437.31680548406,1338.610595703125,"(np.int64(2018), np.int64(1213), np.int64(2021), np.int64(1219))",34,15
10,975.8,39.55,18.0,707483.9628123392,1319.48828125,"(np.int64(38), np.int64(970), np.int64(42), np.int64(983))",26,39
10,337.3333333333333,105.0,3.0,117913.99380205653,1307.419189453125,"(np.int64(104), np.int64(337), np.int64(107), np.int64(339))",0,34
10,1730.0,117.0,4.0,157218.65840274203,1306.21728515625,"(np.int64(116), np.int64(1729), np.int64(119), np.int64(1732))",39,6
10,1551.3333333333333,284.8333333333333,12.0,471655.9752082261,1331.8326416015625,"(np.int64(284), np.int64(1549), np.int64(287), np.int64(1555))",1,37
10,10.6,308.2,5.0,196523.32300342753,1346.60595703125,"(np.int64(307), np.int64(10), np.int64(310), np.int64(12))",36,22
10,631.5,539.5,2.0,78609.32920137102,1263.875732421875,"(np.int64(539), np.int64(631), np.int64(541), np.int64(633))",3,10
10,534.5,1421.0,2.0,78609.32920137102,1340.7216796875,"(np.int64(1421), np.int64(534), np.int64(1422), np.int64(536))",24,22
10,1049.4,1437.6,5.0,196523.32300342753,1342.6246337890625,"(np.int64(1437), np.int64(1048), np.int64(1439), np.int64(1052))",31,7
10,718.4864864864865,1475.7027027027027,37.0,1454272.5902253638,1326.2489013671875,"(np.int64(1473), np.int64(715), np.int64(1480), np.int64(723))",12,38
10,1153.125,1514.75,6.0,235827.98760411306,1320.4647216796875,"(np.int64(1514), np.int64(1151), np.int64(1517), np.int64(1157))",13,36
10,248.625,1572.4166666666665,10.0,393046.64600685507,1343.175537109375,"(np.int64(1570), np.int64(240), np.int64(1576), np.int64(258))",14,28
10,746.5,1738.0,2.0,78609.32920137102,1297.3533935546875,"(np.int64(1738), np.int64(746), np.int64(1739), np.int64(748))",45,29
10,905.6666666666666,1739.3333333333333,3.0,117913.99380205653,1315.356689453125,"(np.int64(1739), np.int64(905), np.int64(1741), np.int64(907))",43,6
10,334.1556541019956,1967.051145602365,68.0,2672717.1928466144,1324.8717041015625,"(np.int64(1957), np.int64(325), np.int64(1975), np.int64(345))",17,36
10,1213.5,2019.0,2.0,78609.32920137102,1340.671630859375,"(np.int64(2019), np.int64(1213), np.int64(2020), np.int64(1215))",34,15
11,975.0833333333333,41.08333333333333,12.0,471655.9752082261,1307.231201171875,"(np.int64(40), np.int64(970), np.int64(43), np.int64(981))",26,39
11,336.5,106.5,2.0,78609.32920137102,1294.58740234375,"(np.int64(106), np.int64(336), np.int64(108), np.int64(338))",0,34
11,1729.5,118.0,2.0,78609.32920137102,1277.610595703125,"(np.int64(118), np.int64(1729), np.int64(119), np.int64(1731))",39,6
11,1551.4545454545455,286.1818181818182,11.0,432351.3106075406,1329.874267578125,"(np.int64(285), np.int64(1549), np.int64(288), np.int64(1555))",1,37
11,10.333333333333334,309.6666666666667,3.0,117913.99380205653,1345.006591796875,"(np.int64(309), np.int64(10), np.int64(311), np.int64(12))",36,22
11,1363.5,585.5,2.0,78609.32920137102,1254.54541015625,"(np.int64(585), np.int64(1363), np.int64(587), np.int64(1365))",46,3
11,1774.5,1165.5,2.0,78609.32920137102,1267.2779541015625,"(np.int64(1165), np.int64(1774), np.int64(1167), np.int64(1776))",47,2
11,534.5,1422.0,2.0,78609.32920137102,1337.918212890625,"(np.int64(1422), np.int64(534), np.int64(1423), np.int64(536))",24,22
11,1049.0,1439.25,4.0,157218.65840274203,1337.051513671875,"(np.int64(1439), np.int64(1048), np.int64(1441), np.int64(1051))",31,7
11,718.2051282051282,1477.051282051282,39.0,1532881.9194267348,1320.008056640625,"(np.int64(1474), np.int64(714), np.int64(1481), np.int64(723))",12,38
11,1152.75,1516.25,8.0,314437.31680548406,1313.830810546875,"(np.int64(1515), np.int64(1150), np.int64(1518), np.int64(1157))",13,36
11,255.3,1580.875,11.0,432351.31060754054,1340.673583984375,"(np.int64(1571), np.int64(240), np.int64(1589), np.int64(265))",14,28
11,905.6666666666666,1741.3333333333333,3.0,117913.99380205653,1315.852783203125,"(np.int64(1741), np.int64(905), np.int64(1743), np.int64(907))",43,6
11,89.0,1851.5,2.0,78609.32920137102,1283.0548095703125,"(np.int64(1851), np.int64(89), np.int64(1853), np.int64(90))",25,10
11,334.53125,1966.9858870967741,67.0,2633412.528245929,1324.1190185546875,"(np.int64(1959), np.int64(324), np.int64(1977), np.int64(344))",17,36
11,1212.5,2020.0,2.0,78609.32920137102,1336.1627197265625,"(np.int64(2020), np.int64(1212), np.int64(2021), np.int64(1214))",34,15
12,974.6555555555555,41.96666666666667,12.0,471655.97520822607,1317.4251708984375,"(np.int64(41), np.int64(970), np.int64(44), np.int64(980))",26,39
12,534.6666666666666,58.666666666666664,3.0,117913.99380205653,1290.2969970703125,"(np.int64(58), np.int64(534), np.int64(60), np.int64(536))",21,15
12,1551.6,287.4,10.0,393046.64600685507,1331.8935546875,"(np.int64(286), np.int64(1550), np.int64(290), np.int64(1555))",1,37
12,10.0,310.5,2.0,78609.32920137102,1341.6688232421875,"(np.int64(310), np.int64(10), np.int64(312), np.int64(11))",36,22
12,1234.0,835.5,2.0,78609.32920137102,1314.9298095703125,"(np.int64(835), np.int64(1234), np.int64(837), np.int64(1235))",48,13
12,564.6666666666666,1141.611111111111,18.0,707483.9628123392,1330.31396484375,"(np.int64(1138), np.int64(561), np.int64(1147), np.int64(569))",40,4
12,534.0,1423.0,3.0,117913.99380205653,1339.333740234375,"(np.int64(1423), np.int64(533), np.int64(1424), np.int64(536))",24,22
12,1049.0,1440.25,4.0,157218.65840274203,1327.31494140625,"(np.int64(1440), np.int64(1048), np.int64(1442), np.int64(1051))",31,7
12,718.35,1477.65,40.0,1572186.5840274203,1317.79150390625,"(np.int64(1475), np.int64(714), np.int64(1481), np.int64(724))",12,38
12,1152.875,1517.625,10.0,393046.64600685507,1321.93505859375,"(np.int64(1517), np.int64(1150), np.int64(1520), np.int64(1157))",13,36
12,240.57142857142858,1572.5714285714287,7.0,275132.65220479853,1336.517822265625,"(np.int64(1572), np.int64(239), np.int64(1575), np.int64(243))",14,28
12,261.3333333333333,1588.6666666666667,3.0,117913.99380205653,1303.82666015625,"(np.int64(1588), np.int64(261), np.int64(1590), np.int64(263))",14,28
12,905.5,1741.5,4.0,157218.65840274203,1320.469970703125,"(np.int64(1741), np.int64(905), np.int64(1743), np.int64(907))",43,6
12,90.66666666666667,1853.3333333333333,3.0,117913.99380205653,1285.054443359375,"(np.int64(1853), np.int64(90), np.int64(1855), np.int64(92))",25,10
12,333.8500881834215,1969.6137566137568,72.0,2829935.8512493568,1325.3690185546875,"(np.int64(1960), np.int64(325), np.int64(1978), np.int64(344))",17,36
13,974.9277777777779,41.83888888888888,15.0,589569.9690102825,1313.53759765625,"(np.int64(40), np.int64(970), np.int64(44), np.int64(981))",26,39
13,534.3333333333334,59.333333333333336,3.0,117913.99380205653,1350.4495849609375,"(np.int64(59), np.int64(534), np.int64(61), np.int64(536))",21,15
13,340.75,101.25,4.0,157218.65840274203,1318.2674560546875,"(np.int64(96), np.int64(336), np.int64(108), np.int64(347))",0,34
13,1552.0,287.5,6.0,235827.98760411306,1330.880615234375,"(np.int64(286), np.int64(1551), np.int64(290), np.int64(1554))",1,37
13,1364.0,586.0,3.0,117913.99380205653,1323.6697998046875,"(np.int64(585), np.int64(1363), np.int64(588), np.int64(1366))",46,3
13,1774.5,1166.5,2.0,78609.32920137102,1272.84619140625,"(np.int64(1166), np.int64(1774), np.int64(1168), np.int64(1776))",47,2
13,1574.65,1263.45,7.0,275132.65220479853,1314.5345458984375,"(np.int64(1255), np.int64(1568), np.int64(1272), np.int64(1582))",50,30
13,534.4,1423.2,5.0,196523.32300342753,1340.688232421875,"(np.int64(1422), np.int64(534), np.int64(1425), np.int64(536))",24,22
13,1049.0,1440.0,3.0,117913.99380205653,1327.796875,"(np.int64(1440), np.int64(1048), np.int64(1441), np.int64(1051))",31,7
13,718.3513513513514,1477.8918918918919,37.0,1454272.5902253638,1318.80078125,"(np.int64(1475), np.int64(714), np.int64(1481), np.int64(723))",12,38
13,1153.0,1517.75,8.0,314437.31680548406,1321.258544921875,"(np.int64(1517), np.int64(1150), np.int64(1520), np.int64(1157))",13,36
13,240.57142857142858,1572.857142857143,7.0,275132.65220479853,1335.842529296875,"(np.int64(1572), np.int64(239), np.int64(1575), np.int64(243))",14,28
13,261.91666666666663,1592.0833333333335,7.0,275132.65220479853,1317.5950927734375,"(np.int64(1588), np.int64(261), np.int64(1597), np.int64(264))",14,28
13,743.5,1740.0,4.0,157218.65840274203,1294.733642578125,"(np.int64(1740), np.int64(742), np.int64(1741), np.int64(746))",45,29
13,334.4944767875802,1967.697212270488,61.0,2397584.5406418163,1326.359375,"(np.int64(1959), np.int64(325), np.int64(1978), np.int64(344))",17,36
14,975.1517857142858,41.723214285714285,15.0,589569.9690102825,1320.85693359375,"(np.int64(40), np.int64(970), np.int64(45), np.int64(981))",26,39
14,535.0,59.166666666666664,6.0,235827.98760411306,1351.806640625,"(np.int64(58), np.int64(534), np.int64(61), np.int64(537))",21,15
14,696.3333333333334,89.66666666666667,3.0,117913.99380205653,1278.9422607421875,"(np.int64(89), np.int64(696), np.int64(91), np.int64(698))",42,7
14,347.5,95.5,2.0,78609.32920137102,1271.8673095703125,"(np.int64(95), np.int64(347), np.int64(97), np.int64(349))",0,34
14,1729.0,118.5,2.0,78609.32920137102,1317.0155029296875,"(np.int64(118), np.int64(1729), np.int64(120), np.int64(1730))",39,6
14,1552.0,287.5,4.0,157218.65840274203,1329.3905029296875,"(np.int64(287), np.int64(1551), np.int64(289), np.int64(1554))",1,37
14,536.4,297.6,5.0,196523.32300342753,1326.497314453125,"(np.int64(297), np.int64(535), np.int64(299), np.int64(539))",51,5
14,10.5,309.5,2.0,78609.32920137102,1306.0992431640625,"(np.int64(309), np.int64(10), np.int64(311), np.int64(12))",36,22
14,564.5,458.5,4.0,157218.65840274203,1329.3662109375,"(np.int64(458), np.int64(564), np.int64(460), np.int64(566))",52,2
14,1364.5,585.5,2.0,78609.32920137102,1279.088134765625,"(np.int64(585), np.int64(1364), np.int64(587), np.int64(1366))",46,3
14,564.875,1141.7083333333333,24.0,943311.9504164523,1330.9951171875,"(np.int64(1138), np.int64(561), np.int64(1147), np.int64(569))",40,4
14,1574.2142857142858,1263.142857142857,14.0,550265.3044095971,1315.45947265625,"(np.int64(1255), np.int64(1568), np.int64(1273), np.int64(1582))",50,30
14,470.5,1269.0,2.0,78609.32920137102,1330.16845703125,"(np.int64(1269), np.int64(470), np.int64(1270), np.int64(472))",54,4
14,534.1666666666666,1423.1666666666667,6.0,235827.98760411306,1341.0118408203125,"(np.int64(1422), np.int64(533), np.int64(1425), np.int64(536))",24,22
14,718.55,1477.85,40.0,1572186.5840274203,1318.1337890625,"(np.int64(1475), np.int64(714), np.int64(1482), np.int64(724))",12,38
14,1155.6,1517.8,5.0,196523.32300342753,1313.174072265625,"(np.int64(1517), np.int64(1155), np.int64(1520), np.int64(1157))",13,36
14,240.66666666666666,1572.5555555555557,9.0,353741.9814061696,1340.647216796875,"(np.int64(1571), np.int64(239), np.int64(1575), np.int64(243))",14,28
14,263.0,1595.5,2.0,78609.32920137102,1318.571533203125,"(np.int64(1595), np.int64(263), np.int64(1597), np.int64(264))",14,28
14,744.5,1739.875,7.0,275132.65220479853,1297.1279296875,"(np.int64(1739), np.int64(741), np.int64(1741), np.int64(749))",45,29
14,903.2,1741.65,7.0,275132.65220479853,1318.085205078125,"(np.int64(1741), np.int64(901), np.int64(1744), np.int64(907))",43,6
14,336.4785714285714,1969.314285714286,51.0,2004537.894634961,1327.0322265625,"(np.int64(1959), np.int64(325), np.int64(1978), np.int64(345))",17,36
15,974.7291666666667,42.22916666666667,14.0,550265.3044095971,1322.5537109375,"(np.int64(40), np.int64(970), np.int64(45), np.int64(981))",26,39
15,535.375,59.25,8.0,314437.31680548406,1353.7705078125,"(np.int64(58), np.int64(534), np.int64(62), np.int64(539))",21,15
15,1729.5,119.0,2.0,78609.32920137102,1317.677490234375,"(np.int64(119), np.int64(1729), np.int64(120), np.int64(1731))",39,6
15,1527.0,269.5,2.0,78609.32920137102,1315.766357421875,"(np.int64(269), np.int64(1527), np.int64(271), np.int64(1528))",55,2
15,1552.6666666666667,288.3333333333333,3.0,117913.99380205653,1319.931884765625,"(np.int64(288), np.int64(1552), np.int64(290), np.int64(1554))",1,37
15,564.25,458.75,4.0,157218.65840274203,1340.8819580078125,"(np.int64(458), np.int64(564), np.int64(461), np.int64(566))",52,2
15,1574.5357142857142,1263.7142857142858,13.0,510960.6398089116,1318.11865234375,"(np.int64(1256), np.int64(1568), np.int64(1273), np.int64(1582))",50,30
15,472.0,1270.6666666666667,3.0,117913.99380205653,1296.114990234375,"(np.int64(1270), np.int64(471), np.int64(1272), np.int64(474))",54,4
15,534.0,1423.5,4.0,157218.65840274203,1341.81298828125,"(np.int64(1423), np.int64(533), np.int64(1425), np.int64(536))",24,22
15,718.1282051282051,1478.025641025641,39.0,1532881.9194267348,1318.0941162109375,"(np.int64(1475), np.int64(714), np.int64(1482), np.int64(723))",12,38
15,1155.5,1517.5,4.0,157218.65840274203,1314.4921875,"(np.int64(1517), np.int64(1155), np.int64(1519), np.int64(1157))",13,36
15,240.0,1572.4,5.0,196523.32300342753,1340.318359375,"(np.int64(1572), np.int64(239), np.int64(1574), np.int64(242))",14,28
15,262.5,1595.5,4.0,157218.65840274203,1318.584228515625,"(np.int64(1595), np.int64(262), np.int64(1597), np.int64(264))",14,28
15,743.75,1740.0,5.0,196523.32300342753,1296.7764892578125,"(np.int64(1740), np.int64(741), np.int64(1741), np.int64(748))",45,29
15,87.5,1852.0,2.0,78609.32920137102,1294.98779296875,"(np.int64(1852), np.int64(87), np.int64(1853), np.int64(89))",25,10
15,1318.5,1934.5,2.0,78609.32920137102,1302.4122314453125,"(np.int64(1934), np.int64(1318), np.int64(1936), np.int64(1320))",15,23
15,337.00964912280705,1971.778947368421,54.0,2122451.8884370173,1325.5185546875,"(np.int64(1965), np.int64(325), np.int64(1978), np.int64(346))",17,36
16,974.3571428571429,42.595238095238095,16.0,628874.6336109681,1330.594482421875,"(np.int64(41), np.int64(970), np.int64(46), np.int64(980))",26,39
16,534.75,59.625,8.0,314437.31680548406,1356.5081787109375,"(np.int64(59), np.int64(533), np.int64(62), np.int64(538))",21,15
16,1527.0,270.5,2.0,78609.32920137102,1315.9163818359375,"(np.int64(270), np.int64(1527), np.int64(272), np.int64(1528))",55,2
16,1552.5,288.5,4.0,157218.65840274203,1322.86474609375,"(np.int64(288), np.int64(1552), np.int64(290), np.int64(1554))",1,37
16,1234.5,836.5,2.0,78609.32920137102,1309.833984375,"(np.int64(836), np.int64(1234), np.int64(838), np.int64(1236))",48,13
16,564.5384615384615,1141.7692307692307,26.0,1021921.2796178232,1330.6578369140625,"(np.int64(1139), np.int64(561), np.int64(1146), np.int64(569))",40,4
16,1574.3958333333335,1264.0625,14.0,550265.3044095971,1318.11279296875,"(np.int64(1256), np.int64(1568), np.int64(1273), np.int64(1582))",50,30
16,472.0,1271.0,3.0,117913.99380205653,1305.5888671875,"(np.int64(1270), np.int64(472), np.int64(1273), np.int64(473))",54,4
16,533.5,1423.5,4.0,157218.65840274203,1346.053955078125,"(np.int64(1423), np.int64(533), np.int64(1425), np.int64(535))",24,22
16,717.5135135135135,1478.3513513513512,37.0,1454272.5902253638,1318.767578125,"(np.int64(1475), np.int64(713), np.int64(1482), np.int64(722))",12,38
16,1155.25,1518.0,4.0,157218.65840274203,1314.353515625,"(np.int64(1517), np.int64(1155), np.int64(1520), np.int64(1157))",13,36
16,239.0,1572.25,4.0,157218.65840274203,1335.684326171875,"(np.int64(1572), np.int64(238), np.int64(1574), np.int64(241))",14,28
16,742.7777777777778,1740.0,9.0,353741.9814061696,1296.760986328125,"(np.int64(1739), np.int64(740), np.int64(1742), np.int64(747))",45,29
16,336.60526315789474,1972.046052631579,59.0,2318975.2114404454,1327.04638671875,"(np.int64(1964), np.int64(325), np.int64(1978), np.int64(346))",17,36
17,974.0333333333333,44.45,17.0,668179.2982116537,1313.6737060546875,"(np.int64(42), np.int64(969), np.int64(48), np.int64(979))",26,39
17,534.1666666666666,61.166666666666664,6.0,235827.98760411306,1354.4888916015625,"(np.int64(60), np.int64(533), np.int64(63), np.int64(537))",21,15
17,1552.0,289.5,2.0,78609.32920137102,1328.9039306640625,"(np.int64(289), np.int64(1552), np.int64(291), np.int64(1553))",1,37
17,994.5,1081.0,2.0,78609.32920137102,1316.947265625,"(np.int64(1081), np.int64(994), np.int64(1082), np.int64(996))",57,18
17,1574.0666666666666,1265.9333333333334,8.0,314437.31680548406,1310.8876953125,"(np.int64(1258), np.int64(1568), np.int64(1275), np.int64(1582))",50,30
17,716.780487804878,1479.8048780487804,41.0,1611491.2486281057,1323.1229248046875,"(np.int64(1477), np.int64(712), np.int64(1484), np.int64(722))",12,38
17,1154.0,1519.5,2.0,78609.32920137102,1310.84130859375,"(np.int64(1519), np.int64(1154), np.int64(1521), np.int64(1155))",13,36
17,238.33333333333334,1573.6666666666667,3.0,117913.99380205653,1343.71630859375,"(np.int64(1573), np.int64(238), np.int64(1575), np.int64(240))",14,28
17,742.2222222222222,1741.3333333333333,9.0,353741.9814061696,1303.13330078125,"(np.int64(1740), np.int64(739), np.int64(1743), np.int64(747))",45,29
17,338.12794612794613,1974.0892255892254,38.0,1493577.2548260493,1323.865966796875,"(np.int64(1969), np.int64(334), np.int64(1980), np.int64(343))",17,36
18,973.3222222222222,44.86666666666667,22.0,864702.6212150812,1313.578369140625,"(np.int64(43), np.int64(968), np.int64(50), np.int64(978))",26,39
18,533.5,62.5,6.0,235827.98760411306,1355.9954833984375,"(np.int64(62), np.int64(532), np.int64(64), np.int64(536))",21,15
18,1549.875,290.875,8.0,314437.31680548406,1330.1763916015625,"(np.int64(290), np.int64(1548), np.int64(293), np.int64(1553))",1,37
18,1579.3333333333333,1274.6666666666667,3.0,117913.99380205653,1311.8538818359375,"(np.int64(1274), np.int64(1579), np.int64(1276), np.int64(1581))",50,30
18,531.6666666666666,1426.3333333333333,3.0,117913.99380205653,1329.07470703125,"(np.int64(1426), np.int64(531), np.int64(1428), np.int64(533))",24,22
18,716.0487804878048,1481.0731707317073,41.0,1611491.2486281057,1324.1407470703125,"(np.int64(1478), np.int64(712), np.int64(1486), np.int64(721))",12,38
18,1153.3333333333333,1520.6666666666667,3.0,117913.99380205653,1308.979736328125,"(np.int64(1520), np.int64(1153), np.int64(1522), np.int64(1155))",13,36
18,237.5,1575.0,2.0,78609.32920137102,1308.28515625,"(np.int64(1575), np.int64(237), np.int64(1576), np.int64(239))",14,28
18,743.0,1742.3636363636363,11.0,432351.3106075406,1311.1353759765625,"(np.int64(1741), np.int64(739), np.int64(1744), np.int64(747))",45,29
18,332.6244444444444,1974.0199999999998,33.0,1297053.9318226217,1329.769287109375,"(np.int64(1969), np.int64(323), np.int64(1981), np.int64(342))",17,36
19,973.3376068376068,44.62393162393163,18.0,707483.9628123392,1315.2794189453125,"(np.int64(43), np.int64(968), np.int64(49), np.int64(978))",26,39
19,533.3333333333334,62.333333333333336,3.0,117913.99380205653,1355.04150390625,"(np.int64(62), np.int64(533), np.int64(64), np.int64(535))",21,15
19,334.3333333333333,115.0,3.0,117913.99380205653,1276.5675048828125,"(np.int64(114), np.int64(334), np.int64(117), np.int64(336))",0,34
19,1549.75,290.5,6.0,235827.98760411306,1333.1536865234375,"(np.int64(290), np.int64(1548), np.int64(292), np.int64(1553))",1,37
19,9.0,312.5,2.0,78609.32920137102,1332.850341796875,"(np.int64(312), np.int64(9), np.int64(314), np.int64(10))",36,22
19,467.5,1272.5,2.0,78609.32920137102,1292.76171875,"(np.int64(1272), np.int64(467), np.int64(1274), np.int64(469))",54,4
19,1579.2,1274.4,5.0,196523.32300342753,1311.6392822265625,"(np.int64(1274), np.int64(1578), np.int64(1276), np.int64(1581))",50,30
19,531.5,1426.0,2.0,78609.32920137102,1344.6575927734375,"(np.int64(1426), np.int64(531), np.int64(1427), np.int64(533))",24,22
19,716.078947368421,1481.078947368421,38.0,1493577.2548260493,1324.146484375,"(np.int64(1478), np.int64(712), np.int64(1486), np.int64(721))",12,38
19,1153.4,1520.2,5.0,196523.32300342753,1312.99267578125,"(np.int64(1519), np.int64(1153), np.int64(1522), np.int64(1155))",13,36
19,237.66666666666666,1574.6666666666667,3.0,117913.99380205653,1318.149658203125,"(np.int64(1574), np.int64(237), np.int64(1576), np.int64(239))",14,28
19,743.8333333333334,1742.0833333333333,12.0,471655.9752082261,1310.4725341796875,"(np.int64(1741), np.int64(740), np.int64(1744), np.int64(748))",45,29
19,337.72058823529414,1974.6529411764704,39.0,1532881.9194267348,1324.1932373046875,"(np.int64(1967), np.int64(335), np.int64(1981), np.int64(343))",17,36
20,972.6060606060605,43.75757575757576,14.0,550265.3044095971,1312.3118896484375,"(np.int64(42), np.int64(969), np.int64(48), np.int64(976))",26,39
20,533.5,61.0,4.0,157218.65840274203,1349.720458984375,"(np.int64(60), np.int64(533), np.int64(63), np.int64(535))",21,15
20,255.33333333333334,168.33333333333334,3.0,117913.99380205653,1312.7939453125,"(np.int64(168), np.int64(255), np.int64(170), np.int64(257))",22,8
20,1551.3333333333333,288.6666666666667,3.0,117913.99380205653,1323.3994140625,"(np.int64(288), np.int64(1551), np.int64(290), np.int64(1553))",1,37
20,10.0,310.5,2.0,78609.32920137102,1340.6575927734375,"(np.int64(310), np.int64(10), np.int64(312), np.int64(11))",36,22
20,1579.2,1272.4,5.0,196523.32300342753,1311.227294921875,"(np.int64(1272), np.int64(1578), np.int64(1274), np.int64(1581))",50,30
20,532.3333333333334,1424.6666666666667,3.0,117913.99380205653,1332.149169921875,"(np.int64(1424), np.int64(532), np.int64(1426), np.int64(534))",24,22
20,716.0333333333333,1479.9666666666667,30.0,1179139.9380205653,1324.484130859375,"(np.int64(1477), np.int64(712), np.int64(1485), np.int64(721))",12,38
20,1153.5,1518.5,4.0,157218.65840274203,1313.32421875,"(np.int64(1518), np.int64(1153), np.int64(1520), np.int64(1155))",13,36
20,744.0,1741.0,5.0,196523.32300342753,1300.669921875,"(np.int64(1741), np.int64(742), np.int64(1742), np.int64(747))",45,29
20,338.29459459459457,1972.918918918919,42.0,1650795.9132287914,1324.5323486328125,"(np.int64(1965), np.int64(336), np.int64(1979), np.int64(344))",17,36
21,973.0666666666666,43.31666666666666,13.0,510960.6398089116,1335.96630859375,"(np.int64(42), np.int64(969), np.int64(47), np.int64(977))",26,39
21,534.5,59.5,2.0,78609.32920137102,1348.88525390625,"(np.int64(59), np.int64(534), np.int64(61), np.int64(536))",21,15
21,1550.3333333333333,287.6666666666667,3.0,117913.99380205653,1275.834716796875,"(np.int64(287), np.int64(1550), np.int64(289), np.int64(1552))",1,37
21,10.0,309.5,2.0,78609.32920137102,1341.6630859375,"(np.int64(309), np.int64(10), np.int64(311), np.int64(11))",36,22
21,1580.6666666666667,1272.3333333333333,3.0,117913.99380205653,1307.571533203125,"(np.int64(1272), np.int64(1580), np.int64(1274), np.int64(1582))",50,30
21,532.5,1424.0,2.0,78609.32920137102,1344.6910400390625,"(np.int64(1424), np.int64(532), np.int64(1425), np.int64(534))",24,22
21,715.4827586206897,1479.9310344827586,29.0,1139835.2734198798,1323.809814453125,"(np.int64(1476), np.int64(711), np.int64(1485), np.int64(720))",12,38
21,1153.8333333333333,1517.8333333333333,6.0,235827.98760411306,1314.703857421875,"(np.int64(1517), np.int64(1153), np.int64(1520), np.int64(1156))",13,36
21,238.5,1572.0,2.0,78609.32920137102,1294.9888916015625,"(np.int64(1572), np.int64(238), np.int64(1573), np.int64(240))",14,28
21,744.5,1740.3333333333333,6.0,235827.98760411306,1288.3499755859375,"(np.int64(1740), np.int64(742), np.int64(1742), np.int64(748))",45,29
21,1340.5,1929.5,2.0,78609.32920137102,1296.603759765625,"(np.int64(1929), np.int64(1340), np.int64(1931), np.int64(1342))",15,23
21,334.2121212121212,1970.8737373737374,39.0,1532881.9194267348,1318.808349609375,"(np.int64(1963), np.int64(325), np.int64(1978), np.int64(344))",17,36
22,972.8125,43.25,11.0,432351.3106075406,1314.300537109375,"(np.int64(41), np.int64(969), np.int64(47), np.int64(976))",26,39
22,534.3333333333334,60.333333333333336,3.0,117913.99380205653,1350.91845703125,"(np.int64(60), np.int64(534), np.int64(62), np.int64(536))",21,15
22,333.6666666666667,118.66666666666667,3.0,117913.99380205653,1286.6480712890625,"(np.int64(118), np.int64(333), np.int64(120), np.int64(335))",0,34
22,520.0,280.5,2.0,78609.32920137102,1281.940673828125,"(np.int64(280), np.int64(520), np.int64(282), np.int64(521))",51,5
22,51.0,1054.5,2.0,78609.32920137102,1268.1026611328125,"(np.int64(1054), np.int64(51), np.int64(1056), np.int64(52))",62,3
22,1579.3333333333333,1271.6666666666667,3.0,117913.99380205653,1307.5826416015625,"(np.int64(1271), np.int64(1579), np.int64(1273), np.int64(1581))",50,30
22,533.0,1424.0,3.0,117913.99380205653,1345.71435546875,"(np.int64(1424), np.int64(532), np.int64(1425), np.int64(535))",24,22
22,715.3333333333334,1480.3636363636363,33.0,1297053.9318226217,1323.809814453125,"(np.int64(1476), np.int64(711), np.int64(1487), np.int64(721))",12,38
22,1153.8333333333333,1517.8333333333333,6.0,235827.98760411306,1313.685546875,"(np.int64(1517), np.int64(1153), np.int64(1520), np.int64(1156))",13,36
22,537.5,1799.0,2.0,78609.32920137102,1271.035888671875,"(np.int64(1799), np.int64(537), np.int64(1800), np.int64(539))",63,3
22,1343.5142857142855,1929.6285714285714,12.0,471655.97520822607,1315.033935546875,"(np.int64(1928), np.int64(1339), np.int64(1932), np.int64(1349))",15,23
22,340.6007936507937,1973.8912698412698,36.0,1414967.9256246784,1318.960693359375,"(np.int64(1964), np.int64(337), np.int64(1978), np.int64(345))",17,36
23,972.5,43.66666666666667,8.0,314437.31680548406,1315.9200439453125,"(np.int64(42), np.int64(969), np.int64(47), np.int64(976))",26,39
23,695.0,90.5,2.0,78609.32920137102,1321.4332275390625,"(np.int64(90), np.int64(695), np.int64(92), np.int64(696))",42,7
23,10.0,309.5,2.0,78609.32920137102,1344.325927734375,"(np.int64(309), np.int64(10), np.int64(311), np.int64(11))",36,22
23,1579.142857142857,1271.7142857142858,7.0,275132.65220479853,1310.2130126953125,"(np.int64(1270), np.int64(1577), np.int64(1274), np.int64(1582))",50,30
23,533.0,1424.0,3.0,117913.99380205653,1345.0150146484375,"(np.int64(1424), np.int64(532), np.int64(1425), np.int64(535))",24,22
23,715.3333333333334,1480.6666666666667,30.0,1179139.9380205653,1324.146728515625,"(np.int64(1477), np.int64(711), np.int64(1487), np.int64(721))",12,38
23,1153.4,1518.2,5.0,196523.32300342753,1314.993896484375,"(np.int64(1517), np.int64(1153), np.int64(1520), np.int64(1155))",13,36
23,535.5,1798.0,2.0,78609.32920137102,1278.0599365234375,"(np.int64(1798), np.int64(535), np.int64(1799), np.int64(537))",63,3
23,1341.6470588235295,1930.0588235294117,17.0,668179.2982116536,1317.578369140625,"(np.int64(1929), np.int64(1339), np.int64(1932), np.int64(1347))",15,23
23,338.52173913043475,1973.0652173913045,26.0,1021921.2796178232,1318.09521484375,"(np.int64(1965), np.int64(337), np.int64(1978), np.int64(343))",17,36
24,972.5,42.54166666666667,10.0,393046.64600685507,1314.9642333984375,"(np.int64(41), np.int64(969), np.int64(46), np.int64(977))",26,39
24,239.0,172.0,3.0,117913.99380205653,1282.53564453125,"(np.int64(171), np.int64(239), np.int64(174), np.int64(240))",22,8
24,1553.75,287.75,4.0,157218.65840274203,1302.8123779296875,"(np.int64(287), np.int64(1553), np.int64(290), np.int64(1555))",1,37
24,9.666666666666666,308.6666666666667,3.0,117913.99380205653,1344.331298828125,"(np.int64(308), np.int64(9), np.int64(310), np.int64(11))",36,22
24,625.6666666666666,483.3333333333333,3.0,117913.99380205653,1324.242919921875,"(np.int64(483), np.int64(625), np.int64(485), np.int64(627))",28,4
24,50.666666666666664,1053.6666666666667,3.0,117913.99380205653,1297.584228515625,"(np.int64(1053), np.int64(50), np.int64(1055), np.int64(52))",62,3
24,1578.5,1270.0,6.0,235827.98760411306,1319.109130859375,"(np.int64(1269), np.int64(1577), np.int64(1272), np.int64(1581))",50,30
24,533.0,1423.0,5.0,196523.32300342753,1342.8475341796875,"(np.int64(1422), np.int64(532), np.int64(1425), np.int64(535))",24,22
24,715.0961538461538,1480.2307692307693,19.0,746788.6274130247,1324.478515625,"(np.int64(1476), np.int64(711), np.int64(1485), np.int64(721))",12,38
24,1153.6666666666667,1517.3333333333333,3.0,117913.99380205653,1313.315673828125,"(np.int64(1517), np.int64(1153), np.int64(1519), np.int64(1155))",13,36
24,1342.25,1929.1,20.0,786093.2920137101,1316.9189453125,"(np.int64(1928), np.int64(1339), np.int64(1931), np.int64(1347))",15,23
24,341.1875,1972.125,18.0,707483.9628123392,1316.895263671875,"(np.int64(1966), np.int64(337), np.int64(1977), np.int64(344))",17,36
25,973.0,42.0,8.0,314437.31680548406,1310.2982177734375,"(np.int64(40), np.int64(970), np.int64(45), np.int64(977))",26,39
25,238.66666666666666,171.66666666666666,3.0,117913.99380205653,1301.89990234375,"(np.int64(171), np.int64(238), np.int64(173), np.int64(240))",22,8
25,1563.5,180.5,2.0,78609.32920137102,1273.715087890625,"(np.int64(180), np.int64(1563), np.int64(182), np.int64(1565))",64,4
25,520.25,280.5,4.0,157218.65840274203,1269.0869140625,"(np.int64(279), np.int64(520), np.int64(283), np.int64(522))",51,5
25,1554.0,287.2,5.0,196523.32300342753,1325.0926513671875,"(np.int64(286), np.int64(1553), np.int64(290), np.int64(1556))",1,37
25,10.333333333333334,308.1666666666667,6.0,235827.98760411306,1347.2713623046875,"(np.int64(307), np.int64(10), np.int64(311), np.int64(12))",36,22
25,1579.0,1269.75,8.0,314437.31680548406,1317.786376953125,"(np.int64(1268), np.int64(1577), np.int64(1272), np.int64(1582))",50,30
25,533.2,1422.4,5.0,196523.32300342753,1343.9952392578125,"(np.int64(1422), np.int64(532), np.int64(1424), np.int64(535))",24,22
25,717.9,1477.1,10.0,393046.64600685507,1316.304443359375,"(np.int64(1476), np.int64(716), np.int64(1479), np.int64(721))",12,38
25,1154.0,1517.0,5.0,196523.32300342753,1312.8463134765625,"(np.int64(1516), np.int64(1153), np.int64(1519), np.int64(1156))",13,36
25,1342.375,1928.9375,16.0,628874.6336109681,1317.240478515625,"(np.int64(1928), np.int64(1338), np.int64(1931), np.int64(1348))",15,23
25,340.5952380952381,1973.1666666666667,14.0,550265.3044095971,1321.79052734375,"(np.int64(1968), np.int64(337), np.int64(1977), np.int64(346))",17,36
26,972.5833333333333,43.45833333333333,10.0,393046.64600685507,1315.591552734375,"(np.int64(41), np.int64(969), np.int64(47), np.int64(977))",26,39
26,238.0,172.5,2.0,78609.32920137102,1289.1812744140625,"(np.int64(172), np.int64(238), np.int64(174), np.int64(239))",22,8
26,1554.375,289.25,8.0,314437.31680548406,1330.171142578125,"(np.int64(287), np.int64(1553), np.int64(292), np.int64(1557))",1,37
26,9.666666666666666,309.5,6.0,235827.98760411306,1343.9857177734375,"(np.int64(308), np.int64(9), np.int64(312), np.int64(11))",36,22
26,1579.1666666666667,1271.5,6.0,235827.98760411306,1314.659423828125,"(np.int64(1270), np.int64(1578), np.int64(1274), np.int64(1582))",50,30
26,533.0,1423.8333333333333,6.0,235827.98760411306,1345.013427734375,"(np.int64(1423), np.int64(532), np.int64(1426), np.int64(535))",24,22
26,717.625,1478.25,8.0,314437.31680548406,1314.1097412109375,"(np.int64(1477), np.int64(716), np.int64(1480), np.int64(720))",12,38
26,1153.5,1518.0,6.0,235827.98760411306,1313.91845703125,"(np.int64(1517), np.int64(1153), np.int64(1520), np.int64(1155))",13,36
26,536.5,1798.5,2.0,78609.32920137102,1317.455810546875,"(np.int64(1798), np.int64(536), np.int64(1800), np.int64(538))",63,3
26,1341.8333333333335,1930.3333333333335,6.0,235827.98760411306,1315.37646484375,"(np.int64(1930), np.int64(1338), np.int64(1932), np.int64(1347))",15,23
26,337.5,1970.0,2.0,78609.32920137102,1314.4443359375,"(np.int64(1970), np.int64(337), np.int64(1971), np.int64(339))",17,36
26,1213.5,2022.0,2.0,78609.32920137102,1329.2628173828125,"(np.int64(2022), np.int64(1213), np.int64(2023), np.int64(1215))",34,15
27,972.1666666666667,45.16666666666667,10.0,393046.64600685507,1313.679443359375,"(np.int64(43), np.int64(969), np.int64(49), np.int64(976))",26,39
27,1553.875,291.0,8.0,314437.31680548406,1327.475830078125,"(np.int64(289), np.int64(1553), np.int64(294), np.int64(1556))",1,37
27,9.571428571428571,312.2857142857143,7.0,275132.65220479853,1345.4520263671875,"(np.int64(311), np.int64(9), np.int64(315), np.int64(11))",36,22
27,992.5,1083.0,2.0,78609.32920137102,1281.9324951171875,"(np.int64(1083), np.int64(992), np.int64(1084), np.int64(994))",57,18
27,1578.2857142857142,1273.0,7.0,275132.65220479853,1307.6275634765625,"(np.int64(1272), np.int64(1577), np.int64(1275), np.int64(1581))",50,30
27,533.0,1426.5,4.0,157218.65840274203,1345.682861328125,"(np.int64(1426), np.int64(532), np.int64(1428), np.int64(535))",24,22
27,713.25,1485.0,4.0,157218.65840274203,1321.7059326171875,"(np.int64(1484), np.int64(712), np.int64(1487), np.int64(715))",12,38
27,1153.4,1520.2,5.0,196523.32300342753,1313.65380859375,"(np.int64(1519), np.int64(1153), np.int64(1522), np.int64(1155))",13,36
27,1340.0,1932.5,4.0,157218.65840274203,1282.1376953125,"(np.int64(1932), np.int64(1339), np.int64(1934), np.int64(1342))",15,23
27,340.5,1973.0,2.0,78609.32920137102,1305.909423828125,"(np.int64(1973), np.int64(340), np.int64(1974), np.int64(342))",17,36
28,972.25,46.416666666666664,9.0,353741.9814061696,1311.9415283203125,"(np.int64(44), np.int64(969), np.int64(50), np.int64(976))",26,39
28,238.0,175.5,2.0,78609.32920137102,1302.7591552734375,"(np.int64(175), np.int64(238), np.int64(177), np.int64(239))",22,8
28,1554.0,292.2,5.0,196523.32300342753,1328.150634765625,"(np.int64(291), np.int64(1553), np.int64(295), np.int64(1556))",1,37
28,9.666666666666666,314.3333333333333,9.0,353741.9814061696,1340.328369140625,"(np.int64(312), np.int64(9), np.int64(318), np.int64(11))",36,22
28,1578.8333333333333,1274.5,6.0,235827.98760411306,1315.832763671875,"(np.int64(1273), np.int64(1577), np.int64(1277), np.int64(1582))",50,30
28,533.0,1427.5,4.0,157218.65840274203,1347.355224609375,"(np.int64(1427), np.int64(532), np.int64(1429), np.int64(535))",24,22
28,712.6666666666666,1486.6666666666667,3.0,117913.99380205653,1317.848388671875,"(np.int64(1486), np.int64(712), np.int64(1488), np.int64(714))",12,38
28,1153.6,1521.8,5.0,196523.32300342753,1310.7657470703125,"(np.int64(1521), np.int64(1153), np.int64(1524), np.int64(1155))",13,36
28,1342.5,1934.25,4.0,157218.65840274203,1289.0416259765625,"(np.int64(1934), np.int64(1341), np.int64(1936), np.int64(1345))",15,23
28,342.0,1977.0833333333335,7.0,275132.65220479853,1308.7501220703125,"(np.int64(1974), np.int64(340), np.int64(1981), np.int64(345))",17,36
28,1213.3333333333333,2025.6666666666667,3.0,117913.99380205653,1335.1494140625,"(np.int64(2025), np.int64(1213), np.int64(2027), np.int64(1215))",34,15
29,972.875,46.25,6.0,235827.98760411306,1300.6163330078125,"(np.int64(44), np.int64(970), np.int64(50), np.int64(976))",26,39
29,333.5,122.0,2.0,78609.32920137102,1294.31103515625,"(np.int64(122), np.int64(333), np.int64(123), np.int64(335))",0,34
29,1556.0,293.25,6.0,235827.98760411306,1323.427734375,"(np.int64(291), np.int64(1554), np.int64(296), np.int64(1559))",1,37
29,10.6,314.1,10.0,393046.64600685507,1338.9249267578125,"(np.int64(312), np.int64(10), np.int64(318), np.int64(12))",36,22
29,1218.0,845.5,2.0,78609.32920137102,1322.1947021484375,"(np.int64(845), np.int64(1218), np.int64(847), np.int64(1219))",48,13
29,1579.75,1274.5,8.0,314437.31680548406,1314.824462890625,"(np.int64(1273), np.int64(1578), np.int64(1277), np.int64(1582))",50,30
29,534.5,1427.5,2.0,78609.32920137102,1335.309814453125,"(np.int64(1427), np.int64(534), np.int64(1429), np.int64(536))",24,22
29,1154.5,1521.5,4.0,157218.65840274203,1310.760986328125,"(np.int64(1521), np.int64(1154), np.int64(1523), np.int64(1156))",13,36
29,1214.0,2025.5,4.0,157218.65840274203,1334.1328125,"(np.int64(2025), np.int64(1213), np.int64(2027), np.int64(1216))",34,15
30,971.5,47.5,4.0,157218.65840274203,1303.4827880859375,"(np.int64(47), np.int64(971), np.int64(49), np.int64(973))",26,39
30,333.5,121.5,2.0,78609.32920137102,1338.6240234375,"(np.int64(121), np.int64(333), np.int64(123), np.int64(335))",0,34
30,1553.6666666666665,291.66666666666663,8.0,314437.31680548406,1330.512451171875,"(np.int64(290), np.int64(1551), np.int64(295), np.int64(1559))",1,37
30,10.8,313.4,5.0,196523.32300342753,1338.93505859375,"(np.int64(312), np.int64(10), np.int64(316), np.int64(12))",36,22
30,952.0,682.5,2.0,78609.32920137102,1271.399658203125,"(np.int64(682), np.int64(952), np.int64(684), np.int64(953))",6,4
30,993.5,1083.0,2.0,78609.32920137102,1269.5595703125,"(np.int64(1083), np.int64(993), np.int64(1084), np.int64(995))",57,18
30,1579.6666666666667,1273.8333333333333,6.0,235827.98760411306,1312.3199462890625,"(np.int64(1273), np.int64(1578), np.int64(1276), np.int64(1582))",50,30
30,1155.0,1521.5,2.0,78609.32920137102,1310.1171875,"(np.int64(1521), np.int64(1155), np.int64(1523), np.int64(1156))",13,36
30,743.0,1744.0,5.0,196523.32300342753,1299.1031494140625,"(np.int64(1744), np.int64(741), np.int64(1745), np.int64(746))",45,29
30,1346.5,1933.5,2.0,78609.32920137102,1282.1026611328125,"(np.int64(1933), np.int64(1346), np.int64(1935), np.int64(1348))",15,23
30,338.0,1971.5,4.0,157218.65840274203,1271.5291748046875,"(np.int64(1970), np.int64(337), np.int64(1974), np.int64(340))",17,36
30,1214.5,2025.0,2.0,78609.32920137102,1333.881591796875,"(np.int64(2025), np.int64(1214), np.int64(2026), np.int64(1216))",34,15
31,971.3333333333334,47.666666666666664,3.0,117913.99380205653,1291.0079345703125,"(np.int64(47), np.int64(971), np.int64(49), np.int64(973))",26,39
31,338.8111111111111,113.1111111111111,10.0,393046.64600685507,1287.13134765625,"(np.int64(109), np.int64(333), np.int64(122), np.int64(343))",0,34
31,1553.6666666666665,292.08333333333337,7.0,275132.65220479853,1329.827392578125,"(np.int64(290), np.int64(1550), np.int64(295), np.int64(1559))",1,37
31,11.0,313.5,2.0,78609.32920137102,1339.6136474609375,"(np.int64(313), np.int64(11), np.int64(315), np.int64(12))",36,22
31,1892.0,396.5,2.0,78609.32920137102,1302.0682373046875,"(np.int64(396), np.int64(1892), np.int64(398), np.int64(1893))",66,17
31,952.0,682.5,2.0,78609.32920137102,1276.61328125,"(np.int64(682), np.int64(952), np.int64(684), np.int64(953))",6,4
31,1218.0,844.5,2.0,78609.32920137102,1321.8575439453125,"(np.int64(844), np.int64(1218), np.int64(846), np.int64(1219))",48,13
31,51.5,1058.0,2.0,78609.32920137102,1270.107177734375,"(np.int64(1058), np.int64(51), np.int64(1059), np.int64(53))",62,3
31,661.0,1178.5,2.0,78609.32920137102,1303.315185546875,"(np.int64(1178), np.int64(661), np.int64(1180), np.int64(662))",67,6
31,1579.2222222222222,1273.7777777777778,9.0,353741.9814061696,1308.0321044921875,"(np.int64(1272), np.int64(1577), np.int64(1276), np.int64(1582))",50,30
31,741.0,1744.0,3.0,117913.99380205653,1306.188720703125,"(np.int64(1744), np.int64(740), np.int64(1745), np.int64(743))",45,29
31,1344.6666666666667,1933.8333333333333,6.0,235827.98760411306,1298.3001708984375,"(np.int64(1933), np.int64(1343), np.int64(1936), np.int64(1347))",15,23
31,336.5,1979.0,2.0,78609.32920137102,1297.0531005859375,"(np.int64(1979), np.int64(336), np.int64(1980), np.int64(338))",17,36
31,1214.6666666666667,2025.3333333333333,3.0,117913.99380205653,1333.6768798828125,"(np.int64(2025), np.int64(1214), np.int64(2027), np.int64(1216))",34,15
32,970.5,48.0,2.0,78609.32920137102,1290.69140625,"(np.int64(48), np.int64(970), np.int64(49), np.int64(972))",26,39
32,336.1111111111111,115.94444444444444,8.0,314437.31680548406,1325.4080810546875,"(np.int64(110), np.int64(333), np.int64(123), np.int64(342))",0,34
32,1553.3333333333333,291.9444444444445,8.0,314437.31680548406,1326.81591796875,"(np.int64(290), np.int64(1549), np.int64(295), np.int64(1558))",1,37
32,9.5,313.5,2.0,78609.32920137102,1318.458740234375,"(np.int64(313), np.int64(9), np.int64(315), np.int64(11))",36,22
32,1891.5,397.5,4.0,157218.65840274203,1317.320556640625,"(np.int64(397), np.int64(1891), np.int64(399), np.int64(1893))",66,17
32,959.0,686.5,2.0,78609.32920137102,1284.88037109375,"(np.int64(686), np.int64(959), np.int64(688), np.int64(960))",6,4
32,2020.3333333333333,796.3333333333334,3.0,117913.99380205653,1323.0716552734375,"(np.int64(796), np.int64(2020), np.int64(798), np.int64(2022))",7,26
32,1217.5,845.0,2.0,78609.32920137102,1322.862060546875,"(np.int64(845), np.int64(1217), np.int64(846), np.int64(1219))",48,13
32,660.0,1178.5,2.0,78609.32920137102,1301.474853515625,"(np.int64(1178), np.int64(660), np.int64(1180), np.int64(661))",67,6
32,1577.7142857142858,1273.7142857142858,7.0,275132.65220479853,1315.493408203125,"(np.int64(1272), np.int64(1575), np.int64(1277), np.int64(1581))",50,30
32,1060.5,1735.5,2.0,78609.32920137102,1287.5462646484375,"(np.int64(1735), np.int64(1060), np.int64(1737), np.int64(1062))",69,5
32,741.0,1744.0,3.0,117913.99380205653,1293.057861328125,"(np.int64(1744), np.int64(740), np.int64(1745), np.int64(743))",45,29
32,1343.0,1934.25,8.0,314437.31680548406,1303.8712158203125,"(np.int64(1933), np.int64(1341), np.int64(1936), np.int64(1346))",15,23
32,336.25,1975.75,4.0,157218.65840274203,1284.2813720703125,"(np.int64(1971), np.int64(335), np.int64(1981), np.int64(338))",17,36
32,1214.5,2026.0,2.0,78609.32920137102,1334.124755859375,"(np.int64(2026), np.int64(1214), np.int64(2027), np.int64(1216))",34,15
33,970.0,47.5,2.0,78609.32920137102,1306.409423828125,"(np.int64(47), np.int64(970), np.int64(49), np.int64(971))",26,39
33,334.6666666666667,118.66666666666667,9.0,353741.98140616954,1334.89208984375,"(np.int64(112), np.int64(332), np.int64(125), np.int64(340))",0,34
33,1549.5,290.5,4.0,157218.65840274203,1327.8187255859375,"(np.int64(290), np.int64(1549), np.int64(292), np.int64(1551))",1,37
33,1891.75,396.75,4.0,157218.65840274203,1308.5963134765625,"(np.int64(396), np.int64(1891), np.int64(399), np.int64(1893))",66,17
33,2020.3333333333333,796.3333333333334,3.0,117913.99380205653,1325.7938232421875,"(np.int64(796), np.int64(2020), np.int64(798), np.int64(2022))",7,26
33,1217.3333333333333,844.3333333333334,3.0,117913.99380205653,1320.529296875,"(np.int64(844), np.int64(1217), np.int64(846), np.int64(1219))",48,13
33,965.3333333333334,1089.6666666666667,3.0,117913.99380205653,1312.240966796875,"(np.int64(1089), np.int64(965), np.int64(1091), np.int64(967))",57,18
33,659.5,1178.0,2.0,78609.32920137102,1303.0347900390625,"(np.int64(1178), np.int64(659), np.int64(1179), np.int64(661))",67,6
33,1576.6666666666667,1272.6666666666667,9.0,353741.9814061696,1309.0283203125,"(np.int64(1271), np.int64(1574), np.int64(1275), np.int64(1580))",50,30
33,717.6666666666666,1480.3333333333333,3.0,117913.99380205653,1308.353271484375,"(np.int64(1480), np.int64(717), np.int64(1482), np.int64(719))",12,38
33,740.5,1744.0,4.0,157218.65840274203,1300.5780029296875,"(np.int64(1744), np.int64(739), np.int64(1745), np.int64(743))",45,29
33,1343.5,1933.6666666666667,6.0,235827.98760411306,1303.8717041015625,"(np.int64(1933), np.int64(1342), np.int64(1935), np.int64(1346))",15,23
33,1214.3333333333333,2025.6666666666667,3.0,117913.99380205653,1334.703125,"(np.int64(2025), np.int64(1214), np.int64(2027), np.int64(1216))",34,15
34,971.0,45.5,2.0,78609.32920137102,1298.3790283203125,"(np.int64(45), np.int64(971), np.int64(47), np.int64(972))",26,39
34,666.5,104.5,2.0,78609.32920137102,1271.95458984375,"(np.int64(104), np.int64(666), np.int64(106), np.int64(668))",71,3
34,337.04166666666663,114.08333333333334,7.0,275132.65220479853,1304.08203125,"(np.int64(108), np.int64(334), np.int64(120), np.int64(342))",0,34
34,1550.5,288.0,2.0,78609.32920137102,1318.76513671875,"(np.int64(288), np.int64(1550), np.int64(289), np.int64(1552))",1,37
34,2021.3333333333333,794.0,3.0,117913.99380205653,1321.7069091796875,"(np.int64(793), np.int64(2021), np.int64(796), np.int64(2023))",7,26
34,1218.5,842.0,2.0,78609.32920137102,1324.7777099609375,"(np.int64(842), np.int64(1218), np.int64(843), np.int64(1220))",48,13
34,966.0,1087.5,2.0,78609.32920137102,1309.70751953125,"(np.int64(1087), np.int64(966), np.int64(1089), np.int64(967))",57,18
34,1577.5714285714287,1270.5714285714287,7.0,275132.65220479853,1309.9913330078125,"(np.int64(1269), np.int64(1575), np.int64(1273), np.int64(1581))",50,30
34,1766.0,1347.5,2.0,78609.32920137102,1304.72705078125,"(np.int64(1347), np.int64(1766), np.int64(1349), np.int64(1767))",72,12
34,741.0,1741.5,4.0,157218.65840274203,1297.9661865234375,"(np.int64(1741), np.int64(740), np.int64(1743), np.int64(743))",45,29
34,1344.5,1932.0,2.0,78609.32920137102,1293.6824951171875,"(np.int64(1932), np.int64(1344), np.int64(1933), np.int64(1346))",15,23
35,972.3333333333334,44.666666666666664,3.0,117913.99380205653,1330.6075439453125,"(np.int64(44), np.int64(972), np.int64(46), np.int64(974))",26,39
35,339.5,109.0,4.0,157218.65840274203,1304.5313720703125,"(np.int64(107), np.int64(337), np.int64(112), np.int64(343))",0,34
35,1563.6666666666667,180.66666666666666,3.0,117913.99380205653,1282.09375,"(np.int64(180), np.int64(1563), np.int64(182), np.int64(1565))",64,4
35,1549.1666666666665,287.08333333333337,5.0,196523.32300342753,1332.013427734375,"(np.int64(286), np.int64(1546), np.int64(289), np.int64(1553))",1,37
35,1894.0,393.5,2.0,78609.32920137102,1306.4884033203125,"(np.int64(393), np.int64(1894), np.int64(395), np.int64(1895))",66,17
35,2022.5,793.5,4.0,157218.65840274203,1326.0318603515625,"(np.int64(793), np.int64(2022), np.int64(795), np.int64(2024))",7,26
35,1219.5,841.5,4.0,157218.65840274203,1326.39013671875,"(np.int64(841), np.int64(1219), np.int64(843), np.int64(1221))",48,13
35,1577.25,1269.25,8.0,314437.31680548406,1313.875732421875,"(np.int64(1268), np.int64(1575), np.int64(1272), np.int64(1580))",50,30
35,1767.0,1346.5,2.0,78609.32920137102,1304.09033203125,"(np.int64(1346), np.int64(1767), np.int64(1348), np.int64(1768))",72,12
35,720.0,1478.0,3.0,117913.99380205653,1310.6507568359375,"(np.int64(1478), np.int64(719), np.int64(1479), np.int64(722))",12,38
35,742.0,1741.0,3.0,117913.99380205653,1299.70751953125,"(np.int64(1741), np.int64(741), np.int64(1742), np.int64(744))",45,29
35,702.0,2008.5,2.0,78609.32920137102,1294.9388427734375,"(np.int64(2008), np.int64(702), np.int64(2010), np.int64(703))",33,6
36,971.5,47.0,4.0,157218.65840274203,1303.4635009765625,"(np.int64(46), np.int64(971), np.int64(49), np.int64(973))",26,39
36,335.66666666666663,115.91666666666666,5.0,196523.32300342753,1311.996337890625,"(np.int64(111), np.int64(334), np.int64(122), np.int64(338))",0,34
36,1546.5,289.0,2.0,78609.32920137102,1317.815185546875,"(np.int64(289), np.int64(1546), np.int64(290), np.int64(1548))",1,37
36,464.3333333333333,376.6666666666667,3.0,117913.99380205653,1310.639404296875,"(np.int64(376), np.int64(464), np.int64(378), np.int64(466))",73,4
36,1893.0,397.75,5.0,196523.32300342753,1313.013916015625,"(np.int64(395), np.int64(1893), np.int64(401), np.int64(1894))",66,17
36,2021.3333333333333,796.3333333333334,3.0,117913.99380205653,1324.4169921875,"(np.int64(796), np.int64(2021), np.int64(798), np.int64(2023))",7,26
36,1219.0,843.5,2.0,78609.32920137102,1326.1392822265625,"(np.int64(843), np.int64(1219), np.int64(845), np.int64(1220))",48,13
36,1577.5,1271.9166666666665,5.0,196523.32300342753,1299.3668212890625,"(np.int64(1271), np.int64(1575), np.int64(1274), np.int64(1580))",50,30
36,1766.6666666666667,1348.6666666666667,3.0,117913.99380205653,1300.045166015625,"(np.int64(1348), np.int64(1766), np.int64(1350), np.int64(1768))",72,12
36,713.6666666666666,1485.6666666666667,3.0,117913.99380205653,1314.840576171875,"(np.int64(1485), np.int64(713), np.int64(1487), np.int64(715))",12,38
37,969.6666666666666,49.666666666666664,3.0,117913.99380205653,1299.7127685546875,"(np.int64(49), np.int64(969), np.int64(51), np.int64(971))",26,39
37,334.0,119.0,4.0,157218.65840274203,1306.453857421875,"(np.int64(115), np.int64(333), np.int64(124), np.int64(336))",0,34
37,1545.0,291.5,4.0,157218.65840274203,1324.943115234375,"(np.int64(291), np.int64(1544), np.int64(293), np.int64(1547))",1,37
37,464.0,379.5,2.0,78609.32920137102,1318.9852294921875,"(np.int64(379), np.int64(464), np.int64(381), np.int64(465))",73,4
37,1891.3333333333333,400.1111111111111,9.0,353741.9814061696,1323.2369384765625,"(np.int64(398), np.int64(1891), np.int64(404), np.int64(1893))",66,17
37,1883.5,795.0,6.0,235827.98760411306,1320.57958984375,"(np.int64(795), np.int64(1881), np.int64(796), np.int64(1887))",74,2
37,2019.8,799.8,5.0,196523.32300342753,1325.1949462890625,"(np.int64(799), np.int64(2019), np.int64(802), np.int64(2022))",7,26
37,1217.5,846.0,2.0,78609.32920137102,1320.3837890625,"(np.int64(846), np.int64(1217), np.int64(847), np.int64(1219))",48,13
37,965.5,1090.4166666666665,5.0,196523.32300342753,1307.96435546875,"(np.int64(1089), np.int64(965), np.int64(1093), np.int64(968))",57,18
37,1575.8,1274.2,5.0,196523.32300342753,1315.5167236328125,"(np.int64(1273), np.int64(1575), np.int64(1276), np.int64(1578))",50,30
37,1764.6666666666667,1351.6666666666667,3.0,117913.99380205653,1312.27197265625,"(np.int64(1351), np.int64(1764), np.int64(1353), np.int64(1766))",72,12
37,712.3333333333334,1488.3333333333333,3.0,117913.99380205653,1311.125244140625,"(np.int64(1488), np.int64(712), np.int64(1490), np.int64(714))",12,38
37,260.5,1594.0,2.0,78609.32920137102,1283.09765625,"(np.int64(1594), np.int64(260), np.int64(1595), np.int64(262))",14,28
37,739.0,1745.0,3.0,117913.99380205653,1305.642822265625,"(np.int64(1745), np.int64(738), np.int64(1746), np.int64(741))",45,29
37,451.5,1760.5,2.0,78609.32920137102,1312.076171875,"(np.int64(1760), np.int64(451), np.int64(1762), np.int64(453))",75,12
38,969.5,48.5,4.0,157218.65840274203,1308.200927734375,"(np.int64(48), np.int64(969), np.int64(50), np.int64(971))",26,39
38,332.25,121.5,4.0,157218.65840274203,1333.7291259765625,"(np.int64(120), np.int64(332), np.int64(124), np.int64(334))",0,34
38,1544.0,290.5,4.0,157218.65840274203,1324.951171875,"(np.int64(290), np.int64(1543), np.int64(292), np.int64(1546))",1,37
38,1890.5454545454545,400.0,11.0,432351.3106075406,1324.2567138671875,"(np.int64(397), np.int64(1889), np.int64(404), np.int64(1892))",66,17
38,1883.0,794.2,5.0,196523.32300342753,1322.090087890625,"(np.int64(794), np.int64(1881), np.int64(796), np.int64(1886))",74,2
38,2019.090909090909,799.2727272727273,11.0,432351.3106075406,1336.451416015625,"(np.int64(798), np.int64(2017), np.int64(802), np.int64(2022))",7,26
38,964.5714285714286,1088.5714285714287,7.0,275132.65220479853,1306.9786376953125,"(np.int64(1088), np.int64(963), np.int64(1090), np.int64(968))",57,18
38,1764.5,1350.5,4.0,157218.65840274203,1311.923095703125,"(np.int64(1350), np.int64(1764), np.int64(1352), np.int64(1766))",72,12
38,711.2,1487.9,10.0,393046.64600685507,1319.8955078125,"(np.int64(1486), np.int64(709), np.int64(1492), np.int64(714))",12,38
38,737.75,1743.75,4.0,157218.65840274203,1300.6451416015625,"(np.int64(1743), np.int64(737), np.int64(1745), np.int64(740))",45,29
39,969.6666666666666,45.666666666666664,3.0,117913.99380205653,1313.67724609375,"(np.int64(45), np.int64(969), np.int64(47), np.int64(971))",26,39
39,333.0,119.5,2.0,78609.32920137102,1280.5205078125,"(np.int64(119), np.int64(333), np.int64(121), np.int64(334))",0,34
39,1890.5882352941176,399.0,17.0,668179.2982116536,1325.464599609375,"(np.int64(395), np.int64(1890), np.int64(405), np.int64(1893))",66,17
39,2020.125,796.375,8.0,314437.31680548406,1325.7796630859375,"(np.int64(795), np.int64(2019), np.int64(799), np.int64(2023))",7,26
39,964.5,1086.0,10.0,393046.64600685507,1321.133056640625,"(np.int64(1085), np.int64(963), np.int64(1089), np.int64(968))",57,18
39,1575.5,1271.25,4.0,157218.65840274203,1301.784912109375,"(np.int64(1270), np.int64(1574), np.int64(1273), np.int64(1578))",50,30
39,1764.75,1347.25,4.0,157218.65840274203,1305.0927734375,"(np.int64(1346), np.int64(1764), np.int64(1349), np.int64(1766))",72,12
39,711.9285714285714,1485.0714285714287,14.0,550265.3044095971,1322.62939453125,"(np.int64(1482), np.int64(710), np.int64(1490), np.int64(715))",12,38
39,738.5,1741.5,4.0,157218.65840274203,1274.4036865234375,"(np.int64(1741), np.int64(738), np.int64(1743), np.int64(740))",45,29
39,450.5,1757.5,2.0,78609.32920137102,1305.696533203125,"(np.int64(1757), np.int64(450), np.int64(1759), np.int64(452))",75,12
40,970.5,43.5,4.0,157218.65840274203,1309.64599609375,"(np.int64(43), np.int64(970), np.int64(45), np.int64(972))",26,39
40,336.0,110.0,3.0,117913.99380205653,1310.43798828125,"(np.int64(110), np.int64(335), np.int64(111), np.int64(338))",0,34
40,1562.8,179.4,5.0,196523.32300342753,1298.55810546875,"(np.int64(179), np.int64(1562), np.int64(181), np.int64(1565))",64,4
40,487.4,276.4,5.0,196523.32300342753,1325.8433837890625,"(np.int64(275), np.int64(487), np.int64(279), np.int64(489))",77,7
40,1891.5,397.07142857142856,14.0,550265.3044095971,1324.23388671875,"(np.int64(392), np.int64(1890), np.int64(403), np.int64(1893))",66,17
40,2020.5,793.25,4.0,157218.65840274203,1315.2664794921875,"(np.int64(792), np.int64(2020), np.int64(795), np.int64(2022))",7,26
40,965.5454545454545,1084.0,11.0,432351.3106075406,1321.806884765625,"(np.int64(1082), np.int64(964), np.int64(1087), np.int64(969))",57,18
40,1577.0,1269.5,2.0,78609.32920137102,1284.2767333984375,"(np.int64(1269), np.int64(1577), np.int64(1271), np.int64(1578))",50,30
40,1765.8333333333333,1345.3333333333333,6.0,235827.98760411306,1305.68603515625,"(np.int64(1344), np.int64(1765), np.int64(1347), np.int64(1768))",72,12
40,712.2142857142857,1483.2142857142858,14.0,550265.3044095971,1323.799560546875,"(np.int64(1480), np.int64(710), np.int64(1488), np.int64(715))",12,38
40,247.5,1573.25,4.0,157218.65840274203,1337.54443359375,"(np.int64(1573), np.int64(246), np.int64(1575), np.int64(250))",14,28
40,740.0,1738.8,5.0,196523.32300342753,1305.967041015625,"(np.int64(1738), np.int64(738), np.int64(1740), np.int64(743))",45,29
40,451.3333333333333,1755.3333333333333,3.0,117913.99380205653,1308.85400390625,"(np.int64(1755), np.int64(451), np.int64(1757), np.int64(453))",75,12
41,971.5,43.5,4.0,157218.65840274203,1332.958740234375,"(np.int64(43), np.int64(971), np.int64(45), np.int64(973))",26,39
41,694.5,84.5,2.0,78609.32920137102,1265.1158447265625,"(np.int64(84), np.int64(694), np.int64(86), np.int64(696))",42,7
41,666.7833333333333,104.38333333333334,60.0,2358279.8760411306,1360.5792236328125,"(np.int64(101), np.int64(660), np.int64(110), np.int64(676))",71,3
41,1562.3333333333333,179.66666666666666,3.0,117913.99380205653,1288.0853271484375,"(np.int64(179), np.int64(1562), np.int64(181), np.int64(1564))",64,4
41,487.8,277.3,10.0,393046.64600685507,1328.87939453125,"(np.int64(274), np.int64(486), np.int64(281), np.int64(490))",77,7
41,1892.6363636363637,397.0,11.0,432351.3106075406,1327.7100830078125,"(np.int64(392), np.int64(1892), np.int64(403), np.int64(1894))",66,17
41,1123.5,728.5,2.0,78609.32920137102,1326.021240234375,"(np.int64(728), np.int64(1123), np.int64(730), np.int64(1125))",78,4
41,2019.4666666666667,795.7888888888889,14.0,550265.3044095971,1327.060546875,"(np.int64(792), np.int64(2016), np.int64(800), np.int64(2024))",7,26
41,1219.3333333333333,840.3333333333334,3.0,117913.99380205653,1321.00634765625,"(np.int64(840), np.int64(1219), np.int64(842), np.int64(1221))",48,13
41,966.3333333333334,1083.0,9.0,353741.9814061696,1316.9010009765625,"(np.int64(1082), np.int64(964), np.int64(1085), np.int64(970))",57,18
41,1577.3333333333333,1268.6666666666667,3.0,117913.99380205653,1304.688720703125,"(np.int64(1268), np.int64(1577), np.int64(1270), np.int64(1579))",50,30
41,1766.5,1345.0,6.0,235827.98760411306,1306.013916015625,"(np.int64(1344), np.int64(1766), np.int64(1347), np.int64(1768))",72,12
41,713.6,1482.7,10.0,393046.64600685507,1323.136962890625,"(np.int64(1481), np.int64(712), np.int64(1487), np.int64(717))",12,38
41,247.5,1573.0,2.0,78609.32920137102,1337.86962890625,"(np.int64(1573), np.int64(247), np.int64(1574), np.int64(249))",14,28
41,745.5999999999999,1738.2,10.0,393046.64600685507,1306.5335693359375,"(np.int64(1737), np.int64(740), np.int64(1741), np.int64(752))",45,29
41,452.0,1755.5,4.0,157218.65840274203,1308.196533203125,"(np.int64(1755), np.int64(451), np.int64(1757), np.int64(454))",75,12
42,973.0,43.5,2.0,78609.32920137102,1307.8408203125,"(np.int64(43), np.int64(973), np.int64(45), np.int64(974))",26,39
42,660.7142857142857,112.28571428571429,7.0,275132.65220479853,1346.1494140625,"(np.int64(111), np.int64(659), np.int64(115), np.int64(663))",71,3
42,335.5,117.25,4.0,157218.65840274203,1312.103271484375,"(np.int64(116), np.int64(335), np.int64(119), np.int64(337))",0,34
42,489.5625,277.5,16.0,628874.6336109681,1327.9879150390625,"(np.int64(273), np.int64(488), np.int64(283), np.int64(493))",77,7
42,1893.75,397.58333333333337,9.0,353741.9814061696,1311.9443359375,"(np.int64(392), np.int64(1893), np.int64(403), np.int64(1896))",66,17
42,36.5,482.0,2.0,78609.32920137102,1314.9888916015625,"(np.int64(482), np.int64(36), np.int64(483), np.int64(38))",80,6
42,1125.0,728.5,4.0,157218.65840274203,1331.58837890625,"(np.int64(728), np.int64(1124), np.int64(730), np.int64(1127))",78,4
42,2021.65,795.6333333333333,13.0,510960.6398089116,1328.3585205078125,"(np.int64(792), np.int64(2019), np.int64(799), np.int64(2026))",7,26
42,1221.0,840.5,2.0,78609.32920137102,1325.896484375,"(np.int64(840), np.int64(1221), np.int64(842), np.int64(1222))",48,13
42,967.25,1083.125,8.0,314437.31680548406,1316.233154296875,"(np.int64(1082), np.int64(965), np.int64(1085), np.int64(971))",57,18
42,1768.2857142857142,1345.142857142857,7.0,275132.65220479853,1305.722900390625,"(np.int64(1344), np.int64(1767), np.int64(1347), np.int64(1770))",72,12
42,716.0,1482.0,3.0,117913.99380205653,1314.96240234375,"(np.int64(1482), np.int64(715), np.int64(1483), np.int64(718))",12,38
42,248.5,1573.0,2.0,78609.32920137102,1339.451416015625,"(np.int64(1573), np.int64(248), np.int64(1574), np.int64(250))",14,28
42,747.0,1738.2916666666665,10.0,393046.64600685507,1306.225830078125,"(np.int64(1737), np.int64(742), np.int64(1741), np.int64(753))",45,29
42,453.6666666666667,1755.6666666666667,3.0,117913.99380205653,1304.4521484375,"(np.int64(1755), np.int64(453), np.int64(1757), np.int64(455))",75,12
43,338.66666666666663,112.41666666666666,5.0,196523.32300342753,1307.0968017578125,"(np.int64(108), np.int64(337), np.int64(118), np.int64(341))",0,34
43,491.06666666666666,277.1333333333333,15.0,589569.9690102827,1338.4005126953125,"(np.int64(273), np.int64(489), np.int64(282), np.int64(494))",77,7
43,1895.5,395.64285714285717,14.0,550265.3044095971,1319.224365234375,"(np.int64(392), np.int64(1895), np.int64(402), np.int64(1897))",66,17
43,1126.3333333333333,728.6666666666666,3.0,117913.99380205653,1328.2423095703125,"(np.int64(728), np.int64(1126), np.int64(730), np.int64(1128))",78,4
43,2023.1764705882354,795.2352941176471,17.0,668179.2982116536,1336.09423828125,"(np.int64(792), np.int64(2019), np.int64(800), np.int64(2027))",7,26
43,1222.3333333333333,840.3333333333334,3.0,117913.99380205653,1321.738037109375,"(np.int64(840), np.int64(1222), np.int64(842), np.int64(1224))",48,13
43,968.8333333333333,1084.3333333333335,8.0,314437.31680548406,1316.7625732421875,"(np.int64(1082), np.int64(967), np.int64(1087), np.int64(971))",57,18
43,1769.5,1345.0,4.0,157218.65840274203,1305.697509765625,"(np.int64(1344), np.int64(1769), np.int64(1347), np.int64(1771))",72,12
43,1871.0,1389.5,2.0,78609.32920137102,1319.509521484375,"(np.int64(1389), np.int64(1871), np.int64(1391), np.int64(1872))",84,3
43,1144.5,1515.5,2.0,78609.32920137102,1325.98779296875,"(np.int64(1515), np.int64(1144), np.int64(1517), np.int64(1146))",13,36
43,250.5,1573.0,2.0,78609.32920137102,1331.74072265625,"(np.int64(1573), np.int64(250), np.int64(1574), np.int64(252))",14,28
43,745.3333333333334,1739.0,6.0,235827.98760411306,1301.2662353515625,"(np.int64(1738), np.int64(743), np.int64(1741), np.int64(748))",45,29
43,454.5,1756.0,4.0,157218.65840274203,1313.2901611328125,"(np.int64(1755), np.int64(454), np.int64(1758), np.int64(456))",75,12
43,1324.0,1929.0,3.0,117913.99380205653,1305.5419921875,"(np.int64(1929), np.int64(1323), np.int64(1930), np.int64(1326))",15,23
44,491.5,277.0,8.0,314437.31680548406,1317.8731689453125,"(np.int64(274), np.int64(490), np.int64(280), np.int64(494))",77,7
44,469.0,375.5,2.0,78609.32920137102,1311.34228515625,"(np.int64(375), np.int64(469), np.int64(377), np.int64(470))",73,4
44,1896.375,393.375,8.0,314437.31680548406,1318.5784912109375,"(np.int64(391), np.int64(1896), np.int64(396), np.int64(1898))",66,17
44,38.333333333333336,481.6666666666667,3.0,117913.99380205653,1318.6568603515625,"(np.int64(481), np.int64(38), np.int64(483), np.int64(40))",80,6
44,1000.5,659.5,4.0,157218.65840274203,1271.3216552734375,"(np.int64(659), np.int64(1000), np.int64(661), np.int64(1002))",5,6
44,1127.3333333333333,728.6666666666666,3.0,117913.99380205653,1325.8406982421875,"(np.int64(728), np.int64(1127), np.int64(730), np.int64(1129))",78,4
44,2023.7826086956522,795.0,23.0,904007.2858157667,1334.4091796875,"(np.int64(792), np.int64(2019), np.int64(800), np.int64(2029))",7,26
44,969.4,1083.0,10.0,393046.64600685507,1316.0968017578125,"(np.int64(1082), np.int64(967), np.int64(1085), np.int64(973))",57,18
44,1581.5,1269.0,2.0,78609.32920137102,1274.1168212890625,"(np.int64(1269), np.int64(1581), np.int64(1270), np.int64(1583))",50,30
44,1770.4,1344.8,5.0,196523.32300342753,1303.92333984375,"(np.int64(1344), np.int64(1770), np.int64(1347), np.int64(1772))",72,12
44,1369.7894736842106,1514.4736842105262,19.0,746788.6274130247,1335.741455078125,"(np.int64(1512), np.int64(1367), np.int64(1518), np.int64(1373))",44,2
44,1145.5,1515.5,2.0,78609.32920137102,1331.01318359375,"(np.int64(1515), np.int64(1145), np.int64(1517), np.int64(1147))",13,36
44,252.0,1573.0,3.0,117913.99380205653,1304.994384765625,"(np.int64(1573), np.int64(251), np.int64(1574), np.int64(254))",14,28
44,744.4,1738.6,5.0,196523.32300342753,1301.598388671875,"(np.int64(1738), np.int64(743), np.int64(1740), np.int64(747))",45,29
44,455.2,1755.6,5.0,196523.32300342753,1312.9619140625,"(np.int64(1755), np.int64(454), np.int64(1757), np.int64(457))",75,12
45,1895.090909090909,394.6363636363636,11.0,432351.3106075406,1318.2435302734375,"(np.int64(393), np.int64(1894), np.int64(397), np.int64(1897))",66,17
45,999.5,660.0,4.0,157218.65840274203,1271.30859375,"(np.int64(659), np.int64(999), np.int64(662), np.int64(1001))",5,6
45,2023.2083333333333,794.875,24.0,943311.9504164523,1329.2701416015625,"(np.int64(792), np.int64(2018), np.int64(800), np.int64(2028))",7,26
45,968.375,1082.875,8.0,314437.31680548406,1314.1314697265625,"(np.int64(1082), np.int64(966), np.int64(1085), np.int64(972))",57,18
45,1769.5,1345.0,4.0,157218.65840274203,1306.3526611328125,"(np.int64(1344), np.int64(1769), np.int64(1347), np.int64(1771))",72,12
45,250.5,1573.0,2.0,78609.32920137102,1314.471923828125,"(np.int64(1573), np.int64(250), np.int64(1574), np.int64(252))",14,28
45,743.5,1739.0,2.0,78609.32920137102,1301.92626953125,"(np.int64(1739), np.int64(743), np.int64(1740), np.int64(745))",45,29
45,454.2,1756.0,5.0,196523.32300342753,1312.97900390625,"(np.int64(1755), np.int64(453), np.int64(1758), np.int64(456))",75,12
46,338.5,110.0,2.0,78609.32920137102,1267.814697265625,"(np.int64(110), np.int64(338), np.int64(111), np.int64(340))",0,34
46,489.0,278.0,7.0,275132.65220479853,1314.6644287109375,"(np.int64(276), np.int64(488), np.int64(281), np.int64(491))",77,7
46,542.625,289.25,8.0,314437.31680548406,1326.095703125,"(np.int64(288), np.int64(541), np.int64(292), np.int64(546))",51,5
46,1893.8461538461538,395.0769230769231,13.0,510960.6398089116,1312.7548828125,"(np.int64(392), np.int64(1893), np.int64(399), np.int64(1896))",66,17
46,36.666666666666664,482.3333333333333,3.0,117913.99380205653,1342.2354736328125,"(np.int64(482), np.int64(36), np.int64(484), np.int64(38))",80,6
46,998.0,660.5,2.0,78609.32920137102,1279.0628662109375,"(np.int64(660), np.int64(998), np.int64(662), np.int64(999))",5,6
46,2021.8076923076924,795.1153846153846,26.0,1021921.2796178232,1329.33935546875,"(np.int64(792), np.int64(2017), np.int64(800), np.int64(2027))",7,26
46,967.5714285714286,1083.2857142857142,7.0,275132.65220479853,1316.573974609375,"(np.int64(1082), np.int64(966), np.int64(1085), np.int64(971))",57,18
46,1854.5,1395.0,2.0,78609.32920137102,1261.90283203125,"(np.int64(1395), np.int64(1854), np.int64(1396), np.int64(1856))",84,3
46,1066.6666666666667,1727.6666666666667,3.0,117913.99380205653,1324.81396484375,"(np.int64(1727), np.int64(1066), np.int64(1729), np.int64(1068))",69,5
46,751.6666666666666,1736.6666666666667,3.0,117913.99380205653,1296.458251953125,"(np.int64(1736), np.int64(751), np.int64(1738), np.int64(753))",45,29
46,453.0,1756.1666666666667,6.0,235827.98760411306,1311.525390625,"(np.int64(1755), np.int64(452), np.int64(1758), np.int64(455))",75,12
46,87.41176470588235,1853.6470588235295,17.0,668179.2982116536,1312.2578125,"(np.int64(1852), np.int64(84), np.int64(1856), np.int64(92))",25,10
46,338.3333333333333,1966.6666666666667,3.0,117913.99380205653,1305.404296875,"(np.int64(1966), np.int64(338), np.int64(1968), np.int64(340))",17,36
47,694.6666666666666,84.33333333333333,3.0,117913.99380205653,1305.5230712890625,"(np.int64(84), np.int64(694), np.int64(86), np.int64(696))",42,7
47,334.75,116.0,4.0,157218.65840274203,1297.5302734375,"(np.int64(114), np.int64(334), np.int64(119), np.int64(336))",0,34
47,487.25,279.5,4.0,157218.65840274203,1308.4603271484375,"(np.int64(278), np.int64(486), np.int64(282), np.int64(489))",77,7
47,1893.125,394.625,8.0,314437.31680548406,1313.6005859375,"(np.int64(393), np.int64(1892), np.int64(398), np.int64(1895))",66,17
47,34.6,481.4,5.0,196523.32300342753,1338.934814453125,"(np.int64(481), np.int64(33), np.int64(483), np.int64(37))",80,6
47,997.0,660.5,2.0,78609.32920137102,1270.16259765625,"(np.int64(660), np.int64(997), np.int64(662), np.int64(998))",5,6
47,2021.142857142857,794.5714285714286,28.0,1100530.6088191941,1328.6824951171875,"(np.int64(791), np.int64(2016), np.int64(799), np.int64(2027))",7,26
47,968.0909090909091,1083.6363636363637,11.0,432351.3106075406,1315.91650390625,"(np.int64(1082), np.int64(965), np.int64(1087), np.int64(973))",57,18
47,662.3333333333334,1173.3333333333333,3.0,117913.99380205653,1297.869140625,"(np.int64(1173), np.int64(662), np.int64(1175), np.int64(664))",67,6
47,1862.7142857142858,1391.2857142857142,7.0,275132.65220479853,1344.1314697265625,"(np.int64(1390), np.int64(1861), np.int64(1393), np.int64(1865))",84,3
47,1158.0,1517.5,2.0,78609.32920137102,1314.1937255859375,"(np.int64(1517), np.int64(1158), np.int64(1519), np.int64(1159))",13,36
47,741.8333333333334,1728.5,6.0,235827.98760411306,1307.8389892578125,"(np.int64(1720), np.int64(733), np.int64(1738), np.int64(752))",45,29
47,1066.125,1727.75,8.0,314437.31680548406,1327.4962158203125,"(np.int64(1726), np.int64(1065), np.int64(1730), np.int64(1068))",69,5
47,452.2,1756.2,5.0,196523.32300342753,1316.198974609375,"(np.int64(1755), np.int64(451), np.int64(1758), np.int64(454))",75,12
47,337.5,1966.0,4.0,157218.65840274203,1311.708251953125,"(np.int64(1965), np.int64(337), np.int64(1968), np.int64(339))",17,36
48,334.2,115.6,5.0,196523.32300342753,1322.9310302734375,"(np.int64(115), np.int64(333), np.int64(117), np.int64(336))",0,34
48,465.5,374.5,2.0,78609.32920137102,1319.7470703125,"(np.int64(374), np.int64(465), np.int64(376), np.int64(467))",73,4
48,34.4,480.6,5.0,196523.32300342753,1335.921630859375,"(np.int64(480), np.int64(33), np.int64(482), np.int64(37))",80,6
48,997.0,659.5,2.0,78609.32920137102,1270.7138671875,"(np.int64(659), np.int64(997), np.int64(661), np.int64(998))",5,6
48,2020.3703703703704,794.1481481481482,27.0,1061225.9442185087,1328.229248046875,"(np.int64(790), np.int64(2016), np.int64(799), np.int64(2026))",7,26
48,967.9166666666666,1083.4166666666667,12.0,471655.9752082261,1317.2508544921875,"(np.int64(1082), np.int64(965), np.int64(1086), np.int64(973))",57,18
48,662.3333333333334,1172.6666666666667,3.0,117913.99380205653,1299.293212890625,"(np.int64(1172), np.int64(662), np.int64(1174), np.int64(664))",67,6
48,1574.5,1265.5,2.0,78609.32920137102,1281.1573486328125,"(np.int64(1265), np.int64(1574), np.int64(1267), np.int64(1576))",50,30
48,1157.5,1516.5,4.0,157218.65840274203,1317.45458984375,"(np.int64(1516), np.int64(1157), np.int64(1518), np.int64(1159))",13,36
48,732.5,1719.5,2.0,78609.32920137102,1306.42529296875,"(np.int64(1719), np.int64(732), np.int64(1721), np.int64(734))",45,29
48,1065.875,1727.5,8.0,314437.31680548406,1327.8216552734375,"(np.int64(1726), np.int64(1065), np.int64(1730), np.int64(1068))",69,5
48,451.5,1755.5,2.0,78609.32920137102,1309.2017822265625,"(np.int64(1755), np.int64(451), np.int64(1757), np.int64(453))",75,12
48,83.35714285714285,1850.2698412698412,12.0,471655.97520822607,1307.393310546875,"(np.int64(1846), np.int64(77), np.int64(1855), np.int64(91))",25,10
48,336.6666666666667,1964.6666666666667,9.0,353741.9814061696,1305.737548828125,"(np.int64(1962), np.int64(335), np.int64(1968), np.int64(339))",17,36
49,696.0,88.66666666666667,3.0,117913.99380205653,1312.21484375,"(np.int64(88), np.int64(695), np.int64(90), np.int64(698))",42,7
49,334.5,116.5,2.0,78609.32920137102,1264.66650390625,"(np.int64(116), np.int64(334), np.int64(118), np.int64(336))",0,34
49,542.6666666666666,289.3333333333333,3.0,117913.99380205653,1311.9478759765625,"(np.int64(289), np.int64(542), np.int64(291), np.int64(544))",51,5
49,1893.4,393.8,5.0,196523.32300342753,1311.996337890625,"(np.int64(393), np.int64(1893), np.int64(396), np.int64(1895))",66,17
49,35.25,481.25,4.0,157218.65840274203,1339.471923828125,"(np.int64(481), np.int64(34), np.int64(483), np.int64(37))",80,6
49,2020.9259259259259,794.4814814814815,27.0,1061225.9442185087,1327.7244873046875,"(np.int64(791), np.int64(2016), np.int64(799), np.int64(2026))",7,26
49,967.3333333333334,1083.1666666666667,6.0,235827.98760411306,1317.239013671875,"(np.int64(1082), np.int64(966), np.int64(1085), np.int64(970))",57,18
49,662.5,1173.5,4.0,157218.65840274203,1305.80712890625,"(np.int64(1173), np.int64(662), np.int64(1175), np.int64(664))",67,6
49,1157.6666666666667,1517.3333333333333,3.0,117913.99380205653,1316.7779541015625,"(np.int64(1517), np.int64(1157), np.int64(1519), np.int64(1159))",13,36
49,741.5,1727.75,4.0,157218.65840274203,1314.30224609375,"(np.int64(1719), np.int64(732), np.int64(1737), np.int64(752))",45,29
49,1066.5,1728.5,6.0,235827.98760411306,1324.8118896484375,"(np.int64(1728), np.int64(1065), np.int64(1730), np.int64(1069))",69,5
49,451.0,1756.5,2.0,78609.32920137102,1256.535400390625,"(np.int64(1756), np.int64(451), np.int64(1758), np.int64(452))",75,12
49,89.22222222222223,1853.888888888889,9.0,353741.9814061696,1301.8751220703125,"(np.int64(1853), np.int64(87), np.int64(1856), np.int64(92))",25,10
49,336.625,1967.46875,18.0,707483.9628123392,1321.2197265625,"(np.int64(1958), np.int64(333), np.int64(1973), np.int64(339))",17,36
