frame,x,y,area_px,intensity,area_km2,bbox,cluster_id
0,1548.0,291.0,1.0,1326.8399658203125,39304.66460068551,"(291, 1548, 292, 1549)",0
0,2019.5333333333333,797.5333333333333,15.0,1335.436767578125,589569.9690102827,"(795, 2018, 801, 2022)",1
0,780.0,1029.0,1.0,1299.719970703125,39304.66460068551,"(1029, 780, 1030, 781)",2
0,677.0,1055.0,1.0,1295.44384765625,39304.66460068551,"(1055, 677, 1056, 678)",3
0,1686.1379310344828,1291.6206896551723,29.0,1314.3212890625,1139835.2734198798,"(1288, 1683, 1297, 1690)",4
0,446.375,1401.0,8.0,1338.716064453125,314437.31680548406,"(1399, 446, 1404, 448)",5
0,450.0769230769231,1429.0,39.0,1332.57861328125,1532881.9194267348,"(1424, 447, 1436, 455)",6
0,534.0,1427.0,1.0,1338.0069580078125,39304.66460068551,"(1427, 534, 1428, 535)",7
0,1316.0,1936.5,4.0,1297.21630859375,157218.65840274203,"(1936, 1315, 1938, 1318)",8
0,673.6428571428571,1941.5,14.0,1327.260986328125,550265.3044095971,"(1939, 672, 1945, 676)",9
0,952.5,2011.5,2.0,1309.5576171875,78609.32920137102,"(2011, 952, 2013, 954)",10
0,510.5,2012.5,2.0,1327.7705078125,78609.32920137102,"(2012, 510, 2014, 512)",11
0,197.5,2023.5,2.0,1453.2666015625,78609.32920137102,"(2023, 197, 2025, 199)",12
1,533.0,62.0,1.0,1325.582275390625,39304.66460068551,"(62, 533, 63, 534)",13
1,239.0,174.0,1.0,1323.8822021484375,39304.66460068551,"(174, 239, 175, 240)",14
1,1548.6666666666667,288.3333333333333,3.0,1307.3865966796875,117913.99380205653,"(288, 1548, 290, 1550)",0
1,1582.0,407.0,1.0,1308.535400390625,39304.66460068551,"(407, 1582, 408, 1583)",15
1,632.875,543.875,8.0,1329.2581787109375,314437.31680548406,"(543, 632, 546, 635)",16
1,2019.9411764705883,796.0,17.0,1326.662109375,668179.2982116536,"(793, 2017, 799, 2023)",1
1,96.0,1015.0,1.0,1292.935791015625,39304.66460068551,"(1015, 96, 1016, 97)",17
1,109.66666666666667,1044.878787878788,33.0,1312.693603515625,1297053.9318226217,"(1041, 107, 1051, 113)",18
1,447.0,1398.5,2.0,1326.1796875,78609.32920137102,"(1398, 447, 1400, 448)",5
1,450.4146341463415,1426.8536585365853,41.0,1333.37060546875,1611491.2486281057,"(1422, 447, 1433, 456)",6
1,717.1904761904761,1478.4285714285713,21.0,1316.9669189453125,825397.9566143957,"(1476, 715, 1482, 721)",19
1,259.9655172413793,1587.896551724138,29.0,1321.83740234375,1139835.2734198798,"(1583, 258, 1593, 263)",20
1,1316.8,1934.6,5.0,1309.063720703125,196523.32300342753,"(1934, 1316, 1936, 1319)",8
1,673.9333333333333,1939.1333333333334,15.0,1326.5931396484375,589569.9690102827,"(1937, 672, 1942, 676)",9
1,339.0531914893617,1972.6914893617022,94.0,1328.752685546875,3694638.4724644376,"(1965, 334, 1980, 346)",21
1,197.5,2023.5,2.0,1501.933349609375,78609.32920137102,"(2023, 197, 2025, 199)",12
2,1583.0,404.0,3.0,1307.6309814453125,117913.99380205653,"(403, 1583, 406, 1584)",15
2,634.0,540.5714285714286,7.0,1328.552978515625,275132.65220479853,"(539, 633, 543, 636)",16
2,2020.8333333333333,793.2222222222222,18.0,1327.875732421875,707483.9628123392,"(791, 2018, 796, 2024)",1
2,97.0,1012.0,1.0,1289.9259033203125,39304.66460068551,"(1012, 97, 1013, 98)",17
2,110.53333333333333,1041.2666666666667,30.0,1311.6944580078125,1179139.9380205653,"(1038, 108, 1047, 114)",18
2,451.0,1358.0,1.0,1300.1812744140625,39304.66460068551,"(1358, 451, 1359, 452)",22
2,448.0,1396.0,3.0,1319.57958984375,117913.99380205653,"(1395, 448, 1398, 449)",5
2,451.5,1423.4761904761904,42.0,1333.94677734375,1650795.9132287914,"(1419, 448, 1429, 456)",6
2,536.0,1422.5,2.0,1336.607421875,78609.32920137102,"(1422, 536, 1424, 537)",7
2,718.3846153846154,1475.5,26.0,1327.2711181640625,1021921.2796178232,"(1473, 715, 1478, 723)",19
2,1154.076923076923,1515.6153846153845,13.0,1316.4110107421875,510960.6398089116,"(1514, 1152, 1518, 1157)",23
2,1389.0,1764.0,1.0,1293.6507568359375,39304.66460068551,"(1764, 1389, 1765, 1390)",24
2,1318.8,1931.6,5.0,1315.6611328125,196523.32300342753,"(1931, 1318, 1933, 1321)",8
2,675.2,1936.8,15.0,1322.16748046875,589569.9690102827,"(1934, 674, 1941, 677)",9
2,543.0,1950.0,1.0,1298.4156494140625,39304.66460068551,"(1950, 543, 1951, 544)",25
2,197.5,2023.5,2.0,1584.5999755859375,78609.32920137102,"(2023, 197, 2025, 199)",12
3,983.0,38.0,1.0,1295.039306640625,39304.66460068551,"(38, 983, 39, 984)",26
3,1551.0,284.6666666666667,9.0,1331.1690673828125,353741.9814061696,"(284, 1549, 286, 1555)",0
3,1582.0,402.0,1.0,1297.1114501953125,39304.66460068551,"(402, 1582, 403, 1583)",15
3,634.5714285714286,539.5714285714286,7.0,1325.404296875,275132.65220479853,"(538, 634, 542, 636)",16
3,2021.5294117647059,792.7058823529412,17.0,1327.210693359375,668179.2982116536,"(790, 2019, 796, 2025)",1
3,110.93103448275862,1041.344827586207,29.0,1310.6866455078125,1139835.2734198798,"(1037, 108, 1047, 115)",18
3,457.0,1194.0,1.0,1321.41943359375,39304.66460068551,"(1194, 457, 1195, 458)",27
3,475.0,1267.0,1.0,1303.8857421875,39304.66460068551,"(1267, 475, 1268, 476)",28
3,1688.357142857143,1287.4285714285713,14.0,1315.256103515625,550265.3044095971,"(1284, 1686, 1291, 1691)",4
3,1751.0,1349.0,1.0,1292.72802734375,39304.66460068551,"(1349, 1751, 1350, 1752)",29
3,448.0,1396.0,1.0,1304.364013671875,39304.66460068551,"(1396, 448, 1397, 449)",5
3,451.69444444444446,1423.0277777777778,36.0,1333.5069580078125,1414967.9256246784,"(1419, 448, 1429, 456)",6
3,536.0,1421.0,1.0,1308.6942138671875,39304.66460068551,"(1421, 536, 1422, 537)",7
3,718.5,1475.5,20.0,1319.533203125,786093.2920137101,"(1474, 716, 1478, 722)",19
3,63.0,1495.0,1.0,1297.6693115234375,39304.66460068551,"(1495, 63, 1496, 64)",30
3,1154.6470588235295,1515.4117647058824,17.0,1317.089111328125,668179.2982116536,"(1514, 1152, 1519, 1158)",23
3,670.0,1886.0,1.0,1302.77001953125,39304.66460068551,"(1886, 670, 1887, 671)",31
3,1319.5,1931.5,2.0,1319.825439453125,78609.32920137102,"(1931, 1319, 1933, 1321)",8
3,675.5714285714286,1935.904761904762,21.0,1323.1727294921875,825397.9566143957,"(1932, 674, 1941, 678)",9
3,1138.0,1953.0,1.0,1305.745361328125,39304.66460068551,"(1953, 1138, 1954, 1139)",32
3,955.0,2006.0,1.0,1287.83984375,39304.66460068551,"(2006, 955, 2007, 956)",10
3,1213.0,2019.0,1.0,1319.34716796875,39304.66460068551,"(2019, 1213, 2020, 1214)",33
3,197.5,2023.5,2.0,1741.9332275390625,78609.32920137102,"(2023, 197, 2025, 199)",12
4,723.0,44.0,1.0,1312.576904296875,39304.66460068551,"(44, 723, 45, 724)",34
4,534.5,59.0,2.0,1339.283447265625,78609.32920137102,"(59, 534, 60, 536)",13
4,619.0,107.0,1.0,1293.312744140625,39304.66460068551,"(107, 619, 108, 620)",35
4,1550.2666666666667,286.1333333333333,15.0,1330.8837890625,589569.9690102827,"(285, 1548, 288, 1555)",0
4,1086.0,310.0,1.0,1331.4820556640625,39304.66460068551,"(310, 1086, 311, 1087)",36
4,1582.5,405.5,2.0,1308.3890380859375,78609.32920137102,"(405, 1582, 407, 1584)",15
4,633.6666666666666,541.3333333333334,3.0,1323.51318359375,117913.99380205653,"(541, 633, 543, 635)",16
4,1403.6666666666667,618.3333333333334,3.0,1310.231689453125,117913.99380205653,"(618, 1403, 620, 1405)",37
4,960.0,682.0,1.0,1289.67529296875,39304.66460068551,"(682, 960, 683, 961)",38
4,2021.25,794.25,8.0,1329.352294921875,314437.31680548406,"(793, 2020, 796, 2024)",1
4,456.25,1193.625,8.0,1324.877197265625,314437.31680548406,"(1192, 455, 1196, 458)",27
4,464.46875,1217.703125,64.0,1335.57421875,2515498.5344438725,"(1212, 455, 1225, 473)",27
4,1688.2857142857142,1289.5714285714287,14.0,1314.4434814453125,550265.3044095971,"(1286, 1686, 1293, 1691)",4
4,451.40625,1424.46875,32.0,1332.606689453125,1257749.2672219363,"(1421, 449, 1430, 456)",6
4,1049.5,1439.0,2.0,1333.22900390625,78609.32920137102,"(1439, 1049, 1440, 1051)",39
4,458.0,1444.0,1.0,1311.90673828125,39304.66460068551,"(1444, 458, 1445, 459)",40
4,718.75,1476.625,16.0,1316.62109375,628874.6336109681,"(1475, 717, 1479, 722)",19
4,1012.0,1495.0,1.0,1301.56884765625,39304.66460068551,"(1495, 1012, 1496, 1013)",41
4,63.0,1497.0,1.0,1296.040771484375,39304.66460068551,"(1497, 63, 1498, 64)",30
4,1154.357142857143,1516.9285714285713,14.0,1315.6639404296875,550265.3044095971,"(1515, 1152, 1520, 1157)",23
4,87.5,1850.5,2.0,1301.1380615234375,78609.32920137102,"(1850, 87, 1852, 89)",42
4,1319.25,1933.25,4.0,1304.7515869140625,157218.65840274203,"(1933, 1318, 1935, 1321)",8
4,675.421052631579,1937.7368421052631,19.0,1326.26513671875,746788.6274130247,"(1934, 674, 1943, 679)",9
4,543.0,1952.0,1.0,1288.454833984375,39304.66460068551,"(1952, 543, 1953, 544)",25
4,670.0,1972.0,1.0,1299.9415283203125,39304.66460068551,"(1972, 670, 1973, 671)",43
4,701.0,2006.0,3.0,1321.71826171875,117913.99380205653,"(2005, 701, 2008, 702)",44
4,1214.0,2020.5,4.0,1335.1673583984375,157218.65840274203,"(2020, 1213, 2022, 1216)",33
4,197.0,2024.0,1.0,1566.5999755859375,39304.66460068551,"(2024, 197, 2025, 198)",12
5,722.6666666666666,45.666666666666664,3.0,1317.772216796875,117913.99380205653,"(45, 722, 47, 724)",34
5,535.0,60.0,1.0,1356.856201171875,39304.66460068551,"(60, 535, 61, 536)",13
5,347.75,95.75,4.0,1337.0743408203125,157218.65840274203,"(95, 347, 97, 350)",45
5,1549.5833333333333,287.1666666666667,12.0,1330.19873046875,471655.9752082261,"(286, 1548, 289, 1553)",0
5,633.5,543.0,2.0,1324.145263671875,78609.32920137102,"(543, 633, 544, 635)",16
5,2021.125,795.5,8.0,1324.6021728515625,314437.31680548406,"(794, 2019, 797, 2024)",1
5,680.0,1056.0,1.0,1305.57421875,39304.66460068551,"(1056, 680, 1057, 681)",3
5,456.2,1194.7,10.0,1324.876220703125,393046.64600685507,"(1193, 455, 1198, 458)",27
5,464.3888888888889,1219.1944444444443,72.0,1340.4322509765625,2829935.8512493568,"(1213, 455, 1227, 474)",27
5,1688.0833333333333,1290.8333333333333,12.0,1313.95751953125,471655.9752082261,"(1288, 1686, 1294, 1691)",4
5,451.125,1425.8125,32.0,1332.026123046875,1257749.2672219363,"(1422, 448, 1431, 455)",6
5,535.5,1424.0,2.0,1331.066650390625,78609.32920137102,"(1424, 535, 1425, 537)",7
5,1049.5,1440.0,2.0,1327.1376953125,78609.32920137102,"(1440, 1049, 1441, 1051)",39
5,718.875,1477.375,16.0,1316.310302734375,628874.6336109681,"(1475, 717, 1480, 722)",19
5,63.0,1498.0,1.0,1303.244140625,39304.66460068551,"(1498, 63, 1499, 64)",30
5,87.0,1851.5,2.0,1295.637451171875,78609.32920137102,"(1851, 87, 1853, 88)",42
5,1319.0,1934.5,4.0,1305.4599609375,157218.65840274203,"(1934, 1318, 1936, 1321)",8
5,675.3571428571429,1937.9285714285713,14.0,1326.269775390625,550265.3044095971,"(1935, 674, 1942, 678)",9
5,701.0,2007.0,3.0,1327.98291015625,117913.99380205653,"(2006, 701, 2009, 702)",44
5,1213.5,2021.5,2.0,1338.741943359375,78609.32920137102,"(2021, 1213, 2023, 1215)",33
5,197.5,2023.5,2.0,1497.9332275390625,78609.32920137102,"(2023, 197, 2025, 199)",12
6,981.5,41.5,6.0,1316.095458984375,235827.98760411306,"(41, 979, 43, 985)",26
6,722.5,46.0,2.0,1317.4482421875,78609.32920137102,"(46, 722, 47, 724)",34
6,536.0,60.0,1.0,1295.02978515625,39304.66460068551,"(60, 536, 61, 537)",13
6,348.0,96.0,3.0,1338.42529296875,117913.99380205653,"(96, 347, 97, 350)",45
6,1869.0,180.0,1.0,1306.205810546875,39304.66460068551,"(180, 1869, 181, 1870)",46
6,9.666666666666666,311.6666666666667,3.0,1336.7843017578125,117913.99380205653,"(311, 9, 313, 11)",47
6,1563.357142857143,390.07142857142856,14.0,1326.983154296875,550265.3044095971,"(389, 1560, 393, 1567)",48
6,687.0,473.0,1.0,1285.80517578125,39304.66460068551,"(473, 687, 474, 688)",49
6,1403.3333333333333,619.6666666666666,3.0,1313.722900390625,117913.99380205653,"(619, 1403, 621, 1405)",37
6,2020.5714285714287,795.8571428571429,7.0,1325.253662109375,275132.65220479853,"(794, 2019, 798, 2023)",1
6,680.3333333333334,1056.6666666666667,3.0,1310.818115234375,117913.99380205653,"(1056, 680, 1058, 682)",3
6,456.0769230769231,1195.4615384615386,13.0,1324.5439453125,510960.6398089116,"(1193, 455, 1199, 458)",27
6,1688.0588235294117,1291.4117647058824,17.0,1313.966796875,668179.2982116536,"(1289, 1686, 1295, 1691)",4
6,450.6857142857143,1426.8,35.0,1333.61328125,1375663.2610239927,"(1423, 448, 1433, 455)",6
6,534.5,1424.0,2.0,1337.5382080078125,78609.32920137102,"(1424, 534, 1425, 536)",7
6,718.4666666666667,1477.8,15.0,1317.29296875,589569.9690102827,"(1476, 716, 1480, 721)",19
6,62.5,1498.0,2.0,1303.56689453125,78609.32920137102,"(1498, 62, 1499, 64)",30
6,89.0,1853.0,1.0,1296.027587890625,39304.66460068551,"(1853, 89, 1854, 90)",42
6,1319.0,1935.3333333333333,3.0,1303.8330078125,117913.99380205653,"(1935, 1318, 1937, 1321)",8
6,675.5294117647059,1938.8235294117646,17.0,1326.583984375,668179.2982116536,"(1936, 674, 1943, 679)",9
6,700.75,2007.0,4.0,1328.646240234375,157218.65840274203,"(2006, 700, 2009, 702)",44
6,1214.0,2022.5,4.0,1339.489501953125,157218.65840274203,"(2022, 1213, 2024, 1216)",33
6,197.5,2023.5,2.0,1453.2666015625,78609.32920137102,"(2023, 197, 2025, 199)",12
7,980.0,41.5,4.0,1315.4423828125,157218.65840274203,"(41, 979, 43, 982)",26
7,347.25,96.25,4.0,1328.06103515625,157218.65840274203,"(96, 346, 98, 349)",45
7,1549.4166666666667,287.4166666666667,12.0,1330.537353515625,471655.9752082261,"(286, 1548, 290, 1553)",0
7,9.6,311.2,5.0,1341.32568359375,196523.32300342753,"(310, 9, 313, 11)",47
7,1581.5,405.5,2.0,1306.505859375,78609.32920137102,"(405, 1581, 407, 1583)",15
7,687.0,473.0,1.0,1331.05419921875,39304.66460068551,"(473, 687, 474, 688)",49
7,1403.2,618.6,5.0,1318.177001953125,196523.32300342753,"(617, 1403, 621, 1405)",37
7,2021.3333333333333,795.0,3.0,1322.031494140625,117913.99380205653,"(794, 2021, 797, 2023)",1
7,1737.0,1159.5,2.0,1301.2086181640625,78609.32920137102,"(1159, 1737, 1161, 1738)",50
7,455.92857142857144,1195.0714285714287,14.0,1324.8740234375,550265.3044095971,"(1192, 455, 1199, 458)",27
7,463.6,1219.2875,81.0,1339.732177734375,3144373.1680548405,"(1212, 454, 1228, 472)",27
7,1688.0833333333333,1291.25,12.0,1313.95654296875,471655.9752082261,"(1289, 1686, 1295, 1691)",4
7,450.76666666666665,1426.2666666666667,30.0,1333.61669921875,1179139.9380205653,"(1423, 448, 1431, 454)",6
7,535.0,1424.0,1.0,1330.731201171875,39304.66460068551,"(1424, 535, 1425, 536)",7
7,718.3846153846154,1477.3076923076924,13.0,1315.3131103515625,510960.6398089116,"(1476, 716, 1480, 721)",19
7,1154.6,1517.8,5.0,1313.353515625,196523.32300342753,"(1517, 1154, 1520, 1156)",23
7,242.0,1573.3333333333333,3.0,1313.633544921875,117913.99380205653,"(1573, 241, 1575, 244)",51
7,675.8333333333334,1938.0,18.0,1326.5966796875,707483.9628123392,"(1935, 674, 1943, 679)",9
7,1319.5,1935.5,2.0,1302.0699462890625,78609.32920137102,"(1935, 1319, 1937, 1321)",8
7,701.0,2007.0,3.0,1328.642333984375,117913.99380205653,"(2006, 701, 2009, 702)",44
7,1214.5,2022.0,2.0,1338.3970947265625,78609.32920137102,"(2022, 1214, 2023, 1216)",33
7,197.5,2023.5,2.0,1411.2666015625,78609.32920137102,"(2023, 197, 2025, 199)",12
7,212.0,2038.0,1.0,1295.696044921875,39304.66460068551,"(2038, 212, 2039, 213)",52
8,979.5,39.5,2.0,1297.8153076171875,78609.32920137102,"(39, 979, 41, 981)",26
8,723.5,43.5,2.0,1323.816162109375,78609.32920137102,"(43, 723, 45, 725)",34
8,348.3333333333333,93.66666666666667,3.0,1342.775146484375,117913.99380205653,"(93, 348, 95, 350)",45
8,1730.0,118.0,1.0,1313.2532958984375,39304.66460068551,"(118, 1730, 119, 1731)",53
8,1550.6,285.4,10.0,1327.0662841796875,393046.64600685507,"(284, 1549, 287, 1554)",0
8,10.6,309.2,5.0,1344.6710205078125,196523.32300342753,"(308, 10, 311, 12)",47
8,1580.5,401.5,2.0,1305.5712890625,78609.32920137102,"(401, 1580, 403, 1582)",15
8,633.0,540.0,1.0,1311.505126953125,39304.66460068551,"(540, 633, 541, 634)",16
8,1403.2222222222222,616.3333333333334,9.0,1327.7064208984375,353741.9814061696,"(615, 1402, 619, 1405)",37
8,110.32142857142857,1042.0,28.0,1312.022216796875,1100530.6088191941,"(1038, 108, 1048, 114)",18
8,680.5,1054.0,2.0,1313.6226806640625,78609.32920137102,"(1054, 680, 1055, 682)",3
8,456.0769230769231,1192.6923076923076,13.0,1324.875,510960.6398089116,"(1190, 455, 1196, 458)",27
8,1688.6363636363637,1289.3636363636363,11.0,1316.0848388671875,432351.3106075406,"(1287, 1687, 1293, 1691)",4
8,451.0571428571429,1424.6857142857143,35.0,1332.7047119140625,1375663.2610239927,"(1421, 449, 1431, 455)",6
8,535.0,1422.0,1.0,1328.76513671875,39304.66460068551,"(1422, 535, 1423, 536)",7
8,718.9473684210526,1475.6315789473683,19.0,1317.857666015625,746788.6274130247,"(1474, 717, 1479, 722)",19
8,63.0,1496.0,1.0,1286.267578125,39304.66460068551,"(1496, 63, 1497, 64)",30
8,1154.6666666666667,1515.6666666666667,3.0,1316.3310546875,117913.99380205653,"(1515, 1154, 1517, 1156)",23
8,701.0,2006.0,1.0,1309.978515625,39304.66460068551,"(2006, 701, 2007, 702)",44
8,1215.2,2020.4,5.0,1333.812744140625,196523.32300342753,"(2020, 1214, 2022, 1217)",33
8,197.5,2023.5,2.0,1613.666748046875,78609.32920137102,"(2023, 197, 2025, 199)",12
9,348.0,93.0,1.0,1303.2694091796875,39304.66460068551,"(93, 348, 94, 349)",45
9,1730.0,117.0,1.0,1307.7332763671875,39304.66460068551,"(117, 1730, 118, 1731)",53
9,1551.5,284.1666666666667,12.0,1330.4752197265625,471655.9752082261,"(283, 1549, 286, 1555)",0
9,10.6,308.2,5.0,1361.6959228515625,196523.32300342753,"(307, 10, 310, 12)",47
9,1563.7,386.8,10.0,1325.615234375,393046.64600685507,"(386, 1561, 389, 1567)",48
9,1581.0,402.0,1.0,1304.906982421875,39304.66460068551,"(402, 1581, 403, 1582)",15
9,632.0,539.0,1.0,1287.97607421875,39304.66460068551,"(539, 632, 540, 633)",16
9,110.60714285714286,1040.4642857142858,28.0,1310.6915283203125,1100530.6088191941,"(1037, 108, 1046, 114)",18
9,456.3636363636364,1191.5454545454545,11.0,1323.2379150390625,432351.3106075406,"(1189, 455, 1195, 458)",27
9,464.0348837209302,1217.046511627907,86.0,1340.7764892578125,3380201.155658954,"(1209, 454, 1225, 472)",27
9,1688.8,1287.8,10.0,1316.0799560546875,393046.64600685507,"(1286, 1687, 1291, 1691)",4
9,451.5405405405405,1423.081081081081,37.0,1332.931640625,1454272.5902253638,"(1419, 449, 1430, 456)",6
9,535.0,1420.0,1.0,1332.1129150390625,39304.66460068551,"(1420, 535, 1421, 536)",7
9,1050.0,1437.0,3.0,1333.9354248046875,117913.99380205653,"(1437, 1049, 1438, 1052)",39
9,719.04,1474.6,25.0,1326.592529296875,982616.6150171377,"(1472, 716, 1478, 723)",19
9,241.5,1570.5,4.0,1342.836669921875,157218.65840274203,"(1570, 241, 1572, 243)",51
9,903.0,1739.0,1.0,1290.9871826171875,39304.66460068551,"(1739, 903, 1740, 904)",54
9,710.0,1932.0,1.0,1329.709228515625,39304.66460068551,"(1932, 710, 1933, 711)",55
9,1215.4285714285713,2019.142857142857,7.0,1338.610595703125,275132.65220479853,"(2018, 1213, 2021, 1218)",33
9,197.5,2023.5,2.0,1731.9332275390625,78609.32920137102,"(2023, 197, 2025, 199)",12
10,1729.5,117.0,2.0,1306.21728515625,78609.32920137102,"(117, 1729, 118, 1731)",53
10,1551.8,284.9,10.0,1331.8326416015625,393046.64600685507,"(284, 1550, 287, 1555)",0
10,10.5,308.5,4.0,1346.60595703125,157218.65840274203,"(308, 10, 310, 12)",47
10,629.0,539.0,1.0,1292.8212890625,39304.66460068551,"(539, 629, 540, 630)",16
10,110.42857142857143,1040.892857142857,28.0,1311.02490234375,1100530.6088191941,"(1037, 108, 1047, 115)",18
10,456.375,1191.375,8.0,1322.2425537109375,314437.31680548406,"(1189, 456, 1194, 458)",27
10,464.15492957746477,1218.2676056338028,71.0,1340.095703125,2790631.186648671,"(1209, 454, 1225, 472)",27
10,1573.0,1264.0,1.0,1303.6383056640625,39304.66460068551,"(1264, 1573, 1265, 1574)",56
10,1688.6666666666667,1288.0,12.0,1318.0859375,471655.9752082261,"(1286, 1687, 1292, 1691)",4
10,535.0,1421.0,1.0,1340.7216796875,39304.66460068551,"(1421, 535, 1422, 536)",7
10,1049.4,1437.6,5.0,1342.6246337890625,196523.32300342753,"(1437, 1048, 1439, 1052)",39
10,718.3888888888889,1475.7777777777778,36.0,1326.2489013671875,1414967.9256246784,"(1473, 715, 1480, 723)",19
10,746.0,1738.0,1.0,1297.3533935546875,39304.66460068551,"(1738, 746, 1739, 747)",57
10,676.0,1935.7,10.0,1322.16748046875,393046.64600685507,"(1933, 675, 1939, 679)",9
10,1472.0,1975.0,1.0,1330.330322265625,39304.66460068551,"(1975, 1472, 1976, 1473)",58
10,1214.0,2019.0,1.0,1340.671630859375,39304.66460068551,"(2019, 1214, 2020, 1215)",33
10,197.5,2023.5,2.0,1639.2666015625,78609.32920137102,"(2023, 197, 2025, 199)",12
11,1551.6,286.3,10.0,1329.874267578125,393046.64600685507,"(285, 1549, 288, 1555)",0
11,10.0,309.5,2.0,1345.006591796875,78609.32920137102,"(309, 10, 311, 11)",47
11,2022.0,792.0,1.0,1301.5648193359375,39304.66460068551,"(792, 2022, 793, 2023)",1
11,110.28,1042.4,25.0,1312.3641357421875,982616.6150171377,"(1039, 108, 1048, 114)",18
11,455.6666666666667,1193.1666666666667,6.0,1325.87451171875,235827.98760411306,"(1191, 455, 1196, 457)",27
11,463.8225806451613,1220.0806451612902,62.0,1340.42919921875,2436889.2052425016,"(1211, 454, 1227, 472)",27
11,1688.6363636363637,1290.090909090909,11.0,1316.4306640625,432351.3106075406,"(1288, 1687, 1293, 1691)",4
11,451.3076923076923,1424.5897435897436,39.0,1335.873779296875,1532881.9194267348,"(1421, 448, 1431, 456)",6
11,534.5,1422.0,2.0,1337.918212890625,78609.32920137102,"(1422, 534, 1423, 536)",7
11,1049.0,1439.25,4.0,1337.051513671875,157218.65840274203,"(1439, 1048, 1441, 1051)",39
11,718.2051282051282,1477.051282051282,39.0,1320.008056640625,1532881.9194267348,"(1474, 714, 1481, 723)",19
11,241.66666666666666,1571.6666666666667,3.0,1340.673583984375,117913.99380205653,"(1571, 241, 1573, 243)",51
11,261.0,1587.0,1.0,1313.11962890625,39304.66460068551,"(1587, 261, 1588, 262)",20
11,1132.0,1703.0,1.0,1326.0966796875,39304.66460068551,"(1703, 1132, 1704, 1133)",59
11,86.0,1850.0,1.0,1289.054443359375,39304.66460068551,"(1850, 86, 1851, 87)",42
11,675.4545454545455,1937.1818181818182,11.0,1326.9188232421875,432351.3106075406,"(1934, 674, 1941, 677)",9
11,675.0,1953.0,1.0,1297.1650390625,39304.66460068551,"(1953, 675, 1954, 676)",9
11,1212.5,2020.0,2.0,1336.1627197265625,78609.32920137102,"(2020, 1212, 2021, 1214)",33
11,197.5,2023.5,2.0,1456.5999755859375,78609.32920137102,"(2023, 197, 2025, 199)",12
12,534.0,59.0,1.0,1290.2969970703125,39304.66460068551,"(59, 534, 60, 535)",13
12,1729.0,118.0,1.0,1300.6904296875,39304.66460068551,"(118, 1729, 119, 1730)",53
12,1551.857142857143,287.14285714285717,7.0,1331.8935546875,275132.65220479853,"(286, 1550, 289, 1555)",0
12,10.0,310.5,2.0,1341.6688232421875,78609.32920137102,"(310, 10, 312, 11)",47
12,1564.0,390.3333333333333,3.0,1311.312744140625,117913.99380205653,"(390, 1563, 392, 1566)",48
12,1234.0,835.0,1.0,1314.9298095703125,39304.66460068551,"(835, 1234, 836, 1235)",60
12,109.33333333333333,1042.1904761904761,21.0,1312.343017578125,825397.9566143957,"(1040, 107, 1046, 112)",18
12,637.0,1171.0,1.0,1319.3251953125,39304.66460068551,"(1171, 637, 1172, 638)",61
12,455.5,1195.5,4.0,1324.544921875,157218.65840274203,"(1195, 455, 1197, 457)",27
12,1568.0,1255.0,1.0,1303.25439453125,39304.66460068551,"(1255, 1568, 1256, 1569)",56
12,469.0,1269.0,1.0,1286.0389404296875,39304.66460068551,"(1269, 469, 1270, 470)",28
12,1688.111111111111,1290.4444444444443,9.0,1313.60205078125,353741.9814061696,"(1289, 1687, 1293, 1690)",4
12,451.29545454545456,1425.7045454545455,44.0,1336.540771484375,1729405.2424301624,"(1421, 448, 1433, 456)",6
12,534.0,1423.0,3.0,1339.333740234375,117913.99380205653,"(1423, 533, 1424, 536)",7
12,1049.0,1440.25,4.0,1327.31494140625,157218.65840274203,"(1440, 1048, 1442, 1051)",39
12,718.4102564102565,1477.6923076923076,39.0,1317.79150390625,1532881.9194267348,"(1475, 714, 1481, 724)",19
12,240.33333333333334,1572.6666666666667,3.0,1336.517822265625,117913.99380205653,"(1572, 240, 1574, 242)",51
12,1131.5,1704.0,2.0,1316.76123046875,78609.32920137102,"(1704, 1131, 1705, 1133)",59
12,745.0,1740.0,1.0,1288.580078125,39304.66460068551,"(1740, 745, 1741, 746)",57
12,1052.0,1769.0,1.0,1329.993408203125,39304.66460068551,"(1769, 1052, 1770, 1053)",62
12,1156.0,1805.0,1.0,1319.943359375,39304.66460068551,"(1805, 1156, 1806, 1157)",63
12,670.0,1972.0,1.0,1312.98388671875,39304.66460068551,"(1972, 670, 1973, 671)",43
12,702.0,2004.0,1.0,1298.011962890625,39304.66460068551,"(2004, 702, 2005, 703)",44
12,1213.0,2021.0,1.0,1335.716552734375,39304.66460068551,"(2021, 1213, 2022, 1214)",33
12,197.5,2023.5,2.0,1498.5999755859375,78609.32920137102,"(2023, 197, 2025, 199)",12
13,721.4666666666667,44.733333333333334,15.0,1330.301025390625,589569.9690102827,"(42, 720, 48, 724)",34
13,1551.8,287.2,5.0,1330.880615234375,196523.32300342753,"(286, 1551, 289, 1554)",0
13,1364.0,586.0,1.0,1323.6697998046875,39304.66460068551,"(586, 1364, 587, 1365)",64
13,1396.3333333333333,620.1111111111111,9.0,1315.4619140625,353741.9814061696,"(619, 1394, 623, 1400)",37
13,109.625,1042.0,16.0,1312.6796875,628874.6336109681,"(1040, 108, 1045, 112)",18
13,455.2,1194.8,5.0,1324.87548828125,196523.32300342753,"(1194, 454, 1197, 457)",27
13,455.2857142857143,1212.0,7.0,1331.019775390625,275132.65220479853,"(1211, 454, 1214, 458)",27
13,466.0816326530612,1222.938775510204,49.0,1339.7608642578125,1925928.56543359,"(1219, 460, 1228, 472)",27
13,1688.5,1290.5,6.0,1313.282470703125,235827.98760411306,"(1289, 1688, 1293, 1690)",4
13,450.9583333333333,1425.7708333333333,48.0,1335.541015625,1886623.9008329045,"(1421, 447, 1432, 456)",6
13,534.3333333333334,1423.3333333333333,3.0,1340.688232421875,117913.99380205653,"(1423, 534, 1425, 536)",7
13,1049.0,1440.0,3.0,1327.796875,117913.99380205653,"(1440, 1048, 1441, 1051)",39
13,718.6060606060606,1477.7878787878788,33.0,1318.80078125,1297053.9318226217,"(1475, 715, 1481, 723)",19
13,240.0,1572.3333333333333,3.0,1335.842529296875,117913.99380205653,"(1572, 239, 1574, 242)",51
13,262.5,1595.0,2.0,1317.5950927734375,78609.32920137102,"(1595, 262, 1596, 264)",20
13,1132.0,1704.0,1.0,1299.9969482421875,39304.66460068551,"(1704, 1132, 1705, 1133)",59
13,1156.0,1805.0,1.0,1286.2708740234375,39304.66460068551,"(1805, 1156, 1806, 1157)",63
13,197.0,2024.0,1.0,1519.2666015625,39304.66460068551,"(2024, 197, 2025, 198)",12
13,212.0,2038.0,1.0,1288.728515625,39304.66460068551,"(2038, 212, 2039, 213)",52
14,535.0,59.166666666666664,6.0,1351.806640625,235827.98760411306,"(58, 534, 61, 537)",13
14,343.0,97.0,1.0,1286.01708984375,39304.66460068551,"(97, 343, 98, 344)",45
14,1729.0,119.0,1.0,1317.0155029296875,39304.66460068551,"(119, 1729, 120, 1730)",53
14,1552.0,287.3333333333333,3.0,1329.3905029296875,117913.99380205653,"(287, 1551, 289, 1554)",0
14,10.5,309.5,2.0,1306.0992431640625,78609.32920137102,"(309, 10, 311, 12)",47
14,1631.5,860.0,2.0,1289.0318603515625,78609.32920137102,"(860, 1631, 861, 1633)",65
14,109.83333333333333,1042.3333333333333,18.0,1312.3475341796875,707483.9628123392,"(1040, 108, 1046, 113)",18
14,51.0,1055.0,1.0,1287.1112060546875,39304.66460068551,"(1055, 51, 1056, 52)",66
14,455.55555555555554,1194.888888888889,9.0,1325.549072265625,353741.9814061696,"(1194, 454, 1197, 458)",27
14,1568.8,1256.2,5.0,1312.88232421875,196523.32300342753,"(1255, 1568, 1258, 1571)",56
14,471.0,1269.0,1.0,1330.16845703125,39304.66460068551,"(1269, 471, 1270, 472)",28
14,1688.75,1290.75,4.0,1313.58740234375,157218.65840274203,"(1290, 1688, 1293, 1690)",4
14,450.9111111111111,1425.6666666666667,45.0,1333.93701171875,1768709.9070308479,"(1421, 447, 1432, 456)",6
14,534.1666666666666,1423.1666666666667,6.0,1341.0118408203125,235827.98760411306,"(1422, 533, 1425, 536)",7
14,718.7368421052631,1477.7368421052631,38.0,1318.1337890625,1493577.2548260493,"(1475, 715, 1481, 724)",19
14,240.33333333333334,1572.6666666666667,6.0,1340.647216796875,235827.98760411306,"(1572, 239, 1575, 242)",51
14,263.0,1595.5,2.0,1318.571533203125,78609.32920137102,"(1595, 263, 1597, 264)",20
14,1132.0,1704.0,1.0,1306.3909912109375,39304.66460068551,"(1704, 1132, 1705, 1133)",59
14,901.0,1741.0,1.0,1309.1868896484375,39304.66460068551,"(1741, 901, 1742, 902)",54
14,673.0,2004.0,1.0,1318.74169921875,39304.66460068551,"(2004, 673, 2005, 674)",67
14,1213.0,2021.0,1.0,1334.7149658203125,39304.66460068551,"(2021, 1213, 2022, 1214)",33
14,197.5,2023.5,2.0,1593.6666259765625,78609.32920137102,"(2023, 197, 2025, 199)",12
14,212.0,2037.0,1.0,1288.180908203125,39304.66460068551,"(2037, 212, 2038, 213)",52
15,722.4,44.13333333333333,15.0,1329.97802734375,589569.9690102827,"(42, 721, 48, 726)",34
15,534.8,59.4,5.0,1353.7705078125,196523.32300342753,"(59, 534, 61, 537)",13
15,1729.5,119.0,2.0,1317.677490234375,78609.32920137102,"(119, 1729, 120, 1731)",53
15,1527.0,269.5,2.0,1315.766357421875,78609.32920137102,"(269, 1527, 271, 1528)",68
15,1553.0,288.5,2.0,1319.931884765625,78609.32920137102,"(288, 1553, 290, 1554)",0
15,1235.0,836.0,1.0,1296.555908203125,39304.66460068551,"(836, 1235, 837, 1236)",60
15,1631.0,860.0,1.0,1315.496826171875,39304.66460068551,"(860, 1631, 861, 1632)",65
15,109.61111111111111,1042.7222222222222,18.0,1312.017333984375,707483.9628123392,"(1040, 107, 1046, 113)",18
15,678.6086956521739,1055.0434782608695,23.0,1316.91796875,904007.2858157667,"(1050, 677, 1061, 682)",3
15,995.0,1079.0,1.0,1321.034423828125,39304.66460068551,"(1079, 995, 1080, 996)",69
15,455.54545454545456,1195.1818181818182,11.0,1325.54296875,432351.3106075406,"(1194, 454, 1198, 458)",27
15,1569.0,1256.6666666666667,3.0,1310.4736328125,117913.99380205653,"(1256, 1568, 1258, 1571)",56
15,1579.6,1270.4,5.0,1318.11865234375,196523.32300342753,"(1269, 1578, 1273, 1582)",56
15,471.0,1271.0,1.0,1296.114990234375,39304.66460068551,"(1271, 471, 1272, 472)",28
15,1689.0,1291.5,4.0,1312.9239501953125,157218.65840274203,"(1290, 1689, 1294, 1690)",4
15,450.9782608695652,1425.4347826086957,46.0,1333.384033203125,1808014.5716315333,"(1421, 447, 1431, 456)",6
15,533.6666666666666,1423.3333333333333,3.0,1341.81298828125,117913.99380205653,"(1423, 533, 1425, 535)",7
15,718.1052631578947,1478.1052631578948,38.0,1318.0941162109375,1493577.2548260493,"(1475, 714, 1482, 723)",19
15,239.75,1572.5,4.0,1340.318359375,157218.65840274203,"(1572, 239, 1574, 242)",51
15,262.3333333333333,1595.3333333333333,3.0,1318.584228515625,117913.99380205653,"(1595, 262, 1597, 264)",20
15,87.0,1852.0,1.0,1294.98779296875,39304.66460068551,"(1852, 87, 1853, 88)",42
15,1319.0,1935.0,1.0,1302.4122314453125,39304.66460068551,"(1935, 1319, 1936, 1320)",8
15,197.5,2023.5,2.0,1605.0,78609.32920137102,"(2023, 197, 2025, 199)",12
16,534.4285714285714,59.714285714285715,7.0,1356.5081787109375,275132.65220479853,"(59, 533, 62, 537)",13
16,1527.0,270.5,2.0,1315.9163818359375,78609.32920137102,"(270, 1527, 272, 1528)",68
16,1552.5,288.5,2.0,1322.86474609375,78609.32920137102,"(288, 1552, 290, 1554)",0
16,1744.0,410.0,1.0,1312.473876953125,39304.66460068551,"(410, 1744, 411, 1745)",70
16,1401.3333333333333,603.0,3.0,1319.76025390625,117913.99380205653,"(602, 1401, 605, 1403)",37
16,1397.0625,621.375,16.0,1314.83935546875,628874.6336109681,"(619, 1394, 626, 1401)",37
16,1234.5,836.5,2.0,1309.833984375,78609.32920137102,"(836, 1234, 838, 1236)",60
16,109.27777777777777,1042.7777777777778,18.0,1312.0303955078125,707483.9628123392,"(1040, 107, 1046, 113)",18
16,678.0967741935484,1055.3870967741937,31.0,1318.28173828125,1218444.6026212508,"(1050, 677, 1063, 682)",3
16,455.3076923076923,1195.6153846153845,13.0,1325.546875,510960.6398089116,"(1194, 454, 1199, 458)",27
16,1569.25,1257.25,4.0,1314.248046875,157218.65840274203,"(1257, 1568, 1259, 1571)",56
16,472.0,1270.5,2.0,1305.5888671875,78609.32920137102,"(1270, 472, 1272, 473)",28
16,1580.0,1271.25,4.0,1318.11279296875,157218.65840274203,"(1270, 1579, 1273, 1582)",56
16,1688.5714285714287,1291.2857142857142,7.0,1314.94482421875,275132.65220479853,"(1290, 1688, 1294, 1690)",4
16,450.63157894736844,1425.8157894736842,38.0,1332.3685302734375,1493577.2548260493,"(1422, 447, 1431, 455)",6
16,533.5,1423.5,4.0,1346.053955078125,157218.65840274203,"(1423, 533, 1425, 535)",7
16,717.6,1478.3714285714286,35.0,1318.767578125,1375663.2610239927,"(1476, 714, 1482, 722)",19
16,1155.0,1517.5,2.0,1314.353515625,78609.32920137102,"(1517, 1155, 1519, 1156)",23
16,239.33333333333334,1572.3333333333333,3.0,1335.684326171875,117913.99380205653,"(1572, 239, 1574, 241)",51
16,262.0,1596.0,1.0,1305.56787109375,39304.66460068551,"(1596, 262, 1597, 263)",20
16,1214.0,2022.0,1.0,1323.160400390625,39304.66460068551,"(2022, 1214, 2023, 1215)",33
16,197.5,2023.5,2.0,1383.2666015625,78609.32920137102,"(2023, 197, 2025, 199)",12
17,533.8,61.4,5.0,1354.4888916015625,196523.32300342753,"(61, 533, 63, 536)",13
17,1552.0,290.0,1.0,1328.9039306640625,39304.66460068551,"(290, 1552, 291, 1553)",0
17,1400.8,604.6,5.0,1315.786376953125,196523.32300342753,"(604, 1400, 606, 1403)",37
17,1397.2941176470588,623.6470588235294,17.0,1317.41162109375,668179.2982116536,"(621, 1394, 628, 1401)",37
17,108.63157894736842,1044.578947368421,19.0,1306.01220703125,746788.6274130247,"(1042, 106, 1048, 112)",18
17,676.918918918919,1057.2702702702702,37.0,1318.2938232421875,1454272.5902253638,"(1052, 675, 1064, 680)",3
17,994.0,1081.0,1.0,1316.947265625,39304.66460068551,"(1081, 994, 1082, 995)",69
17,454.3333333333333,1196.4166666666667,12.0,1327.16259765625,471655.9752082261,"(1194, 453, 1199, 457)",27
17,1579.8,1273.2,5.0,1310.8876953125,196523.32300342753,"(1272, 1579, 1275, 1582)",56
17,1688.2,1293.4,5.0,1312.652099609375,196523.32300342753,"(1292, 1688, 1296, 1690)",4
17,449.86842105263156,1427.7631578947369,38.0,1333.03662109375,1493577.2548260493,"(1424, 446, 1433, 454)",6
17,533.0,1425.0,1.0,1315.948974609375,39304.66460068551,"(1425, 533, 1426, 534)",7
17,717.0,1479.6666666666667,39.0,1323.1229248046875,1532881.9194267348,"(1477, 713, 1483, 722)",19
17,1154.0,1519.5,2.0,1310.84130859375,78609.32920137102,"(1519, 1154, 1521, 1155)",23
17,238.5,1574.0,2.0,1343.71630859375,78609.32920137102,"(1574, 238, 1575, 240)",51
17,672.5,1971.5,2.0,1303.504638671875,78609.32920137102,"(1971, 672, 1973, 674)",43
17,702.0,2005.0,1.0,1321.056640625,39304.66460068551,"(2005, 702, 2006, 703)",44
17,197.5,2023.5,2.0,1521.0,78609.32920137102,"(2023, 197, 2025, 199)",12
18,719.75,47.25,16.0,1337.720947265625,628874.6336109681,"(45, 718, 50, 723)",34
18,533.0,62.5,4.0,1355.9954833984375,157218.65840274203,"(62, 532, 64, 535)",13
18,107.86363636363636,1045.8181818181818,22.0,1305.674560546875,864702.6212150812,"(1043, 105, 1049, 112)",18
18,675.9512195121952,1058.7560975609756,41.0,1318.608154296875,1611491.2486281057,"(1052, 673, 1066, 679)",3
18,994.0,1083.0,1.0,1302.7525634765625,39304.66460068551,"(1083, 994, 1084, 995)",69
18,453.27777777777777,1197.3333333333333,18.0,1329.0986328125,707483.9628123392,"(1194, 451, 1202, 456)",27
18,1579.3333333333333,1274.6666666666667,3.0,1311.8538818359375,117913.99380205653,"(1274, 1579, 1276, 1581)",56
18,1687.3333333333333,1293.8333333333333,6.0,1313.961669921875,235827.98760411306,"(1292, 1687, 1296, 1689)",4
18,449.0487804878049,1428.8536585365853,41.0,1332.3798828125,1611491.2486281057,"(1425, 445, 1434, 454)",6
18,531.5,1426.5,2.0,1329.07470703125,78609.32920137102,"(1426, 531, 1428, 533)",7
18,716.0487804878048,1481.0731707317073,41.0,1324.1407470703125,1611491.2486281057,"(1478, 712, 1486, 721)",19
18,1153.3333333333333,1520.6666666666667,3.0,1308.979736328125,117913.99380205653,"(1520, 1153, 1522, 1155)",23
18,238.0,1575.0,1.0,1308.28515625,39304.66460068551,"(1575, 238, 1576, 239)",51
18,260.0,1598.0,1.0,1306.632568359375,39304.66460068551,"(1598, 260, 1599, 261)",20
18,743.8571428571429,1742.5714285714287,7.0,1311.1353759765625,275132.65220479853,"(1742, 741, 1744, 747)",57
18,1446.5,1750.0,2.0,1298.96826171875,78609.32920137102,"(1750, 1446, 1751, 1448)",71
18,672.1666666666666,1970.3333333333333,6.0,1322.0330810546875,235827.98760411306,"(1969, 671, 1973, 674)",43
18,197.5,2023.5,2.0,1567.2666015625,78609.32920137102,"(2023, 197, 2025, 199)",12
19,533.3333333333334,62.333333333333336,3.0,1355.04150390625,117913.99380205653,"(62, 533, 64, 535)",13
19,9.0,312.0,1.0,1332.850341796875,39304.66460068551,"(312, 9, 313, 10)",47
19,894.0,566.5,2.0,1298.17529296875,78609.32920137102,"(566, 894, 568, 895)",72
19,676.0425531914893,1058.8510638297873,47.0,1319.61962890625,1847319.2362322188,"(1052, 673, 1067, 679)",3
19,453.4736842105263,1196.7894736842106,19.0,1328.93017578125,746788.6274130247,"(1193, 452, 1202, 456)",27
19,467.0,1273.0,1.0,1292.76171875,39304.66460068551,"(1273, 467, 1274, 468)",28
19,1579.3333333333333,1274.3333333333333,3.0,1311.6392822265625,117913.99380205653,"(1274, 1579, 1276, 1581)",56
19,1687.6666666666667,1294.1666666666667,6.0,1312.9693603515625,235827.98760411306,"(1293, 1687, 1297, 1689)",4
19,449.4594594594595,1428.4054054054054,37.0,1333.0369873046875,1454272.5902253638,"(1425, 446, 1434, 454)",6
19,531.5,1426.0,2.0,1344.6575927734375,78609.32920137102,"(1426, 531, 1427, 533)",7
19,715.972972972973,1481.1351351351352,37.0,1324.146484375,1454272.5902253638,"(1478, 712, 1486, 721)",19
19,1153.4,1520.2,5.0,1312.99267578125,196523.32300342753,"(1519, 1153, 1522, 1155)",23
19,238.0,1574.5,2.0,1318.149658203125,78609.32920137102,"(1574, 238, 1576, 239)",51
19,985.0,1628.0,1.0,1299.7386474609375,39304.66460068551,"(1628, 985, 1629, 986)",73
19,745.0,1742.4,5.0,1310.4725341796875,196523.32300342753,"(1742, 744, 1744, 747)",57
19,197.5,2023.5,2.0,1529.0,78609.32920137102,"(2023, 197, 2025, 199)",12
20,720.7142857142857,45.785714285714285,14.0,1339.0667724609375,550265.3044095971,"(44, 719, 49, 723)",34
20,533.6666666666666,61.0,3.0,1349.720458984375,117913.99380205653,"(60, 533, 63, 535)",13
20,1131.0,204.0,1.0,1324.65283203125,39304.66460068551,"(204, 1131, 205, 1132)",74
20,10.0,310.5,2.0,1340.6575927734375,78609.32920137102,"(310, 10, 312, 11)",47
20,1564.857142857143,392.2857142857143,7.0,1327.61767578125,275132.65220479853,"(391, 1563, 395, 1567)",48
20,1400.6666666666667,603.6666666666666,3.0,1320.434814453125,117913.99380205653,"(603, 1400, 605, 1402)",37
20,676.66,1057.44,50.0,1318.626953125,1965233.2300342754,"(1050, 674, 1066, 680)",3
20,454.2173913043478,1195.7826086956522,23.0,1329.570068359375,904007.2858157667,"(1191, 452, 1201, 457)",27
20,1579.3333333333333,1272.6666666666667,3.0,1311.227294921875,117913.99380205653,"(1272, 1579, 1274, 1581)",56
20,1688.0,1293.0,3.0,1313.300048828125,117913.99380205653,"(1292, 1688, 1295, 1689)",4
20,450.37142857142857,1426.6,35.0,1331.691162109375,1375663.2610239927,"(1423, 447, 1432, 455)",6
20,532.0,1424.5,2.0,1332.149169921875,78609.32920137102,"(1424, 532, 1426, 533)",7
20,716.0333333333333,1479.9666666666667,30.0,1324.484130859375,1179139.9380205653,"(1477, 712, 1485, 721)",19
20,1153.5,1518.5,4.0,1313.32421875,157218.65840274203,"(1518, 1153, 1520, 1155)",23
20,151.0,1687.0,1.0,1310.118408203125,39304.66460068551,"(1687, 151, 1688, 152)",75
20,744.0,1741.0,5.0,1300.669921875,196523.32300342753,"(1741, 742, 1742, 747)",57
20,675.0,2008.0,1.0,1305.97265625,39304.66460068551,"(2008, 675, 2009, 676)",67
20,197.5,2023.5,2.0,1579.9332275390625,78609.32920137102,"(2023, 197, 2025, 199)",12
21,534.0,60.0,1.0,1348.88525390625,39304.66460068551,"(60, 534, 61, 535)",13
21,10.0,310.0,1.0,1341.6630859375,39304.66460068551,"(310, 10, 311, 11)",47
21,1879.0,433.5,2.0,1323.2716064453125,78609.32920137102,"(433, 1879, 435, 1880)",76
21,1401.5,602.5,2.0,1318.9876708984375,78609.32920137102,"(602, 1401, 604, 1403)",37
21,959.0,682.0,1.0,1285.8155517578125,39304.66460068551,"(682, 959, 683, 960)",38
21,676.8035714285714,1057.232142857143,56.0,1317.9560546875,2201061.2176383883,"(1050, 674, 1065, 680)",3
21,454.85714285714283,1194.952380952381,21.0,1324.527587890625,825397.9566143957,"(1191, 453, 1200, 458)",27
21,453.5,1213.0,2.0,1327.981689453125,78609.32920137102,"(1213, 453, 1214, 455)",27
21,1580.5,1272.5,2.0,1307.571533203125,78609.32920137102,"(1272, 1580, 1274, 1582)",56
21,1688.5,1293.0,2.0,1305.866943359375,78609.32920137102,"(1293, 1688, 1294, 1690)",4
21,532.5,1424.0,2.0,1344.6910400390625,78609.32920137102,"(1424, 532, 1425, 534)",7
21,715.5769230769231,1479.923076923077,26.0,1323.809814453125,1021921.2796178232,"(1476, 711, 1485, 720)",19
21,1153.8333333333333,1517.8333333333333,6.0,1314.703857421875,235827.98760411306,"(1517, 1153, 1520, 1156)",23
21,238.0,1572.0,1.0,1294.9888916015625,39304.66460068551,"(1572, 238, 1573, 239)",51
21,744.0,1740.0,1.0,1288.3499755859375,39304.66460068551,"(1740, 744, 1741, 745)",57
21,537.0,1798.0,1.0,1311.38427734375,39304.66460068551,"(1798, 537, 1799, 538)",77
21,1340.5,1929.5,2.0,1296.603759765625,78609.32920137102,"(1929, 1340, 1931, 1342)",78
21,197.5,2023.5,2.0,1469.933349609375,78609.32920137102,"(2023, 197, 2025, 199)",12
22,534.0,60.5,2.0,1350.91845703125,78609.32920137102,"(60, 534, 62, 535)",13
22,333.0,119.0,1.0,1286.6480712890625,39304.66460068551,"(119, 333, 120, 334)",45
22,1563.5,390.25,4.0,1326.979736328125,157218.65840274203,"(390, 1562, 392, 1566)",48
22,489.0,391.5,2.0,1315.9801025390625,78609.32920137102,"(391, 489, 393, 490)",79
22,1294.0,469.0,1.0,1338.12109375,39304.66460068551,"(469, 1294, 470, 1295)",80
22,910.0,551.0,1.0,1287.4287109375,39304.66460068551,"(551, 910, 552, 911)",72
22,1402.0,602.5,2.0,1317.99072265625,78609.32920137102,"(602, 1402, 604, 1403)",37
22,959.0,682.0,1.0,1286.4588623046875,39304.66460068551,"(682, 959, 683, 960)",38
22,109.25806451612904,1043.1290322580646,31.0,1313.3544921875,1218444.6026212508,"(1038, 107, 1048, 113)",18
22,677.0416666666666,1056.5833333333333,48.0,1318.6058349609375,1886623.9008329045,"(1050, 674, 1064, 680)",3
22,454.7142857142857,1194.5238095238096,21.0,1325.134521484375,825397.9566143957,"(1190, 453, 1199, 458)",27
22,454.0,1213.3333333333333,3.0,1327.476318359375,117913.99380205653,"(1213, 453, 1215, 456)",27
22,1579.5,1271.5,2.0,1307.5826416015625,78609.32920137102,"(1271, 1579, 1273, 1581)",56
22,1688.6666666666667,1292.0,3.0,1313.709228515625,117913.99380205653,"(1291, 1688, 1294, 1690)",4
22,450.741935483871,1425.9354838709678,31.0,1332.7041015625,1218444.6026212508,"(1423, 447, 1430, 456)",6
22,532.5,1424.0,2.0,1345.71435546875,78609.32920137102,"(1424, 532, 1425, 534)",7
22,715.2068965517242,1480.5862068965516,29.0,1323.809814453125,1139835.2734198798,"(1477, 711, 1487, 720)",19
22,1153.8333333333333,1517.8333333333333,6.0,1313.685546875,235827.98760411306,"(1517, 1153, 1520, 1156)",23
22,197.5,2023.5,2.0,1552.5999755859375,78609.32920137102,"(2023, 197, 2025, 199)",12
23,534.0,60.0,1.0,1336.982177734375,39304.66460068551,"(60, 534, 61, 535)",13
23,334.0,119.0,1.0,1293.6949462890625,39304.66460068551,"(119, 334, 120, 335)",45
23,311.0,170.0,1.0,1319.1934814453125,39304.66460068551,"(170, 311, 171, 312)",81
23,10.0,309.5,2.0,1344.325927734375,78609.32920137102,"(309, 10, 311, 11)",47
23,959.0,682.0,1.0,1285.812744140625,39304.66460068551,"(682, 959, 683, 960)",38
23,109.1875,1043.625,32.0,1307.176513671875,1257749.2672219363,"(1039, 106, 1048, 113)",18
23,677.0512820512821,1056.8974358974358,39.0,1318.2889404296875,1532881.9194267348,"(1050, 675, 1064, 680)",3
23,50.0,1055.0,1.0,1299.5096435546875,39304.66460068551,"(1055, 50, 1056, 51)",66
23,454.3809523809524,1194.8095238095239,21.0,1324.1898193359375,825397.9566143957,"(1190, 452, 1200, 457)",27
23,454.0,1213.5,4.0,1328.5831298828125,157218.65840274203,"(1213, 453, 1215, 456)",27
23,121.0,1232.0,1.0,1295.0086669921875,39304.66460068551,"(1232, 121, 1233, 122)",82
23,1579.2,1271.8,5.0,1310.2130126953125,196523.32300342753,"(1271, 1578, 1274, 1581)",56
23,450.4642857142857,1426.142857142857,28.0,1332.3734130859375,1100530.6088191941,"(1424, 447, 1430, 456)",6
23,533.0,1424.0,3.0,1345.0150146484375,117913.99380205653,"(1424, 532, 1425, 535)",7
23,1153.4,1518.2,5.0,1314.993896484375,196523.32300342753,"(1517, 1153, 1520, 1155)",23
23,1341.6666666666667,1929.9333333333334,15.0,1317.578369140625,589569.9690102827,"(1929, 1339, 1932, 1347)",78
23,674.5384615384615,1941.923076923077,13.0,1326.795654296875,510960.6398089116,"(1939, 673, 1946, 677)",9
23,197.5,2023.5,2.0,1410.3333740234375,78609.32920137102,"(2023, 197, 2025, 199)",12
24,1553.5,287.5,2.0,1302.8123779296875,78609.32920137102,"(287, 1553, 289, 1555)",0
24,9.666666666666666,308.6666666666667,3.0,1344.331298828125,117913.99380205653,"(308, 9, 310, 11)",47
24,1567.0,389.0,1.0,1289.318115234375,39304.66460068551,"(389, 1567, 390, 1568)",48
24,1397.16,619.52,50.0,1322.33544921875,1965233.2300342754,"(616, 1392, 625, 1402)",37
24,1525.0,975.0,1.0,1286.6334228515625,39304.66460068551,"(975, 1525, 976, 1526)",83
24,676.918918918919,1056.3243243243244,37.0,1318.2847900390625,1454272.5902253638,"(1050, 675, 1064, 680)",3
24,50.666666666666664,1053.6666666666667,3.0,1297.584228515625,117913.99380205653,"(1053, 50, 1055, 52)",66
24,454.3529411764706,1193.6470588235295,17.0,1323.8662109375,668179.2982116536,"(1191, 452, 1197, 457)",27
24,1578.8,1270.2,5.0,1319.109130859375,196523.32300342753,"(1269, 1578, 1272, 1581)",56
24,450.4230769230769,1425.1923076923076,26.0,1332.36767578125,1021921.2796178232,"(1423, 447, 1429, 455)",6
24,533.0,1423.0,3.0,1342.8475341796875,117913.99380205653,"(1423, 532, 1424, 535)",7
24,1153.6666666666667,1517.3333333333333,3.0,1313.315673828125,117913.99380205653,"(1517, 1153, 1519, 1155)",23
24,1342.2941176470588,1929.0588235294117,17.0,1316.9189453125,668179.2982116536,"(1928, 1339, 1931, 1347)",78
24,674.5714285714286,1940.5,14.0,1326.4566650390625,550265.3044095971,"(1937, 674, 1945, 677)",9
24,339.35714285714283,1968.642857142857,14.0,1316.895263671875,550265.3044095971,"(1966, 337, 1972, 343)",21
24,671.5,1971.0,2.0,1317.295654296875,78609.32920137102,"(1971, 671, 1972, 673)",43
24,1213.0,2021.0,1.0,1335.3822021484375,39304.66460068551,"(2021, 1213, 2022, 1214)",33
24,197.5,2023.5,2.0,1543.0,78609.32920137102,"(2023, 197, 2025, 199)",12
25,334.0,119.0,1.0,1294.69775390625,39304.66460068551,"(119, 334, 120, 335)",45
25,239.0,171.0,1.0,1301.89990234375,39304.66460068551,"(171, 239, 172, 240)",14
25,1554.0,287.0,3.0,1325.0926513671875,117913.99380205653,"(286, 1554, 289, 1555)",0
25,10.2,308.4,5.0,1347.2713623046875,196523.32300342753,"(307, 10, 311, 12)",47
25,109.11111111111111,1042.4074074074074,27.0,1312.352294921875,1061225.9442185087,"(1039, 106, 1046, 113)",18
25,677.1470588235294,1055.6764705882354,34.0,1318.95654296875,1336358.5964233072,"(1051, 675, 1063, 680)",3
25,51.0,1053.0,1.0,1294.4637451171875,39304.66460068551,"(1053, 51, 1054, 52)",66
25,454.27777777777777,1193.3333333333333,18.0,1324.858642578125,707483.9628123392,"(1190, 452, 1197, 457)",27
25,1578.5,1269.5,4.0,1317.786376953125,157218.65840274203,"(1268, 1577, 1272, 1581)",56
25,450.0,1424.8095238095239,21.0,1332.0869140625,825397.9566143957,"(1422, 447, 1429, 453)",6
25,533.0,1422.5,4.0,1343.9952392578125,157218.65840274203,"(1422, 532, 1424, 535)",7
25,717.9,1477.1,10.0,1316.304443359375,393046.64600685507,"(1476, 716, 1479, 721)",19
25,1154.0,1516.75,4.0,1312.8463134765625,157218.65840274203,"(1516, 1153, 1518, 1156)",23
25,537.0,1798.0,1.0,1294.541748046875,39304.66460068551,"(1798, 537, 1799, 538)",77
25,1042.0,1928.0,1.0,1317.786376953125,39304.66460068551,"(1928, 1042, 1929, 1043)",84
25,674.7857142857143,1940.5714285714287,14.0,1326.2626953125,550265.3044095971,"(1937, 674, 1944, 677)",9
25,197.5,2023.5,2.0,1704.5999755859375,78609.32920137102,"(2023, 197, 2025, 199)",12
26,334.0,119.0,1.0,1288.631591796875,39304.66460068551,"(119, 334, 120, 335)",45
26,238.0,173.0,1.0,1289.1812744140625,39304.66460068551,"(173, 238, 174, 239)",14
26,1554.0,289.2,5.0,1330.171142578125,196523.32300342753,"(288, 1553, 292, 1556)",0
26,9.666666666666666,309.5,6.0,1343.9857177734375,235827.98760411306,"(308, 9, 312, 11)",47
26,734.0,319.0,1.0,1303.33056640625,39304.66460068551,"(319, 734, 320, 735)",85
26,1396.0666666666666,620.1,60.0,1319.60693359375,2358279.8760411306,"(616, 1391, 627, 1402)",37
26,108.83333333333333,1044.0333333333333,30.0,1307.4892578125,1179139.9380205653,"(1041, 106, 1048, 113)",18
26,676.84375,1057.40625,32.0,1319.9415283203125,1257749.2672219363,"(1053, 675, 1064, 680)",3
26,50.0,1055.0,1.0,1298.19189453125,39304.66460068551,"(1055, 50, 1056, 51)",66
26,453.89473684210526,1194.157894736842,19.0,1319.893798828125,746788.6274130247,"(1190, 452, 1199, 457)",27
26,1578.8,1271.2,5.0,1314.659423828125,196523.32300342753,"(1270, 1578, 1273, 1581)",56
26,449.9375,1426.25,16.0,1332.70458984375,628874.6336109681,"(1423, 449, 1431, 452)",6
26,533.0,1423.75,4.0,1345.013427734375,157218.65840274203,"(1423, 532, 1425, 535)",7
26,717.4285714285714,1478.142857142857,7.0,1314.1097412109375,275132.65220479853,"(1477, 716, 1480, 720)",19
26,1153.5,1518.0,6.0,1313.91845703125,235827.98760411306,"(1517, 1153, 1520, 1155)",23
26,1422.0,1588.0,1.0,1301.107666015625,39304.66460068551,"(1588, 1422, 1589, 1423)",86
26,536.5,1798.5,2.0,1317.455810546875,78609.32920137102,"(1798, 536, 1800, 538)",77
26,674.7142857142857,1941.7142857142858,14.0,1326.801025390625,550265.3044095971,"(1938, 674, 1946, 677)",9
26,337.0,1970.0,1.0,1314.4443359375,39304.66460068551,"(1970, 337, 1971, 338)",21
26,671.6666666666666,1971.0,3.0,1306.00732421875,117913.99380205653,"(1970, 671, 1973, 673)",43
26,1213.5,2022.0,2.0,1329.2628173828125,78609.32920137102,"(2022, 1213, 2023, 1215)",33
26,197.5,2023.5,2.0,1567.2666015625,78609.32920137102,"(2023, 197, 2025, 199)",12
27,297.0,46.0,1.0,1354.81201171875,39304.66460068551,"(46, 297, 47, 298)",87
27,333.0,122.0,1.0,1337.8101806640625,39304.66460068551,"(122, 333, 123, 334)",45
27,1553.5,290.5,6.0,1327.475830078125,235827.98760411306,"(289, 1553, 293, 1555)",0
27,9.571428571428571,312.2857142857143,7.0,1345.4520263671875,275132.65220479853,"(311, 9, 315, 11)",47
27,1854.0,501.0,1.0,1321.423828125,39304.66460068551,"(501, 1854, 502, 1855)",88
27,1217.0,844.0,1.0,1318.8594970703125,39304.66460068551,"(844, 1217, 845, 1218)",60
27,108.21875,1046.28125,32.0,1319.29541015625,1257749.2672219363,"(1043, 105, 1050, 113)",18
27,676.3666666666667,1060.5333333333333,30.0,1315.93603515625,1179139.9380205653,"(1056, 675, 1067, 679)",3
27,453.35714285714283,1195.7857142857142,14.0,1327.1680908203125,550265.3044095971,"(1193, 452, 1199, 456)",27
27,453.8,1215.8,5.0,1330.7069091796875,196523.32300342753,"(1215, 453, 1218, 456)",27
27,467.0,1223.888888888889,9.0,1339.7591552734375,353741.9814061696,"(1223, 464, 1226, 471)",27
27,1579.5,1274.0,2.0,1307.6275634765625,78609.32920137102,"(1274, 1579, 1275, 1581)",56
27,449.9,1428.2,10.0,1327.11669921875,393046.64600685507,"(1426, 449, 1431, 452)",6
27,533.0,1426.5,4.0,1345.682861328125,157218.65840274203,"(1426, 532, 1428, 535)",7
27,713.25,1485.0,4.0,1321.7059326171875,157218.65840274203,"(1484, 712, 1487, 715)",19
27,1153.4,1520.2,5.0,1313.65380859375,196523.32300342753,"(1519, 1153, 1522, 1155)",23
27,674.3846153846154,1943.923076923077,13.0,1328.475830078125,510960.6398089116,"(1941, 673, 1948, 676)",9
27,671.0,1973.0,1.0,1295.54931640625,39304.66460068551,"(1973, 671, 1974, 672)",43
27,197.5,2023.5,2.0,1680.33349609375,78609.32920137102,"(2023, 197, 2025, 199)",12
27,1214.0,2025.0,1.0,1333.5533447265625,39304.66460068551,"(2025, 1214, 2026, 1215)",33
28,333.0,123.0,1.0,1311.57763671875,39304.66460068551,"(123, 333, 124, 334)",45
28,238.0,175.5,2.0,1302.7591552734375,78609.32920137102,"(175, 238, 177, 239)",14
28,1554.0,292.2,5.0,1328.150634765625,196523.32300342753,"(291, 1553, 295, 1556)",0
28,9.666666666666666,314.3333333333333,9.0,1340.328369140625,353741.9814061696,"(312, 9, 318, 11)",47
28,1096.0,737.0,1.0,1332.0419921875,39304.66460068551,"(737, 1096, 738, 1097)",89
28,1217.0,845.0,1.0,1319.97607421875,39304.66460068551,"(845, 1217, 846, 1218)",60
28,108.82758620689656,1047.6896551724137,29.0,1307.518310546875,1139835.2734198798,"(1045, 105, 1051, 113)",18
28,676.68,1061.64,25.0,1317.932373046875,982616.6150171377,"(1058, 675, 1067, 679)",3
28,51.0,1059.0,1.0,1300.7435302734375,39304.66460068551,"(1059, 51, 1060, 52)",66
28,993.0,1084.0,1.0,1309.81396484375,39304.66460068551,"(1084, 993, 1085, 994)",69
28,453.375,1196.375,8.0,1327.142822265625,314437.31680548406,"(1194, 453, 1199, 455)",27
28,533.0,1427.3333333333333,3.0,1347.355224609375,117913.99380205653,"(1427, 532, 1429, 535)",7
28,450.0,1429.5,2.0,1325.85498046875,78609.32920137102,"(1429, 450, 1431, 451)",6
28,224.0,1437.0,1.0,1297.944091796875,39304.66460068551,"(1437, 224, 1438, 225)",90
28,712.5,1487.0,2.0,1317.848388671875,78609.32920137102,"(1487, 712, 1488, 714)",19
28,1153.6,1521.8,5.0,1310.7657470703125,196523.32300342753,"(1521, 1153, 1524, 1155)",23
28,1343.5,1934.0,2.0,1289.0416259765625,78609.32920137102,"(1934, 1343, 1935, 1345)",78
28,1588.0,1935.0,1.0,1302.955078125,39304.66460068551,"(1935, 1588, 1936, 1589)",91
28,197.5,2023.5,2.0,1835.0,78609.32920137102,"(2023, 197, 2025, 199)",12
29,1554.6666666666667,292.0,3.0,1323.427734375,117913.99380205653,"(291, 1554, 294, 1556)",0
29,10.555555555555555,314.3333333333333,9.0,1338.9249267578125,353741.9814061696,"(312, 10, 318, 12)",47
29,750.0,621.0,1.0,1295.095703125,39304.66460068551,"(621, 750, 622, 751)",92
29,1218.0,845.5,2.0,1322.1947021484375,78609.32920137102,"(845, 1218, 847, 1219)",60
29,109.54166666666667,1047.5,24.0,1305.4644775390625,943311.9504164523,"(1045, 107, 1050, 114)",18
29,1580.2,1275.2,5.0,1314.824462890625,196523.32300342753,"(1274, 1579, 1277, 1582)",56
29,534.5,1427.5,2.0,1335.309814453125,78609.32920137102,"(1427, 534, 1429, 536)",7
29,1154.5,1521.5,4.0,1310.760986328125,157218.65840274203,"(1521, 1154, 1523, 1156)",23
29,102.0,1790.0,1.0,1302.493896484375,39304.66460068551,"(1790, 102, 1791, 103)",93
29,675.0,1945.1538461538462,13.0,1328.808349609375,510960.6398089116,"(1941, 674, 1949, 677)",9
29,617.0,1982.0,1.0,1330.20947265625,39304.66460068551,"(1982, 617, 1983, 618)",94
29,197.5,2023.5,2.0,1836.5999755859375,78609.32920137102,"(2023, 197, 2025, 199)",12
29,1213.6666666666667,2025.3333333333333,3.0,1334.1328125,117913.99380205653,"(2025, 1213, 2027, 1215)",33
30,971.5,47.5,4.0,1303.4827880859375,157218.65840274203,"(47, 971, 49, 973)",26
30,1542.0,128.0,1.0,1293.16845703125,39304.66460068551,"(128, 1542, 129, 1543)",95
30,11.0,313.5,4.0,1338.93505859375,157218.65840274203,"(312, 11, 316, 12)",47
30,910.0,551.0,1.0,1288.089111328125,39304.66460068551,"(551, 910, 552, 911)",72
30,960.0,687.0,1.0,1286.9747314453125,39304.66460068551,"(687, 960, 688, 961)",38
30,1219.0,845.0,1.0,1298.0665283203125,39304.66460068551,"(845, 1219, 846, 1220)",60
30,109.9,1046.7,20.0,1302.4202880859375,786093.2920137101,"(1044, 107, 1049, 114)",18
30,678.1666666666666,1059.7222222222222,18.0,1319.1097412109375,707483.9628123392,"(1057, 677, 1064, 681)",3
30,52.0,1058.0,1.0,1298.196044921875,39304.66460068551,"(1058, 52, 1059, 53)",66
30,1580.0,1273.6666666666667,3.0,1312.3199462890625,117913.99380205653,"(1273, 1579, 1275, 1582)",56
30,1689.0,1292.0,1.0,1306.1002197265625,39304.66460068551,"(1292, 1689, 1293, 1690)",4
30,535.0,1427.0,1.0,1336.7840576171875,39304.66460068551,"(1427, 535, 1428, 536)",7
30,451.0,1430.0,3.0,1325.614501953125,117913.99380205653,"(1429, 451, 1432, 452)",6
30,1155.0,1521.5,2.0,1310.1171875,78609.32920137102,"(1521, 1155, 1523, 1156)",23
30,743.5,1744.0,2.0,1299.1031494140625,78609.32920137102,"(1744, 743, 1745, 745)",57
30,1589.0,1934.0,1.0,1294.17919921875,39304.66460068551,"(1934, 1589, 1935, 1590)",91
30,672.0,1974.0,1.0,1287.62255859375,39304.66460068551,"(1974, 672, 1975, 673)",43
30,197.5,2023.5,2.0,1697.2666015625,78609.32920137102,"(2023, 197, 2025, 199)",12
31,971.0,47.5,2.0,1291.0079345703125,78609.32920137102,"(47, 971, 49, 972)",26
31,333.0,121.0,1.0,1287.13134765625,39304.66460068551,"(121, 333, 122, 334)",45
31,11.0,313.5,2.0,1339.6136474609375,78609.32920137102,"(313, 11, 315, 12)",47
31,1892.0,396.0,1.0,1302.0682373046875,39304.66460068551,"(396, 1892, 397, 1893)",96
31,1218.0,844.5,2.0,1321.8575439453125,78609.32920137102,"(844, 1218, 846, 1219)",60
31,109.84210526315789,1046.421052631579,19.0,1302.7459716796875,746788.6274130247,"(1044, 108, 1049, 113)",18
31,678.5,1059.0,8.0,1319.1195068359375,314437.31680548406,"(1057, 678, 1062, 680)",3
31,661.0,1178.5,2.0,1303.315185546875,78609.32920137102,"(1178, 661, 1180, 662)",97
31,454.6666666666667,1197.6666666666667,3.0,1319.255126953125,117913.99380205653,"(1197, 454, 1199, 456)",27
31,1579.0,1273.5,6.0,1308.0321044921875,235827.98760411306,"(1272, 1577, 1276, 1582)",56
31,1689.0,1293.0,1.0,1309.170654296875,39304.66460068551,"(1293, 1689, 1294, 1690)",4
31,741.5,1744.0,2.0,1306.188720703125,78609.32920137102,"(1744, 741, 1745, 743)",57
31,675.0909090909091,1944.5454545454545,11.0,1328.4720458984375,432351.3106075406,"(1941, 674, 1948, 677)",9
31,701.0,2011.0,1.0,1316.1104736328125,39304.66460068551,"(2011, 701, 2012, 702)",44
31,197.5,2023.5,2.0,1776.33349609375,78609.32920137102,"(2023, 197, 2025, 199)",12
31,1215.0,2025.5,2.0,1333.6768798828125,78609.32920137102,"(2025, 1215, 2027, 1216)",33
32,146.0,9.0,1.0,1352.54638671875,39304.66460068551,"(9, 146, 10, 147)",98
32,970.5,48.0,2.0,1290.69140625,78609.32920137102,"(48, 970, 49, 972)",26
32,35.0,291.0,1.0,1347.124755859375,39304.66460068551,"(291, 35, 292, 36)",99
32,9.0,313.0,1.0,1318.458740234375,39304.66460068551,"(313, 9, 314, 10)",47
32,1891.3333333333333,397.3333333333333,3.0,1317.320556640625,117913.99380205653,"(397, 1891, 399, 1893)",96
32,910.0,551.0,1.0,1288.4150390625,39304.66460068551,"(551, 910, 552, 911)",72
32,894.5,567.0,2.0,1297.19140625,78609.32920137102,"(567, 894, 568, 896)",72
32,2020.5,796.0,2.0,1323.0716552734375,78609.32920137102,"(796, 2020, 797, 2022)",1
32,1217.5,845.0,2.0,1322.862060546875,78609.32920137102,"(845, 1217, 846, 1219)",60
32,109.2,1046.4,15.0,1304.080810546875,589569.9690102827,"(1044, 107, 1049, 112)",18
32,677.3333333333334,1060.1666666666667,6.0,1313.426513671875,235827.98760411306,"(1059, 677, 1063, 679)",3
32,965.0,1090.0,1.0,1305.0394287109375,39304.66460068551,"(1090, 965, 1091, 966)",100
32,660.0,1178.5,2.0,1301.474853515625,78609.32920137102,"(1178, 660, 1180, 661)",97
32,454.0,1198.0,1.0,1294.2559814453125,39304.66460068551,"(1198, 454, 1199, 455)",27
32,1689.5714285714287,1295.142857142857,7.0,1313.6661376953125,275132.65220479853,"(1293, 1688, 1298, 1692)",4
32,2025.0,1507.0,1.0,1305.2490234375,39304.66460068551,"(1507, 2025, 1508, 2026)",101
32,1061.0,1735.0,1.0,1287.5462646484375,39304.66460068551,"(1735, 1061, 1736, 1062)",102
32,742.0,1744.0,1.0,1293.057861328125,39304.66460068551,"(1744, 742, 1745, 743)",57
32,1343.1666666666667,1934.3333333333333,6.0,1303.8712158203125,235827.98760411306,"(1934, 1342, 1936, 1346)",78
32,674.4,1945.9,10.0,1325.5877685546875,393046.64600685507,"(1943, 674, 1949, 676)",9
32,197.5,2023.5,2.0,1963.6666259765625,78609.32920137102,"(2023, 197, 2025, 199)",12
32,1214.5,2026.0,2.0,1334.124755859375,78609.32920137102,"(2026, 1214, 2027, 1216)",33
33,970.0,47.5,2.0,1306.409423828125,78609.32920137102,"(47, 970, 49, 971)",26
33,333.0,121.0,1.0,1334.89208984375,39304.66460068551,"(121, 333, 122, 334)",45
33,1549.3333333333333,290.3333333333333,3.0,1327.8187255859375,117913.99380205653,"(290, 1549, 292, 1551)",0
33,7.0,348.0,1.0,1338.3477783203125,39304.66460068551,"(348, 7, 349, 8)",103
33,1892.0,396.5,2.0,1308.5963134765625,78609.32920137102,"(396, 1892, 398, 1893)",96
33,749.0,590.0,1.0,1306.301513671875,39304.66460068551,"(590, 749, 591, 750)",104
33,2020.3333333333333,796.3333333333334,3.0,1325.7938232421875,117913.99380205653,"(796, 2020, 798, 2022)",1
33,1217.3333333333333,844.3333333333334,3.0,1320.529296875,117913.99380205653,"(844, 1217, 846, 1219)",60
33,303.0,910.0,1.0,1301.90087890625,39304.66460068551,"(910, 303, 911, 304)",105
33,108.92857142857143,1045.642857142857,14.0,1302.035888671875,550265.3044095971,"(1043, 107, 1048, 112)",18
33,677.0,1061.0,1.0,1313.428955078125,39304.66460068551,"(1061, 677, 1062, 678)",3
33,965.3333333333334,1089.6666666666667,3.0,1312.240966796875,117913.99380205653,"(1089, 965, 1091, 967)",100
33,660.0,1178.0,1.0,1303.0347900390625,39304.66460068551,"(1178, 660, 1179, 661)",97
33,470.1111111111111,1224.111111111111,9.0,1329.4384765625,353741.9814061696,"(1223, 469, 1227, 472)",27
33,1577.6,1273.2,5.0,1309.0283203125,196523.32300342753,"(1272, 1576, 1275, 1580)",56
33,449.3333333333333,1430.3333333333333,3.0,1326.4417724609375,117913.99380205653,"(1430, 449, 1432, 451)",6
33,717.5,1480.0,2.0,1308.353271484375,78609.32920137102,"(1480, 717, 1481, 719)",19
33,740.5,1744.0,2.0,1300.5780029296875,78609.32920137102,"(1744, 740, 1745, 742)",57
33,1343.5,1934.0,2.0,1303.8717041015625,78609.32920137102,"(1934, 1343, 1935, 1345)",78
33,673.8333333333334,1944.0,6.0,1325.25390625,235827.98760411306,"(1942, 673, 1947, 675)",9
33,670.0,1978.0,1.0,1293.7745361328125,39304.66460068551,"(1978, 670, 1979, 671)",43
33,197.5,2023.5,2.0,1769.9332275390625,78609.32920137102,"(2023, 197, 2025, 199)",12
33,1214.3333333333333,2025.6666666666667,3.0,1334.703125,117913.99380205653,"(2025, 1214, 2027, 1216)",33
34,971.0,45.5,2.0,1298.3790283203125,78609.32920137102,"(45, 971, 47, 972)",26
34,340.5,108.5,2.0,1304.08203125,78609.32920137102,"(108, 340, 110, 342)",45
34,1551.0,288.0,1.0,1318.76513671875,39304.66460068551,"(288, 1551, 289, 1552)",0
34,905.0,567.0,1.0,1288.8310546875,39304.66460068551,"(567, 905, 568, 906)",72
34,2021.0,794.0,1.0,1321.7069091796875,39304.66460068551,"(794, 2021, 795, 2022)",1
34,1218.5,842.0,2.0,1324.7777099609375,78609.32920137102,"(842, 1218, 843, 1220)",60
34,110.23076923076923,1043.3076923076924,13.0,1311.6944580078125,510960.6398089116,"(1041, 109, 1046, 113)",18
34,966.0,1087.5,2.0,1309.70751953125,78609.32920137102,"(1087, 966, 1089, 967)",100
34,661.0,1176.0,1.0,1295.66943359375,39304.66460068551,"(1176, 661, 1177, 662)",97
34,471.5,1222.0,6.0,1333.29345703125,235827.98760411306,"(1221, 471, 1224, 473)",27
34,1690.0,1292.1666666666667,6.0,1313.939453125,235827.98760411306,"(1290, 1689, 1295, 1692)",4
34,1766.0,1347.0,1.0,1304.72705078125,39304.66460068551,"(1347, 1766, 1348, 1767)",29
34,450.5,1428.0,4.0,1328.67431640625,157218.65840274203,"(1427, 450, 1430, 452)",6
34,719.0,1478.0,1.0,1310.6622314453125,39304.66460068551,"(1478, 719, 1479, 720)",19
34,740.5,1741.0,2.0,1297.9661865234375,78609.32920137102,"(1741, 740, 1742, 742)",57
34,1345.0,1932.0,1.0,1293.6824951171875,39304.66460068551,"(1932, 1345, 1933, 1346)",78
34,675.4285714285714,1942.7142857142858,7.0,1322.1197509765625,275132.65220479853,"(1941, 675, 1946, 677)",9
34,197.5,2023.5,2.0,1690.333251953125,78609.32920137102,"(2023, 197, 2025, 199)",12
35,972.3333333333334,44.666666666666664,3.0,1330.6075439453125,117913.99380205653,"(44, 972, 46, 974)",26
35,342.0,107.5,2.0,1304.5313720703125,78609.32920137102,"(107, 342, 109, 343)",45
35,1894.0,394.0,1.0,1306.4884033203125,39304.66460068551,"(394, 1894, 395, 1895)",96
35,2022.3333333333333,793.6666666666666,3.0,1326.0318603515625,117913.99380205653,"(793, 2022, 795, 2024)",1
35,1219.5,841.5,4.0,1326.39013671875,157218.65840274203,"(841, 1219, 843, 1221)",60
35,111.0,1042.357142857143,14.0,1312.6904296875,550265.3044095971,"(1040, 110, 1045, 114)",18
35,967.0,1087.0,1.0,1315.2264404296875,39304.66460068551,"(1087, 967, 1088, 968)",100
35,194.0,1102.0,1.0,1286.97265625,39304.66460068551,"(1102, 194, 1103, 195)",106
35,662.0,1175.0,1.0,1300.837646484375,39304.66460068551,"(1175, 662, 1176, 663)",97
35,472.3333333333333,1221.3333333333333,6.0,1328.09912109375,235827.98760411306,"(1220, 472, 1224, 474)",27
35,1577.25,1269.25,4.0,1313.875732421875,157218.65840274203,"(1269, 1576, 1271, 1579)",56
35,1690.875,1292.375,8.0,1312.85595703125,314437.31680548406,"(1290, 1690, 1295, 1693)",4
35,402.0,1311.0,1.0,1338.62890625,39304.66460068551,"(1311, 402, 1312, 403)",107
35,1767.0,1346.5,2.0,1304.09033203125,78609.32920137102,"(1346, 1767, 1348, 1768)",29
35,453.5,1385.0,2.0,1332.0684814453125,78609.32920137102,"(1385, 453, 1386, 455)",5
35,535.0,1424.0,1.0,1299.9005126953125,39304.66460068551,"(1424, 535, 1425, 536)",7
35,451.5,1427.5,6.0,1330.690185546875,235827.98760411306,"(1426, 451, 1430, 453)",6
35,720.0,1478.0,3.0,1310.6507568359375,117913.99380205653,"(1478, 719, 1479, 722)",19
35,454.0,1756.0,1.0,1301.388916015625,39304.66460068551,"(1756, 454, 1757, 455)",108
35,1147.0,1928.0,1.0,1311.39501953125,39304.66460068551,"(1928, 1147, 1929, 1148)",109
35,676.25,1942.75,8.0,1321.3458251953125,314437.31680548406,"(1940, 676, 1946, 678)",9
35,702.0,2009.0,1.0,1294.9388427734375,39304.66460068551,"(2009, 702, 2010, 703)",44
35,197.5,2023.5,2.0,1805.93310546875,78609.32920137102,"(2023, 197, 2025, 199)",12
35,1217.0,2023.0,1.0,1290.0323486328125,39304.66460068551,"(2023, 1217, 2024, 1218)",33
36,971.5,47.0,4.0,1303.4635009765625,157218.65840274203,"(46, 971, 49, 973)",26
36,721.0,50.5,12.0,1329.50537109375,471655.9752082261,"(47, 720, 55, 723)",34
36,334.0,120.0,1.0,1311.996337890625,39304.66460068551,"(120, 334, 121, 335)",45
36,1547.0,289.0,1.0,1317.815185546875,39304.66460068551,"(289, 1547, 290, 1548)",0
36,647.0,484.0,1.0,1313.3531494140625,39304.66460068551,"(484, 647, 485, 648)",110
36,910.0,551.0,1.0,1288.09423828125,39304.66460068551,"(551, 910, 552, 911)",72
36,899.0,569.0,1.0,1287.598388671875,39304.66460068551,"(569, 899, 570, 900)",72
36,1140.0,597.0,1.0,1316.53662109375,39304.66460068551,"(597, 1140, 598, 1141)",111
36,2021.0,796.5,2.0,1324.4169921875,78609.32920137102,"(796, 2021, 798, 2022)",1
36,1219.0,843.5,2.0,1326.1392822265625,78609.32920137102,"(843, 1219, 845, 1220)",60
36,110.2,1044.6,15.0,1308.395263671875,589569.9690102827,"(1042, 109, 1048, 113)",18
36,683.5,1055.5,2.0,1307.795166015625,78609.32920137102,"(1055, 683, 1057, 685)",3
36,471.3333333333333,1223.3333333333333,3.0,1331.1231689453125,117913.99380205653,"(1223, 471, 1225, 473)",27
36,1579.0,1272.0,1.0,1299.3668212890625,39304.66460068551,"(1272, 1579, 1273, 1580)",56
36,1690.1666666666667,1294.0,6.0,1314.5013427734375,235827.98760411306,"(1293, 1689, 1296, 1692)",4
36,1766.5,1348.5,2.0,1300.045166015625,78609.32920137102,"(1348, 1766, 1350, 1768)",29
36,450.8333333333333,1429.0,6.0,1325.5390625,235827.98760411306,"(1428, 450, 1431, 453)",6
36,714.0,1485.5,2.0,1314.840576171875,78609.32920137102,"(1485, 714, 1487, 715)",19
36,453.0,1758.0,1.0,1296.0267333984375,39304.66460068551,"(1758, 453, 1759, 454)",108
36,675.3333333333334,1944.5,6.0,1316.093017578125,235827.98760411306,"(1942, 675, 1948, 677)",9
36,197.5,2023.5,2.0,1711.0,78609.32920137102,"(2023, 197, 2025, 199)",12
37,719.6428571428571,52.357142857142854,14.0,1343.48828125,550265.3044095971,"(49, 718, 57, 722)",34
37,969.6666666666666,49.666666666666664,3.0,1299.7127685546875,117913.99380205653,"(49, 969, 51, 971)",26
37,1545.3333333333333,291.6666666666667,3.0,1324.943115234375,117913.99380205653,"(291, 1545, 293, 1547)",0
37,464.0,379.5,2.0,1318.9852294921875,78609.32920137102,"(379, 464, 381, 465)",112
37,1891.2857142857142,399.57142857142856,7.0,1323.2369384765625,275132.65220479853,"(398, 1891, 403, 1893)",96
37,1884.0,795.0,5.0,1320.57958984375,196523.32300342753,"(795, 1882, 796, 1887)",113
37,2019.8,799.8,5.0,1325.1949462890625,196523.32300342753,"(799, 2019, 802, 2022)",1
37,1217.5,846.0,2.0,1320.3837890625,78609.32920137102,"(846, 1217, 847, 1219)",60
37,108.6,1047.2666666666667,15.0,1305.3909912109375,589569.9690102827,"(1045, 107, 1050, 111)",18
37,682.0,1058.4,5.0,1317.2509765625,196523.32300342753,"(1057, 681, 1061, 684)",3
37,452.0,1199.0,1.0,1318.4537353515625,39304.66460068551,"(1199, 452, 1200, 453)",27
37,469.75,1225.75,4.0,1329.838134765625,157218.65840274203,"(1225, 469, 1228, 471)",27
37,1575.3333333333333,1273.6666666666667,3.0,1315.5167236328125,117913.99380205653,"(1273, 1575, 1275, 1577)",56
37,1688.1666666666667,1296.8333333333333,6.0,1318.873291015625,235827.98760411306,"(1295, 1687, 1299, 1690)",4
37,1764.6666666666667,1351.6666666666667,3.0,1312.27197265625,117913.99380205653,"(1351, 1764, 1353, 1766)",29
37,449.2857142857143,1431.5714285714287,7.0,1332.9150390625,275132.65220479853,"(1430, 448, 1434, 451)",6
37,712.3333333333334,1488.3333333333333,3.0,1311.125244140625,117913.99380205653,"(1488, 712, 1490, 714)",19
37,1155.0,1523.0,1.0,1313.92236328125,39304.66460068551,"(1523, 1155, 1524, 1156)",23
37,1061.0,1736.0,1.0,1309.1112060546875,39304.66460068551,"(1736, 1061, 1737, 1062)",102
37,739.0,1745.0,1.0,1305.642822265625,39304.66460068551,"(1745, 739, 1746, 740)",57
37,451.5,1760.5,2.0,1312.076171875,78609.32920137102,"(1760, 451, 1762, 453)",108
37,336.0,1973.0,1.0,1298.9854736328125,39304.66460068551,"(1973, 336, 1974, 337)",21
37,197.5,2023.5,2.0,1832.5999755859375,78609.32920137102,"(2023, 197, 2025, 199)",12
38,719.0,51.416666666666664,12.0,1342.4793701171875,471655.9752082261,"(48, 718, 56, 721)",34
38,969.5,48.5,4.0,1308.200927734375,157218.65840274203,"(48, 969, 50, 971)",26
38,1544.3333333333333,290.6666666666667,3.0,1324.951171875,117913.99380205653,"(290, 1544, 292, 1546)",0
38,1890.75,399.625,8.0,1324.2567138671875,314437.31680548406,"(397, 1890, 403, 1892)",96
38,897.0,554.0,1.0,1288.33935546875,39304.66460068551,"(554, 897, 555, 898)",72
38,1396.6,627.2,5.0,1321.840087890625,196523.32300342753,"(626, 1395, 630, 1399)",37
38,1882.0,794.0,3.0,1322.090087890625,117913.99380205653,"(794, 1881, 795, 1884)",113
38,2019.4444444444443,799.1111111111111,9.0,1336.451416015625,353741.9814061696,"(798, 2018, 802, 2022)",1
38,107.91666666666667,1046.0833333333333,12.0,1303.75634765625,471655.9752082261,"(1044, 107, 1049, 110)",18
38,680.2941176470588,1058.6470588235295,17.0,1319.784423828125,668179.2982116536,"(1056, 677, 1062, 684)",3
38,964.5714285714286,1088.5714285714287,7.0,1306.9786376953125,275132.65220479853,"(1088, 963, 1090, 968)",100
38,450.0,1196.0,1.0,1305.0618896484375,39304.66460068551,"(1196, 450, 1197, 451)",27
38,469.0,1225.5,2.0,1322.6456298828125,78609.32920137102,"(1225, 469, 1227, 470)",27
38,1687.0,1295.5,4.0,1313.5621337890625,157218.65840274203,"(1294, 1686, 1298, 1689)",4
38,1764.5,1350.5,4.0,1311.923095703125,157218.65840274203,"(1350, 1764, 1352, 1766)",29
38,448.75,1430.25,4.0,1329.4512939453125,157218.65840274203,"(1429, 448, 1432, 450)",6
38,712.0,1487.0,7.0,1319.8955078125,275132.65220479853,"(1486, 711, 1489, 714)",19
38,1154.0,1522.0,1.0,1312.756591796875,39304.66460068551,"(1522, 1154, 1523, 1155)",23
38,246.0,1578.0,1.0,1319.062255859375,39304.66460068551,"(1578, 246, 1579, 247)",51
38,737.5,1743.5,2.0,1300.6451416015625,78609.32920137102,"(1743, 737, 1745, 739)",57
38,323.0,1975.0,1.0,1297.4783935546875,39304.66460068551,"(1975, 323, 1976, 324)",21
38,197.5,2023.5,2.0,1819.9332275390625,78609.32920137102,"(2023, 197, 2025, 199)",12
39,719.8,47.1,10.0,1337.1732177734375,393046.64600685507,"(44, 719, 51, 722)",34
39,969.6666666666666,45.666666666666664,3.0,1313.67724609375,117913.99380205653,"(45, 969, 47, 971)",26
39,332.0,122.0,1.0,1322.83935546875,39304.66460068551,"(122, 332, 123, 333)",45
39,1544.0,288.0,1.0,1306.66796875,39304.66460068551,"(288, 1544, 289, 1545)",0
39,1890.7692307692307,398.7692307692308,13.0,1325.464599609375,510960.6398089116,"(395, 1890, 405, 1893)",96
39,1397.1818181818182,624.1818181818181,11.0,1318.2452392578125,432351.3106075406,"(623, 1395, 627, 1400)",37
39,2020.0,796.5,4.0,1325.7796630859375,157218.65840274203,"(796, 2019, 798, 2022)",1
39,108.25,1042.75,8.0,1303.9376220703125,314437.31680548406,"(1040, 108, 1046, 110)",18
39,679.4444444444445,1057.1666666666667,36.0,1318.114013671875,1414967.9256246784,"(1052, 675, 1064, 685)",3
39,964.25,1085.75,8.0,1321.133056640625,314437.31680548406,"(1085, 963, 1088, 967)",100
39,1687.8,1292.8,5.0,1314.3336181640625,196523.32300342753,"(1291, 1687, 1295, 1690)",4
39,1764.75,1347.25,4.0,1305.0927734375,157218.65840274203,"(1346, 1764, 1349, 1766)",29
39,449.0,1428.5,2.0,1317.142578125,78609.32920137102,"(1428, 449, 1430, 450)",6
39,711.9166666666666,1485.0,12.0,1322.62939453125,471655.9752082261,"(1483, 710, 1489, 715)",19
39,246.0,1575.0,1.0,1305.1715087890625,39304.66460068551,"(1575, 246, 1576, 247)",51
39,451.0,1757.0,1.0,1305.696533203125,39304.66460068551,"(1757, 451, 1758, 452)",108
39,674.0,1944.0,3.0,1313.91357421875,117913.99380205653,"(1943, 674, 1946, 675)",9
39,197.5,2023.5,2.0,1719.9332275390625,78609.32920137102,"(2023, 197, 2025, 199)",12
40,720.2307692307693,45.84615384615385,13.0,1337.5189208984375,510960.6398089116,"(42, 719, 51, 723)",34
40,970.5,43.5,4.0,1309.64599609375,157218.65840274203,"(43, 970, 45, 972)",26
40,336.0,110.0,1.0,1310.43798828125,39304.66460068551,"(110, 336, 111, 337)",45
40,303.0,263.0,1.0,1309.82470703125,39304.66460068551,"(263, 303, 264, 304)",114
40,487.6666666666667,276.0,3.0,1325.8433837890625,117913.99380205653,"(275, 487, 278, 489)",115
40,1891.6666666666667,397.1666666666667,12.0,1324.23388671875,471655.9752082261,"(392, 1891, 403, 1893)",96
40,1123.0,729.0,1.0,1324.08056640625,39304.66460068551,"(729, 1123, 730, 1124)",116
40,1218.0,841.0,1.0,1309.697021484375,39304.66460068551,"(841, 1218, 842, 1219)",60
40,108.77777777777777,1040.0,9.0,1309.467041015625,353741.9814061696,"(1038, 108, 1043, 111)",18
40,679.8888888888889,1055.388888888889,36.0,1322.930908203125,1414967.9256246784,"(1050, 675, 1062, 686)",3
40,965.3,1084.0,10.0,1321.806884765625,393046.64600685507,"(1082, 964, 1087, 968)",100
40,477.0,1120.0,1.0,1315.317626953125,39304.66460068551,"(1120, 477, 1121, 478)",117
40,451.5,1192.5,2.0,1313.6314697265625,78609.32920137102,"(1192, 451, 1194, 453)",27
40,1688.6,1290.8,5.0,1313.93798828125,196523.32300342753,"(1290, 1688, 1293, 1690)",4
40,1765.8333333333333,1345.3333333333333,6.0,1305.68603515625,235827.98760411306,"(1344, 1765, 1347, 1768)",29
40,712.1666666666666,1483.1666666666667,12.0,1323.799560546875,471655.9752082261,"(1481, 710, 1487, 715)",19
40,1156.0,1517.0,1.0,1299.145751953125,39304.66460068551,"(1517, 1156, 1518, 1157)",23
40,247.5,1573.0,2.0,1337.54443359375,78609.32920137102,"(1573, 247, 1574, 249)",51
40,451.3333333333333,1755.3333333333333,3.0,1308.85400390625,117913.99380205653,"(1755, 451, 1757, 453)",108
40,669.0,1975.0,1.0,1291.379150390625,39304.66460068551,"(1975, 669, 1976, 670)",43
40,673.0,2002.0,1.0,1298.5836181640625,39304.66460068551,"(2002, 673, 2003, 674)",67
40,197.5,2023.5,2.0,1674.5999755859375,78609.32920137102,"(2023, 197, 2025, 199)",12
41,721.7777777777778,44.44444444444444,9.0,1330.646240234375,353741.9814061696,"(42, 721, 47, 724)",34
41,971.5,43.5,4.0,1332.958740234375,157218.65840274203,"(43, 971, 45, 973)",26
41,487.77777777777777,277.44444444444446,9.0,1328.87939453125,353741.9814061696,"(274, 486, 281, 490)",115
41,1398.5,622.4230769230769,26.0,1314.06884765625,1021921.2796178232,"(620, 1395, 627, 1402)",37
41,1123.5,728.5,2.0,1326.021240234375,78609.32920137102,"(728, 1123, 730, 1125)",116
41,1219.3333333333333,840.3333333333334,3.0,1321.00634765625,117913.99380205653,"(840, 1219, 842, 1221)",60
41,109.77777777777777,1040.0,9.0,1311.366455078125,353741.9814061696,"(1038, 109, 1043, 112)",18
41,679.5238095238095,1056.6190476190477,42.0,1317.2647705078125,1650795.9132287914,"(1051, 674, 1063, 686)",3
41,965.8333333333334,1082.8333333333333,6.0,1316.9010009765625,235827.98760411306,"(1082, 964, 1085, 969)",100
41,478.0,1120.0,1.0,1308.8980712890625,39304.66460068551,"(1120, 478, 1121, 479)",117
41,452.5,1192.5,2.0,1315.52392578125,78609.32920137102,"(1192, 452, 1194, 454)",27
41,440.0,1210.0,1.0,1300.01171875,39304.66460068551,"(1210, 440, 1211, 441)",27
41,1577.5,1268.5,2.0,1304.688720703125,78609.32920137102,"(1268, 1577, 1270, 1579)",56
41,1689.5,1290.25,8.0,1316.77099609375,314437.31680548406,"(1288, 1688, 1293, 1692)",4
41,1766.5,1345.0,6.0,1306.013916015625,235827.98760411306,"(1344, 1766, 1347, 1768)",29
41,451.0,1426.0,1.0,1307.0792236328125,39304.66460068551,"(1426, 451, 1427, 452)",6
41,713.3333333333334,1482.888888888889,9.0,1323.136962890625,353741.9814061696,"(1481, 712, 1487, 716)",19
41,247.5,1573.0,2.0,1337.86962890625,78609.32920137102,"(1573, 247, 1574, 249)",51
41,451.6666666666667,1755.6666666666667,3.0,1308.196533203125,117913.99380205653,"(1755, 451, 1757, 453)",108
41,674.0,2002.0,1.0,1305.052490234375,39304.66460068551,"(2002, 674, 2003, 675)",67
41,197.5,2023.5,2.0,1702.5999755859375,78609.32920137102,"(2023, 197, 2025, 199)",12
42,973.0,43.5,2.0,1307.8408203125,78609.32920137102,"(43, 973, 45, 974)",26
42,723.0,45.0,4.0,1317.768798828125,157218.65840274203,"(44, 722, 47, 725)",34
42,336.0,118.0,1.0,1312.103271484375,39304.66460068551,"(118, 336, 119, 337)",45
42,1293.0,263.0,1.0,1296.589111328125,39304.66460068551,"(263, 1293, 264, 1294)",118
42,489.2307692307692,278.15384615384613,13.0,1327.9879150390625,510960.6398089116,"(274, 488, 283, 492)",115
42,913.0,547.0,1.0,1293.01513671875,39304.66460068551,"(547, 913, 548, 914)",72
42,1300.0,583.0,1.0,1327.72314453125,39304.66460068551,"(583, 1300, 584, 1301)",119
42,1399.5,623.09375,32.0,1320.680908203125,1257749.2672219363,"(620, 1396, 627, 1403)",37
42,1449.0,625.0,1.0,1308.158447265625,39304.66460068551,"(625, 1449, 626, 1450)",120
42,1124.6666666666667,728.3333333333334,3.0,1331.58837890625,117913.99380205653,"(728, 1124, 730, 1126)",116
42,1221.0,840.5,2.0,1325.896484375,78609.32920137102,"(840, 1221, 842, 1222)",60
42,681.02,1056.96,50.0,1319.78076171875,1965233.2300342754,"(1050, 674, 1064, 688)",3
42,480.0,1120.0,1.0,1310.38232421875,39304.66460068551,"(1120, 480, 1121, 481)",117
42,454.0,1192.6666666666667,3.0,1310.7265625,117913.99380205653,"(1192, 453, 1194, 456)",27
42,1691.0,1290.25,4.0,1310.1705322265625,157218.65840274203,"(1289, 1690, 1292, 1693)",4
42,1768.1666666666667,1345.3333333333333,6.0,1305.722900390625,235827.98760411306,"(1344, 1767, 1347, 1770)",29
42,716.0,1482.0,3.0,1314.96240234375,117913.99380205653,"(1482, 715, 1483, 718)",19
42,249.0,1573.0,1.0,1339.451416015625,39304.66460068551,"(1573, 249, 1574, 250)",51
42,1794.0,1750.0,1.0,1309.90576171875,39304.66460068551,"(1750, 1794, 1751, 1795)",121
42,453.5,1756.0,2.0,1304.4521484375,78609.32920137102,"(1756, 453, 1757, 455)",108
42,1322.0,1929.0,1.0,1303.6048583984375,39304.66460068551,"(1929, 1322, 1930, 1323)",8
42,197.5,2023.5,2.0,1735.9332275390625,78609.32920137102,"(2023, 197, 2025, 199)",12
43,724.0,46.0,1.0,1296.1353759765625,39304.66460068551,"(46, 724, 47, 725)",34
43,491.2,276.6,10.0,1338.4005126953125,393046.64600685507,"(273, 490, 281, 494)",115
43,468.0,376.0,1.0,1304.635009765625,39304.66460068551,"(376, 468, 377, 469)",112
43,1126.3333333333333,728.6666666666666,3.0,1328.2423095703125,117913.99380205653,"(728, 1126, 730, 1128)",116
43,2023.0625,795.4375,16.0,1336.09423828125,628874.6336109681,"(793, 2019, 800, 2027)",1
43,1222.3333333333333,840.3333333333334,3.0,1321.738037109375,117913.99380205653,"(840, 1222, 842, 1224)",60
43,1043.0,1016.0,1.0,1340.706787109375,39304.66460068551,"(1016, 1043, 1017, 1044)",122
43,112.5,1039.0,4.0,1304.3240966796875,157218.65840274203,"(1038, 112, 1041, 114)",18
43,682.1186440677966,1057.1186440677966,59.0,1319.198486328125,2318975.211440445,"(1050, 675, 1065, 690)",3
43,481.0,1120.0,1.0,1309.58447265625,39304.66460068551,"(1120, 481, 1121, 482)",117
43,456.0,1192.0,1.0,1296.964599609375,39304.66460068551,"(1192, 456, 1193, 457)",27
43,471.5,1218.0,2.0,1289.44970703125,78609.32920137102,"(1218, 471, 1219, 473)",27
43,1769.5,1345.0,4.0,1305.697509765625,157218.65840274203,"(1344, 1769, 1347, 1771)",29
43,454.0,1426.0,1.0,1324.666259765625,39304.66460068551,"(1426, 454, 1427, 455)",6
43,1144.5,1515.5,2.0,1325.98779296875,78609.32920137102,"(1515, 1144, 1517, 1146)",23
43,250.5,1573.0,2.0,1331.74072265625,78609.32920137102,"(1573, 250, 1574, 252)",51
43,454.5,1756.0,4.0,1313.2901611328125,157218.65840274203,"(1755, 454, 1758, 456)",108
43,1324.0,1929.0,1.0,1305.5419921875,39304.66460068551,"(1929, 1324, 1930, 1325)",8
43,197.5,2023.5,2.0,1698.5999755859375,78609.32920137102,"(2023, 197, 2025, 199)",12
44,975.0,43.0,1.0,1290.835693359375,39304.66460068551,"(43, 975, 44, 976)",26
44,338.0,116.0,1.0,1313.144775390625,39304.66460068551,"(116, 338, 117, 339)",45
44,469.0,376.0,1.0,1311.34228515625,39304.66460068551,"(376, 469, 377, 470)",112
44,1402.204081632653,623.3061224489796,49.0,1320.0152587890625,1925928.56543359,"(619, 1396, 628, 1407)",37
44,1127.0,728.5,2.0,1325.8406982421875,78609.32920137102,"(728, 1127, 730, 1128)",116
44,2024.05,794.75,20.0,1334.4091796875,786093.2920137101,"(792, 2020, 799, 2029)",1
44,1223.0,840.0,1.0,1321.0601806640625,39304.66460068551,"(840, 1223, 841, 1224)",60
44,113.0,1039.0,1.0,1304.65478515625,39304.66460068551,"(1039, 113, 1040, 114)",18
44,682.6190476190476,1057.1746031746031,63.0,1319.9107666015625,2476193.869843187,"(1050, 675, 1065, 691)",3
44,969.1428571428571,1082.857142857143,7.0,1316.0968017578125,275132.65220479853,"(1082, 968, 1085, 972)",100
44,482.0,1120.0,1.0,1308.808349609375,39304.66460068551,"(1120, 482, 1121, 483)",117
44,456.0,1192.0,3.0,1315.6004638671875,117913.99380205653,"(1191, 455, 1194, 458)",27
44,1693.5,1290.5,6.0,1313.06640625,235827.98760411306,"(1289, 1693, 1293, 1695)",4
44,1770.5,1344.5,4.0,1303.92333984375,157218.65840274203,"(1344, 1770, 1346, 1772)",29
44,455.0,1425.0,1.0,1308.677734375,39304.66460068551,"(1425, 455, 1426, 456)",6
44,1145.5,1515.5,2.0,1331.01318359375,78609.32920137102,"(1515, 1145, 1517, 1147)",23
44,251.0,1573.0,1.0,1304.994384765625,39304.66460068551,"(1573, 251, 1574, 252)",51
44,745.0,1739.0,3.0,1301.598388671875,117913.99380205653,"(1739, 744, 1740, 747)",57
44,455.2,1755.6,5.0,1312.9619140625,196523.32300342753,"(1755, 454, 1757, 457)",108
44,89.26666666666667,1853.0,15.0,1311.211669921875,589569.9690102827,"(1852, 85, 1856, 94)",42
44,341.0,1967.0,1.0,1298.202392578125,39304.66460068551,"(1967, 341, 1968, 342)",21
44,197.5,2023.5,2.0,1712.3333740234375,78609.32920137102,"(2023, 197, 2025, 199)",12
45,492.0,274.0,1.0,1294.3046875,39304.66460068551,"(274, 492, 275, 493)",115
45,468.0,376.0,1.0,1314.341064453125,39304.66460068551,"(376, 468, 377, 469)",112
45,1895.5714285714287,394.2857142857143,7.0,1318.2435302734375,275132.65220479853,"(393, 1895, 397, 1897)",96
45,2023.0434782608695,795.0,23.0,1329.2701416015625,904007.2858157667,"(792, 2018, 800, 2028)",1
45,681.0,1058.1454545454546,55.0,1319.4483642578125,2161756.553037703,"(1051, 675, 1065, 689)",3
45,969.0,1083.0,5.0,1314.1314697265625,196523.32300342753,"(1082, 967, 1085, 972)",100
45,455.0,1192.0,1.0,1312.219482421875,39304.66460068551,"(1192, 455, 1193, 456)",27
45,1581.0,1269.0,1.0,1300.669189453125,39304.66460068551,"(1269, 1581, 1270, 1582)",56
45,1692.4444444444443,1290.5555555555557,9.0,1313.71240234375,353741.9814061696,"(1289, 1691, 1293, 1695)",4
45,1769.5,1345.0,4.0,1306.3526611328125,157218.65840274203,"(1344, 1769, 1347, 1771)",29
45,1145.0,1516.0,1.0,1317.536376953125,39304.66460068551,"(1516, 1145, 1517, 1146)",23
45,250.0,1573.0,1.0,1314.471923828125,39304.66460068551,"(1573, 250, 1574, 251)",51
45,454.5,1756.0,4.0,1312.97900390625,157218.65840274203,"(1755, 454, 1758, 456)",108
45,197.5,2023.5,2.0,1715.9332275390625,78609.32920137102,"(2023, 197, 2025, 199)",12
46,489.6666666666667,277.0,3.0,1314.6644287109375,117913.99380205653,"(276, 489, 279, 491)",115
46,467.0,376.0,1.0,1316.6263427734375,39304.66460068551,"(376, 467, 377, 468)",112
46,1893.8181818181818,394.72727272727275,11.0,1312.7548828125,432351.3106075406,"(392, 1893, 398, 1896)",96
46,2021.88,795.08,25.0,1329.33935546875,982616.6150171377,"(792, 2017, 800, 2027)",1
46,678.1818181818181,1059.9772727272727,44.0,1319.79150390625,1729405.2424301624,"(1054, 673, 1066, 685)",3
46,967.5,1083.25,4.0,1316.573974609375,157218.65840274203,"(1083, 966, 1085, 970)",100
46,453.5,1192.5,2.0,1299.387939453125,78609.32920137102,"(1192, 453, 1194, 455)",27
46,1691.3333333333333,1290.5,6.0,1314.4813232421875,235827.98760411306,"(1289, 1691, 1293, 1693)",4
46,870.0,1305.0,1.0,1287.35498046875,39304.66460068551,"(1305, 870, 1306, 871)",123
46,1768.0,1345.0,1.0,1303.364013671875,39304.66460068551,"(1345, 1768, 1346, 1769)",29
46,226.0,1432.0,1.0,1292.848388671875,39304.66460068551,"(1432, 226, 1433, 227)",90
46,1067.0,1728.0,1.0,1324.81396484375,39304.66460068551,"(1728, 1067, 1729, 1068)",102
46,453.0,1756.1666666666667,6.0,1311.525390625,235827.98760411306,"(1755, 452, 1758, 455)",108
46,338.5,1966.5,2.0,1305.404296875,78609.32920137102,"(1966, 338, 1968, 340)",21
46,197.5,2023.5,2.0,1713.2666015625,78609.32920137102,"(2023, 197, 2025, 199)",12
47,335.0,115.0,1.0,1297.5302734375,39304.66460068551,"(115, 335, 116, 336)",45
47,1439.0,260.0,1.0,1310.804443359375,39304.66460068551,"(260, 1439, 261, 1440)",124
47,487.5,279.5,2.0,1308.4603271484375,78609.32920137102,"(279, 487, 281, 489)",115
47,1893.25,395.0,4.0,1313.6005859375,157218.65840274203,"(394, 1892, 397, 1895)",96
47,34.6,481.4,5.0,1338.934814453125,196523.32300342753,"(481, 33, 483, 37)",125
47,1399.625,623.40625,32.0,1320.0118408203125,1257749.2672219363,"(619, 1394, 628, 1403)",37
47,2021.36,794.44,25.0,1328.6824951171875,982616.6150171377,"(791, 2017, 799, 2027)",1
47,110.0,1038.0,1.0,1301.512451171875,39304.66460068551,"(1038, 110, 1039, 111)",18
47,662.5,1173.0,2.0,1297.869140625,78609.32920137102,"(1173, 662, 1174, 664)",97
47,453.0,1191.0,1.0,1300.015625,39304.66460068551,"(1191, 453, 1192, 454)",27
47,1577.0,1267.0,1.0,1296.1180419921875,39304.66460068551,"(1267, 1577, 1268, 1578)",56
47,1691.0,1290.25,4.0,1314.47607421875,157218.65840274203,"(1289, 1690, 1292, 1693)",4
47,452.0,1425.0,1.0,1289.537353515625,39304.66460068551,"(1425, 452, 1426, 453)",6
47,1158.0,1517.5,2.0,1314.1937255859375,78609.32920137102,"(1517, 1158, 1519, 1159)",23
47,733.0,1721.0,1.0,1307.8389892578125,39304.66460068551,"(1721, 733, 1722, 734)",126
47,1066.3333333333333,1727.5,6.0,1327.4962158203125,235827.98760411306,"(1726, 1065, 1730, 1068)",102
47,751.0,1736.0,1.0,1290.1304931640625,39304.66460068551,"(1736, 751, 1737, 752)",57
47,452.2,1756.2,5.0,1316.198974609375,196523.32300342753,"(1755, 451, 1758, 454)",108
47,337.6666666666667,1966.3333333333333,3.0,1311.708251953125,117913.99380205653,"(1966, 337, 1968, 339)",21
47,197.5,2023.5,2.0,1851.2666015625,78609.32920137102,"(2023, 197, 2025, 199)",12
48,724.0,42.0,1.0,1289.8941650390625,39304.66460068551,"(42, 724, 43, 725)",34
48,334.0,115.5,2.0,1322.9310302734375,78609.32920137102,"(115, 334, 117, 335)",45
48,465.5,374.5,2.0,1319.7470703125,78609.32920137102,"(374, 465, 376, 467)",112
48,1893.0,393.0,1.0,1306.552734375,39304.66460068551,"(393, 1893, 394, 1894)",96
48,34.5,481.0,2.0,1335.921630859375,78609.32920137102,"(481, 34, 482, 36)",125
48,1399.342105263158,622.078947368421,38.0,1317.964111328125,1493577.2548260493,"(618, 1394, 627, 1403)",37
48,2020.2692307692307,794.3076923076923,26.0,1328.229248046875,1021921.2796178232,"(791, 2016, 799, 2026)",1
48,110.0,1038.0,1.0,1301.20361328125,39304.66460068551,"(1038, 110, 1039, 111)",18
48,968.1,1083.2,10.0,1317.2508544921875,393046.64600685507,"(1082, 965, 1086, 973)",100
48,662.3333333333334,1172.6666666666667,3.0,1299.293212890625,117913.99380205653,"(1172, 662, 1174, 664)",97
48,1690.625,1289.75,8.0,1312.1820068359375,314437.31680548406,"(1288, 1690, 1292, 1693)",4
48,1054.0,1320.0,1.0,1331.9735107421875,39304.66460068551,"(1320, 1054, 1321, 1055)",127
48,452.0,1424.5,2.0,1323.4659423828125,78609.32920137102,"(1424, 452, 1426, 453)",6
48,1157.5,1516.5,4.0,1317.45458984375,157218.65840274203,"(1516, 1157, 1518, 1159)",23
48,0.0,1587.0,1.0,1319.28857421875,39304.66460068551,"(1587, 0, 1588, 1)",128
48,733.0,1720.0,1.0,1306.42529296875,39304.66460068551,"(1720, 733, 1721, 734)",126
48,1066.0,1727.8333333333333,6.0,1327.8216552734375,235827.98760411306,"(1727, 1065, 1730, 1068)",102
48,451.5,1755.5,2.0,1309.2017822265625,78609.32920137102,"(1755, 451, 1757, 453)",108
48,78.0,1846.0,1.0,1292.1866455078125,39304.66460068551,"(1846, 78, 1847, 79)",42
48,132.0,1906.0,1.0,1326.95556640625,39304.66460068551,"(1906, 132, 1907, 133)",129
48,1590.0,1928.0,1.0,1319.7725830078125,39304.66460068551,"(1928, 1590, 1929, 1591)",91
48,336.875,1965.0,8.0,1305.737548828125,314437.31680548406,"(1963, 336, 1968, 339)",21
48,197.5,2023.5,2.0,1669.9332275390625,78609.32920137102,"(2023, 197, 2025, 199)",12
49,723.6666666666666,42.333333333333336,3.0,1322.748779296875,117913.99380205653,"(42, 723, 44, 725)",34
49,466.0,375.0,1.0,1298.064453125,39304.66460068551,"(375, 466, 376, 467)",112
49,1893.4,393.8,5.0,1311.996337890625,196523.32300342753,"(393, 1893, 396, 1895)",96
49,35.25,481.25,4.0,1339.471923828125,157218.65840274203,"(481, 34, 483, 37)",125
49,1399.3902439024391,622.0,41.0,1320.006103515625,1611491.2486281057,"(619, 1394, 628, 1403)",37
49,2020.9615384615386,794.3846153846154,26.0,1327.7244873046875,1021921.2796178232,"(791, 2016, 799, 2026)",1
49,967.25,1083.25,4.0,1317.239013671875,157218.65840274203,"(1083, 966, 1085, 969)",100
49,662.5,1173.5,4.0,1305.80712890625,157218.65840274203,"(1173, 662, 1175, 664)",97
49,453.0,1424.0,1.0,1325.176025390625,39304.66460068551,"(1424, 453, 1425, 454)",6
49,1157.6666666666667,1517.3333333333333,3.0,1316.7779541015625,117913.99380205653,"(1517, 1157, 1519, 1159)",23
49,732.5,1719.5,2.0,1314.30224609375,78609.32920137102,"(1719, 732, 1721, 734)",126
49,1066.2,1728.6,5.0,1324.8118896484375,196523.32300342753,"(1728, 1065, 1730, 1068)",102
49,751.0,1736.0,1.0,1291.1226806640625,39304.66460068551,"(1736, 751, 1737, 752)",57
49,1591.0,1911.0,1.0,1324.544921875,39304.66460068551,"(1911, 1591, 1912, 1592)",130
49,197.5,2023.5,2.0,1591.0,78609.32920137102,"(2023, 197, 2025, 199)",12
