frame,x,y,area_px,intensity,area_km2
0,333.6666666666667,0.3333333333333333,3.0,4679.8115234375,103954.8717643702
0,1230.0,0.0,1.0,4291.9462890625,34651.62392145673
0,1213.0,132.66666666666666,3.0,3921.7958984375,103954.8717643702
0,204.0,133.0,1.0,3831.822265625,34651.62392145673
0,33.0,189.0,1.0,3921.7958984375,34651.62392145673
0,1725.5714285714287,394.42857142857144,7.0,5084.92578125,242561.3674501971
0,1840.0,462.0,1.0,3831.822265625,34651.62392145673
0,659.0,512.0,1.0,3921.7958984375,34651.62392145673
0,1355.3333333333333,724.1111111111111,9.0,5945.0361328125,311864.6152931106
0,850.5,911.5,2.0,3921.7958984375,69303.24784291346
0,62.5,1003.5,2.0,3831.822265625,69303.24784291346
0,726.0,1133.5,2.0,3831.822265625,69303.24784291346
0,31.428571428571427,1292.6571428571428,70.0,15595.990234375,2425613.6745019713
0,303.0,1280.0,3.0,4484.013671875,103954.8717643702
1,333.6,0.8,5.0,6056.455078125,173258.11960728368
1,1234.0,21.0,1.0,3831.822265625,34651.62392145673
1,158.625,195.375,8.0,4881.203125,277212.99137165386
1,689.0,545.5,2.0,3831.822265625,69303.24784291346
1,1355.5714285714287,722.7142857142857,7.0,4981.8994140625,242561.3674501971
1,852.0,911.0,3.0,7113.76123046875,103954.8717643702
1,1402.6666666666667,946.3333333333334,3.0,4105.4716796875,103954.8717643702
1,62.25,1003.75,4.0,4013.16796875,138606.49568582693
1,1013.0,1007.5,2.0,3831.822265625,69303.24784291346
1,726.25,1133.5,4.0,4105.4716796875,138606.49568582693
1,31.37837837837838,1292.4324324324325,74.0,13839.8720703125,2564220.1701877983
1,1820.3846153846155,2026.0,13.0,9764.953125,450471.11097893753
2,333.1111111111111,1.7777777777777777,9.0,9341.0048828125,311864.6152931106
2,157.6,195.8,15.0,6633.490234375,519774.35882185097
2,685.0,545.0,1.0,3831.931640625,34651.62392145673
2,851.5,911.0,2.0,4679.734375,69303.24784291346
2,1402.0,946.0,1.0,3921.7431640625,34651.62392145673
2,1012.0,1008.5,2.0,4484.1240234375,69303.24784291346
2,31.126984126984127,1288.5238095238096,63.0,18230.00390625,2183052.307051774
2,296.0,1293.0,1.0,4198.2314453125,34651.62392145673
2,267.73214285714283,1996.9375,112.0,5506.3779296875,3880981.879203154
2,1819.7,2026.7,10.0,7864.99072265625,346516.23921456735
3,332.8,1.3,10.0,8255.447265625,346516.23921456735
3,1402.0,947.0,1.0,3831.822265625,34651.62392145673
3,725.6666666666666,1134.3333333333333,3.0,3921.7958984375,103954.8717643702
3,30.369565217391305,1289.1521739130435,46.0,16327.43359375,1593974.7003870097
3,266.99038461538464,1996.7403846153845,104.0,5614.9775390625,3603768.8878315003
4,1121.0,6.0,3.0,5085.0625,103954.8717643702
4,750.5,6.0,2.0,4679.734375,69303.24784291346
4,22.0,185.0,1.0,3831.931640625,34651.62392145673
4,1550.0,247.0,1.0,4679.734375,34651.62392145673
4,1609.271536034943,347.5748604707595,4121.0,9341.0048828125,142799342.18032318
4,683.0,545.0,1.0,3831.931640625,34651.62392145673
4,1401.0,947.0,1.0,3921.7431640625,34651.62392145673
4,859.9252158894645,1164.5582037996546,5790.0,10053.384765625,200632902.50523448
4,726.0,1135.0,1.0,4012.9658203125,34651.62392145673
4,30.365853658536587,1285.1951219512196,41.0,18035.333984375,1420716.580779726
4,266.39622641509436,1996.4245283018868,106.0,5833.6494140625,3673072.1356744138
5,331.42857142857144,1.2857142857142858,7.0,5833.9404296875,242561.3674501971
5,751.0,3.0,1.0,3832.0849609375,34651.62392145673
5,1121.0,5.0,3.0,5506.5126953125,103954.8717643702
5,23.0,183.0,1.0,3921.6728515625,34651.62392145673
5,683.0,543.0,1.0,4292.302734375,34651.62392145673
5,640.0,607.0,1.0,3832.0849609375,34651.62392145673
5,57.0,1002.0,1.0,3832.0849609375,34651.62392145673
5,29.511111111111113,1286.0444444444445,45.0,16143.357421875,1559323.076465553
5,266.1926605504587,1994.8440366972477,109.0,5833.9404296875,3777027.007438784
5,1818.0,2027.5,2.0,5399.189453125,69303.24784291346
6,1119.4,6.2,5.0,5084.9111328125,173258.11960728368
6,1223.0,20.0,1.0,4105.6650390625,34651.62392145673
6,21.0,181.0,1.0,4105.6650390625,34651.62392145673
6,1723.0,389.0,1.0,3831.9814453125,34651.62392145673
6,113.0,479.0,1.0,3831.9814453125,34651.62392145673
6,1419.0,684.0,1.0,3831.9814453125,34651.62392145673
6,97.0,901.0,1.0,3831.9814453125,34651.62392145673
6,1399.0,945.0,1.0,3921.755859375,34651.62392145673
6,790.5,1159.0,2.0,4013.2744140625,69303.24784291346
6,27.210526315789473,1287.9473684210527,38.0,12836.08203125,1316761.709015356
6,264.0,1994.0891089108911,101.0,5506.33203125,3499814.01606713
7,331.6666666666667,1.3333333333333333,9.0,8255.6376953125,311864.6152931106
7,1120.5,8.5,6.0,5292.9287109375,207909.7435287404
7,152.0,193.0,1.0,3921.861328125,34651.62392145673
7,1728.0,379.5,2.0,4484.16015625,69303.24784291346
7,1748.6666666666667,415.3333333333333,3.0,6399.9560546875,103954.8717643702
7,84.0,916.0,1.0,3921.861328125,34651.62392145673
7,39.0,923.8181818181819,11.0,4582.193359375,381167.86313602404
7,0.5,943.0,2.0,4105.4404296875,69303.24784291346
7,1400.3333333333333,946.6666666666666,3.0,4292.2578125,103954.8717643702
7,27.8,1290.6857142857143,35.0,10493.73828125,1212806.8372509857
7,264.68518518518516,1995.1944444444443,108.0,5944.9375,3742375.3835173273
8,1215.0,47.0,1.0,3832.05810546875,34651.62392145673
8,1208.258064516129,128.5483870967742,31.0,4387.39404296875,1074200.3415651587
8,165.5,148.0,4.0,5085.212890625,138606.49568582693
8,1401.6,946.0,5.0,4582.0048828125,173258.11960728368
8,669.0,975.0,1.0,3921.7177734375,34651.62392145673
8,57.0,1010.0,1.0,3832.05810546875,34651.62392145673
8,832.0,1198.0,1.0,3921.7177734375,34651.62392145673
8,29.38888888888889,1289.5,36.0,14881.0908203125,1247458.4611724424
8,266.1981132075472,1995.3207547169811,106.0,5615.18017578125,3673072.1356744138
9,695.0,54.0,1.0,4013.0947265625,34651.62392145673
9,205.0,125.0,1.0,3831.9638671875,34651.62392145673
9,1209.325,129.525,40.0,4292.17578125,1386064.9568582694
9,166.5,149.5,4.0,4780.37255859375,138606.49568582693
9,1860.0,456.0,1.0,3921.751953125,34651.62392145673
9,549.0,748.0,1.0,3921.751953125,34651.62392145673
9,670.0,976.0,1.0,3921.751953125,34651.62392145673
9,29.966666666666665,1292.1666666666667,30.0,13501.8408203125,1039548.7176437019
9,266.8796296296296,1996.3703703703704,108.0,5506.44873046875,3742375.3835173273
9,1819.0,2028.5,2.0,5399.169921875,69303.24784291346
10,1233.0,22.0,1.0,3831.85107421875,34651.62392145673
10,695.0,53.0,1.0,4198.22119140625,34651.62392145673
10,1209.3902439024391,129.2439024390244,41.0,4483.97607421875,1420716.580779726
10,25.0,185.5,2.0,4013.06982421875,69303.24784291346
10,86.0,188.5,2.0,4292.27099609375,69303.24784291346
10,112.0,781.0,1.0,3831.85107421875,34651.62392145673
10,726.0,1133.0,1.0,3831.85107421875,34651.62392145673
10,30.137931034482758,1292.6206896551723,29.0,12349.126953125,1004897.0937222452
10,299.0,1290.0,1.0,4105.80908203125,34651.62392145673
10,267.12380952380954,1996.047619047619,105.0,5506.4033203125,3638420.511752957
10,1819.0,2028.0,3.0,5293.06982421875,103954.8717643702
11,1233.0,21.0,1.0,3831.7900390625,34651.62392145673
11,24.0,182.5,2.0,4198.2099609375,69303.24784291346
11,86.0,188.5,2.0,3921.9345703125,69303.24784291346
11,748.9285714285714,516.1428571428571,14.0,4012.9140625,485122.7349003942
11,1446.6666666666667,714.6666666666666,3.0,4012.9140625,103954.8717643702
11,58.0,1006.0,1.0,3921.9345703125,34651.62392145673
11,30.033333333333335,1292.7,30.0,7993.86767578125,1039548.7176437019
11,267.0990099009901,1995.7821782178219,101.0,5398.8818359375,3499814.01606713
11,1819.0,2028.0,1.0,4484.083984375,34651.62392145673
12,1233.0,20.5,2.0,3921.6728515625,69303.24784291346
12,1650.0,504.0,1.0,3832.0849609375,34651.62392145673
12,657.5,510.7142857142857,14.0,4387.34765625,485122.7349003942
12,748.2222222222222,516.2222222222222,9.0,4013.080078125,311864.6152931106
12,681.0,554.0,1.0,3832.0849609375,34651.62392145673
12,1447.25,715.25,8.0,6870.7939453125,277212.99137165386
12,548.0,747.0,1.0,4105.8505859375,34651.62392145673
12,725.5,1133.5,2.0,3921.6728515625,69303.24784291346
12,29.771428571428572,1292.5714285714287,35.0,11403.390625,1212806.8372509857
12,266.5806451612903,1996.0645161290322,93.0,5506.5126953125,3222601.024695476
13,351.3333333333333,4.5,6.0,4198.181640625,207909.7435287404
13,1232.0,21.0,1.0,3922.00439453125,34651.62392145673
13,1214.0,65.0,1.0,4012.94873046875,34651.62392145673
13,1644.0,510.0,1.0,3832.06298828125,34651.62392145673
13,1446.8333333333333,714.8333333333334,6.0,6056.52587890625,207909.7435287404
13,799.0,1185.0,1.0,3832.06298828125,34651.62392145673
13,28.914285714285715,1293.942857142857,35.0,9765.1904296875,1212806.8372509857
13,265.75,1995.5625,96.0,5293.19384765625,3326555.8964598463
14,1231.0,20.5,2.0,3832.0341796875,69303.24784291346
14,1213.5,64.5,2.0,4012.94482421875,69303.24784291346
14,1206.9333333333334,127.96666666666667,30.0,4881.1884765625,1039548.7176437019
14,1860.25,448.375,8.0,3921.68603515625,277212.99137165386
14,747.9090909090909,515.0,11.0,4198.3544921875,381167.86313602404
14,979.3207140393239,817.7406864436012,11596.0,13839.970703125,401820230.9932123
14,289.0,876.0,1.0,3832.0341796875,34651.62392145673
14,669.0,975.0,1.0,3832.0341796875,34651.62392145673
14,55.0,1007.0,1.0,3832.0341796875,34651.62392145673
14,725.5,1132.5,2.0,3921.68603515625,69303.24784291346
14,28.733333333333334,1291.1,30.0,7113.814453125,1039548.7176437019
14,265.0421052631579,1995.2421052631578,95.0,5506.50390625,3291904.2725383895
15,1212.3333333333333,64.33333333333333,3.0,4013.2216796875,103954.8717643702
15,655.9375,509.8125,16.0,4387.279296875,554425.9827433077
15,547.0,746.5,2.0,3921.9990234375,69303.24784291346
15,797.0,1186.0,1.0,4013.2216796875,34651.62392145673
15,264.468085106383,1995.0851063829787,94.0,5293.0869140625,3257252.648616933
16,1120.0,6.0,1.0,4387.5068359375,34651.62392145673
16,1231.0,20.0,1.0,4012.90625,34651.62392145673
16,175.0,63.0,1.0,4105.525390625,34651.62392145673
16,1212.0,65.0,1.0,3831.7958984375,34651.62392145673
16,1469.0,375.0,3.0,5084.8955078125,103954.8717643702
16,747.7,514.6,10.0,4012.90625,346516.23921456735
16,679.0,552.0,1.0,3831.7958984375,34651.62392145673
16,547.3333333333334,746.3333333333334,3.0,4105.525390625,103954.8717643702
16,59.0,1004.6666666666666,3.0,3921.6640625,103954.8717643702
16,27.72222222222222,1295.388888888889,18.0,6170.640625,623729.2305862212
16,264.25555555555553,1994.8,90.0,5398.9736328125,3118646.152931106
17,695.0,57.0,1.0,3831.7880859375,34651.62392145673
17,1212.0,65.0,1.0,3831.7880859375,34651.62392145673
17,31.0,190.5,2.0,4105.486328125,69303.24784291346
17,680.0,552.0,1.0,3921.77734375,34651.62392145673
17,643.6,612.2,5.0,4013.1650390625,173258.11960728368
17,547.0,745.6666666666666,3.0,4198.2734375,103954.8717643702
17,59.0,1004.5,2.0,3831.7880859375,69303.24784291346
17,725.0,1130.0,1.0,3831.7880859375,34651.62392145673
17,797.0,1186.0,1.0,3831.7880859375,34651.62392145673
17,264.47727272727275,1994.5568181818182,88.0,5293.06640625,3049342.9050881923
18,327.1666666666667,1.6666666666666667,6.0,5506.2470703125,207909.7435287404
18,173.0,61.5,2.0,4292.3193359375,69303.24784291346
18,28.5,189.0,2.0,3832.09765625,69303.24784291346
18,1851.576923076923,375.8076923076923,26.0,4198.34765625,900942.2219578751
18,544.0,745.0,1.0,4105.8212890625,34651.62392145673
18,1135.5,795.0,2.0,4105.8212890625,69303.24784291346
18,420.5,870.5,2.0,4013.294921875,69303.24784291346
18,722.0,1129.0,1.0,3832.09765625,34651.62392145673
18,794.0,1184.0,1.0,3832.09765625,34651.62392145673
18,261.51063829787233,1993.0425531914893,94.0,5188.1875,3257252.648616933
19,328.46153846153845,2.769230769230769,13.0,7993.849609375,450471.11097893753
19,693.5,57.0,2.0,4292.1201171875,69303.24784291346
19,174.0,62.5,2.0,5615.1484375,69303.24784291346
19,203.0,126.0,1.0,4105.474609375,34651.62392145673
19,680.0,551.0,1.0,4013.2978515625,34651.62392145673
19,292.0,665.0,1.0,4780.517578125,34651.62392145673
19,112.75,773.75,4.0,4105.474609375,138606.49568582693
19,422.0,869.0,1.0,4013.2978515625,34651.62392145673
19,16.0,933.0,1.0,3922.0390625,34651.62392145673
19,727.0,1089.0,1.0,3832.1552734375,34651.62392145673
19,726.5,1131.0,2.0,4013.2978515625,69303.24784291346
19,263.4725274725275,1994.10989010989,91.0,5293.2197265625,3153297.7768525626
20,329.46666666666664,3.533333333333333,15.0,5945.0361328125,519774.35882185097
20,718.0,8.0,1.0,4013.16796875,34651.62392145673
20,203.0,128.0,1.0,4013.16796875,34651.62392145673
20,164.3,148.2,10.0,5188.4189453125,346516.23921456735
20,748.25,513.75,8.0,4291.9462890625,277212.99137165386
20,1637.0,532.0,1.0,3831.822265625,34651.62392145673
20,547.0,747.0,1.0,4198.2431640625,34651.62392145673
20,423.0,869.5,4.0,4881.203125,138606.49568582693
20,84.0,916.0,1.0,3831.822265625,34651.62392145673
20,782.0,1161.0,1.0,3921.7958984375,34651.62392145673
21,718.6666666666666,8.666666666666666,3.0,5084.9501953125,103954.8717643702
21,177.0,64.5,2.0,4387.34765625,69303.24784291346
21,165.77777777777777,148.77777777777777,9.0,5188.6357421875,311864.6152931106
21,12.0,185.0,1.0,3832.0849609375,34651.62392145673
21,548.0,747.5,2.0,4105.8505859375,69303.24784291346
21,71.0,923.5,2.0,4198.1669921875,69303.24784291346
21,729.0,1132.0,1.0,3832.0849609375,34651.62392145673
21,779.0,1165.0,1.0,3832.0849609375,34651.62392145673
21,842.0,1204.0,1.0,3832.0849609375,34651.62392145673
21,296.0,1289.0,1.0,3921.6728515625,34651.62392145673
21,266.0851063829787,1995.776595744681,94.0,5506.5126953125,3257252.648616933
22,1230.0,22.0,1.0,3831.755859375,34651.62392145673
22,176.75,64.0,4.0,5945.0556640625,138606.49568582693
22,205.33333333333334,127.66666666666667,9.0,8255.5556640625,311864.6152931106
22,165.6,148.6,10.0,5293.08984375,346516.23921456735
22,1861.0,451.0,1.0,3921.6357421875,34651.62392145673
22,1691.25,467.375,8.0,4881.2509765625,277212.99137165386
22,657.5,507.125,32.0,4484.1689453125,1108851.9654866154
22,548.0,747.0,1.0,3831.755859375,34651.62392145673
22,98.0,896.0,1.0,3831.755859375,34651.62392145673
22,780.0,1166.0,1.0,4013.3046875,34651.62392145673
22,842.0,1205.5,2.0,4292.3359375,69303.24784291346
22,265.88421052631577,1995.4105263157894,95.0,5615.048828125,3291904.2725383895
23,351.0,6.0,1.0,3831.99609375,34651.62392145673
23,717.6,8.8,5.0,5188.5439453125,173258.11960728368
23,176.0,64.5,2.0,4981.9609375,69303.24784291346
23,106.4,457.06666666666666,15.0,5188.5439453125,519774.35882185097
23,1856.5,456.5,2.0,3831.99609375,69303.24784291346
23,1691.6666666666667,472.6666666666667,3.0,3921.998046875,103954.8717643702
23,657.0526315789474,507.9736842105263,38.0,4679.7802734375,1316761.709015356
23,684.0,545.0,1.0,3921.998046875,34651.62392145673
23,1633.0,560.0,1.0,4012.931640625,34651.62392145673
23,114.0,776.0,1.0,4012.931640625,34651.62392145673
23,94.0,914.0,1.0,3831.99609375,34651.62392145673
23,842.0,1204.0,1.0,3921.998046875,34651.62392145673
23,930.5,1448.3333333333333,6.0,4881.234375,207909.7435287404
23,265.01075268817203,1995.4301075268818,93.0,5506.580078125,3222601.024695476
24,351.5,3.5,4.0,4013.01953125,138606.49568582693
24,716.6666666666666,8.333333333333334,3.0,4484.052734375,103954.8717643702
24,656.4705882352941,508.2352941176471,34.0,4387.2783203125,1178155.213329529
24,749.0,514.3,10.0,4292.3369140625,346516.23921456735
24,684.0,545.0,1.0,3831.8525390625,34651.62392145673
24,1635.0,570.0,1.0,3831.8525390625,34651.62392145673
24,114.0,776.0,1.0,4105.6669921875,34651.62392145673
24,931.0,1448.6,5.0,6399.8359375,173258.11960728368
25,716.5,7.5,2.0,5085.01953125,69303.24784291346
25,1230.0,19.0,1.0,3831.99609375,34651.62392145673
25,1859.0,451.5,2.0,4012.931640625,69303.24784291346
25,655.8823529411765,506.88235294117646,34.0,4387.392578125,1178155.213329529
25,683.0,543.5,4.0,4105.73046875,138606.49568582693
25,546.0,745.5,2.0,4012.931640625,69303.24784291346
25,782.0,1176.0,1.0,3831.99609375,34651.62392145673
25,841.0,1203.0,1.0,4198.0634765625,34651.62392145673
25,264.2551020408163,1994.4489795918366,98.0,5188.5439453125,3395859.14430276
26,716.0,7.5,6.0,5615.2568359375,207909.7435287404
26,1229.0,20.0,1.0,4013.1650390625,34651.62392145673
26,30.0,190.0,1.0,3831.7880859375,34651.62392145673
26,1833.0,502.0,1.0,3831.7880859375,34651.62392145673
26,1635.0,573.0,1.0,3831.7880859375,34651.62392145673
26,111.66666666666667,780.0,3.0,4105.486328125,103954.8717643702
26,668.0,976.0,1.0,3831.7880859375,34651.62392145673
26,840.0,1203.0,1.0,3831.7880859375,34651.62392145673
26,263.6808510638298,1994.4148936170213,94.0,5293.06640625,3257252.648616933
27,716.0,6.5,2.0,4387.5771484375,69303.24784291346
27,1204.5,136.0,2.0,4013.1650390625,69303.24784291346
27,31.0,190.0,1.0,4013.1650390625,34651.62392145673
27,1920.096,301.24,125.0,4679.9267578125,4331452.9901820915
27,0.5,943.0,2.0,3831.7880859375,69303.24784291346
27,668.0,974.0,1.0,3921.77734375,34651.62392145673
27,714.0,1106.5,2.0,3921.77734375,69303.24784291346
27,925.0,1447.0,1.0,4582.0107421875,34651.62392145673
28,1249.0,40.0,1.0,3831.7626953125,34651.62392145673
28,1629.8126806051334,177.06833248342681,5883.0,6633.4912109375,203855503.52992997
28,32.0,190.0,1.0,3831.7626953125,34651.62392145673
28,547.0,746.5,2.0,4013.1796875,69303.24784291346
28,669.0,976.0,1.0,3831.7626953125,34651.62392145673
28,265.05,1995.12,100.0,5399.0390625,3465162.3921456733
29,654.6285714285714,505.85714285714283,35.0,4387.30859375,1212806.8372509857
29,680.6666666666666,542.3333333333334,3.0,4105.6591796875,103954.8717643702
29,114.0,773.0,1.0,3831.8720703125,34651.62392145673
29,668.0,975.5,2.0,3922.0546875,69303.24784291346
29,53.0,1005.0,1.0,3831.8720703125,34651.62392145673
29,263.44444444444446,1993.5454545454545,99.0,5293.3046875,3430510.7682242165
30,1214.0,43.0,1.0,4012.95703125,34651.62392145673
30,8.0,184.0,1.0,3832.15234375,34651.62392145673
30,1714.3415300546449,419.9553734061931,1098.0,29563.373046875,38047483.065759495
30,545.0,745.5,2.0,4105.4404296875,69303.24784291346
30,668.3333333333334,975.6666666666666,3.0,4012.95703125,103954.8717643702
30,297.0,1287.0,1.0,3832.15234375,34651.62392145673
31,680.0,543.0,6.0,4105.8447265625,207909.7435287404
31,545.6666666666666,745.3333333333334,3.0,4012.935546875,103954.8717643702
31,94.0,911.0,1.0,3831.857421875,34651.62392145673
31,669.0,976.0,1.0,4012.935546875,34651.62392145673
31,297.0,1288.6666666666667,3.0,3831.857421875,103954.8717643702
31,1817.0,2028.0,3.0,4198.2802734375,103954.8717643702
32,1879.0,488.0,1.0,4013.1767578125,34651.62392145673
32,1834.6666666666667,503.0,3.0,3921.9658203125,103954.8717643702
32,746.3333333333334,513.3333333333334,3.0,3921.9658203125,103954.8717643702
32,679.8,543.0,5.0,4387.4208984375,173258.11960728368
32,545.0,745.5,2.0,4198.41796875,69303.24784291346
32,110.0,778.0,1.0,3832.166015625,34651.62392145673
32,798.5,1157.0,2.0,3921.9658203125,69303.24784291346
32,296.3333333333333,1288.6666666666667,3.0,4105.796875,103954.8717643702
32,1324.0,1336.0,1.0,4198.41796875,34651.62392145673
33,738.5,13.0,2.0,4105.5986328125,69303.24784291346
33,747.0,514.0,1.0,3831.931640625,34651.62392145673
33,679.5,543.1666666666666,6.0,4012.9658203125,207909.7435287404
33,545.0,745.5,2.0,4012.9658203125,69303.24784291346
33,1816.25,2029.75,8.0,6284.587890625,277212.99137165386
34,1230.0,22.0,1.0,3831.99609375,34651.62392145673
34,1920.9072847682119,304.682119205298,151.0,6515.2470703125,5232395.212139967
34,746.0,515.0,1.0,3921.998046875,34651.62392145673
34,546.5,747.0,2.0,4105.73046875,69303.24784291346
34,916.0,909.5,2.0,4198.0634765625,69303.24784291346
34,62.0,1002.0,1.0,3831.99609375,34651.62392145673
34,1817.1818181818182,2030.909090909091,11.0,9063.2626953125,381167.86313602404
35,28.0,190.0,1.0,3832.166015625,34651.62392145673
35,679.5,543.0,4.0,4013.1767578125,138606.49568582693
35,546.5,747.0,2.0,3921.9658203125,69303.24784291346
35,0.0,943.0,1.0,3921.9658203125,34651.62392145673
35,298.3333333333333,1289.6666666666667,3.0,4013.1767578125,103954.8717643702
35,1817.2727272727273,2030.5454545454545,11.0,9063.126953125,381167.86313602404
36,1230.0,20.5,2.0,4012.935546875,69303.24784291346
36,1460.0,372.0,1.0,4105.8447265625,34651.62392145673
36,655.28125,506.0,32.0,4198.2802734375,1108851.9654866154
36,547.0,745.3333333333334,3.0,3831.857421875,103954.8717643702
36,115.66666666666667,777.6666666666666,3.0,4679.890625,103954.8717643702
36,794.0,1161.0,1.0,3831.857421875,34651.62392145673
36,297.8333333333333,1289.3333333333333,6.0,4198.2802734375,207909.7435287404
36,263.9673913043478,1993.7826086956522,92.0,5398.98828125,3187949.4007740193
36,1817.3333333333333,2029.2222222222222,9.0,8519.9755859375,311864.6152931106
37,1132.0,4.0,1.0,4292.13671875,34651.62392145673
37,1230.0,21.0,1.0,4105.8447265625,34651.62392145673
37,654.974358974359,505.4871794871795,39.0,4387.416015625,1351413.3329368127
37,679.0,542.5,2.0,3921.9228515625,69303.24784291346
37,548.0,745.0,1.0,3831.857421875,34651.62392145673
37,1.0,943.0,1.0,3831.857421875,34651.62392145673
37,63.5,999.75,12.0,4981.8447265625,415819.4870574808
37,297.5,1289.0,2.0,4012.935546875,69303.24784291346
37,263.8426966292135,1993.8651685393259,89.0,5506.591796875,3083994.529009649
37,1817.5,2029.25,8.0,9765.2421875,277212.99137165386
38,654.15625,506.03125,32.0,4387.4208984375,1108851.9654866154
38,747.5,511.5,2.0,3921.9658203125,69303.24784291346
38,545.5,745.0,2.0,4013.1767578125,69303.24784291346
38,1398.6666666666667,943.8333333333334,6.0,4105.796875,207909.7435287404
38,669.0,979.0,1.0,3832.166015625,34651.62392145673
38,297.0,1288.5,4.0,4013.1767578125,138606.49568582693
38,1816.6666666666667,2027.8333333333333,6.0,6170.724609375,207909.7435287404
39,1704.0,460.0,1.0,3921.9228515625,34651.62392145673
39,747.5,511.0,2.0,3831.857421875,69303.24784291346
39,677.0,542.0,1.0,3921.9228515625,34651.62392145673
39,96.0,892.0,1.0,3921.9228515625,34651.62392145673
39,797.0,1158.0,1.0,3831.857421875,34651.62392145673
39,262.0978260869565,1993.054347826087,92.0,5615.1435546875,3187949.4007740193
39,1815.9,2028.1,10.0,10053.44921875,346516.23921456735
40,1701.3333333333333,461.3333333333333,3.0,4105.796875,103954.8717643702
40,652.8181818181819,505.54545454545456,44.0,4483.802734375,1524671.4525440962
40,745.0,511.0,1.0,3832.166015625,34651.62392145673
40,544.0,745.0,1.0,3921.9658203125,34651.62392145673
40,294.0,1288.3333333333333,3.0,3921.9658203125,103954.8717643702
40,261.53125,1992.2604166666667,96.0,5188.5673828125,3326555.8964598463
40,1815.3333333333333,2027.5555555555557,9.0,7865.16845703125,311864.6152931106
41,1677.0,470.0,1.0,3921.7431640625,34651.62392145673
41,653.3513513513514,507.1621621621622,37.0,4484.1240234375,1282110.0850938992
41,640.0,605.0,1.0,3831.931640625,34651.62392145673
41,715.6666666666666,1097.3333333333333,3.0,4012.9658203125,103954.8717643702
41,262.2,1993.2947368421053,95.0,5292.8984375,3291904.2725383895
41,1815.857142857143,2028.2857142857142,7.0,6870.9501953125,242561.3674501971
42,1219.5,14.5,2.0,4013.1455078125,69303.24784291346
42,5.0,183.0,1.0,3832.1669921875,34651.62392145673
42,747.0,512.0,1.0,3832.1669921875,34651.62392145673
42,545.0,746.0,1.0,3832.1669921875,34651.62392145673
42,104.0,765.5,2.0,4013.1455078125,69303.24784291346
42,796.0,1161.0,1.0,3921.951171875,34651.62392145673
42,262.505376344086,1993.6129032258063,93.0,5293.158203125,3222601.024695476
42,1816.3333333333333,2029.0,9.0,8654.1923828125,311864.6152931106
43,1215.0,10.6,5.0,4013.1767578125,173258.11960728368
43,1333.0,495.5,2.0,3832.166015625,69303.24784291346
43,747.0,511.5,4.0,4013.1767578125,138606.49568582693
43,651.0,568.0,1.0,3832.166015625,34651.62392145673
43,668.0,980.0,1.0,3921.9658203125,34651.62392145673
43,262.52127659574467,1993.6382978723404,94.0,5292.9423828125,3257252.648616933
43,1816.5,2029.3333333333333,6.0,5833.6220703125,207909.7435287404
44,1756.0,438.0,3.0,5615.1435546875,103954.8717643702
44,1331.0,495.0,1.0,3831.857421875,34651.62392145673
44,746.5,512.0,2.0,3921.9228515625,69303.24784291346
44,544.0,745.5,2.0,3921.9228515625,69303.24784291346
44,1397.875,945.625,8.0,4581.7666015625,277212.99137165386
44,782.5,1162.0,2.0,3831.857421875,69303.24784291346
44,261.2717391304348,1993.7065217391305,92.0,5085.1826171875,3187949.4007740193
44,1815.5,2028.0,4.0,5188.5205078125,138606.49568582693
45,1215.2727272727273,9.909090909090908,11.0,4581.935546875,381167.86313602404
45,197.33333333333334,125.83333333333333,6.0,4881.373046875,207909.7435287404
45,1757.0,438.0,7.0,8255.568359375,242561.3674501971
45,747.5,511.0,2.0,3921.951171875,69303.24784291346
45,687.0,577.0,1.0,3832.1669921875,34651.62392145673
45,1398.5,945.0,8.0,4387.3251953125,277212.99137165386
45,296.3333333333333,1289.3333333333333,3.0,3921.951171875,103954.8717643702
45,261.86206896551727,1993.1264367816093,87.0,4981.9697265625,3014691.2811667356
45,1816.5,2027.0,2.0,4484.16015625,69303.24784291346
46,1217.5,9.0,4.0,4483.802734375,138606.49568582693
46,198.5,127.0,6.0,5188.5673828125,207909.7435287404
46,1758.0,439.0,7.0,7484.341796875,242561.3674501971
46,1325.0,487.0,1.0,3832.166015625,34651.62392145673
46,654.4146341463414,509.0243902439024,41.0,4780.4716796875,1420716.580779726
46,1836.0,503.5,2.0,3832.166015625,69303.24784291346
46,749.0,513.0,1.0,3921.9658203125,34651.62392145673
46,640.5,606.0,2.0,3832.166015625,69303.24784291346
46,1399.6,946.4,5.0,4291.9794921875,173258.11960728368
46,296.0,1289.0,1.0,4105.796875,34651.62392145673
46,263.1190476190476,1994.3333333333333,84.0,5188.5673828125,2910736.4094023653
46,1818.0,2028.0,1.0,4291.9794921875,34651.62392145673
47,197.5,127.0,6.0,5188.623046875,207909.7435287404
47,642.0,606.0,1.0,4013.1650390625,34651.62392145673
47,1426.0,698.5,2.0,4013.1650390625,69303.24784291346
47,1398.8,945.4,5.0,4387.5771484375,173258.11960728368
47,294.0,1289.0,1.0,3831.7880859375,34651.62392145673
47,262.39130434782606,1993.8804347826087,92.0,5085.1123046875,3187949.4007740193
47,1817.0,2027.5,2.0,4582.0107421875,69303.24784291346
48,197.5,126.5,6.0,4881.234375,207909.7435287404
48,1844.0,510.0,1.0,3921.998046875,34651.62392145673
48,681.0,543.0,1.0,3831.99609375,34651.62392145673
48,1426.0,698.0,3.0,4981.9609375,103954.8717643702
48,293.0,1289.0,1.0,3921.998046875,34651.62392145673
48,1817.0,2028.5,2.0,4679.7802734375,69303.24784291346
49,1216.0,9.0,1.0,3921.998046875,34651.62392145673
49,21.0,185.0,1.0,4012.931640625,34651.62392145673
49,640.2,605.4,5.0,4105.73046875,173258.11960728368
49,1426.0,697.5,2.0,3921.998046875,69303.24784291346
49,726.0,1131.0,1.0,3831.99609375,34651.62392145673
49,294.0,1289.0,1.0,3831.99609375,34651.62392145673
49,377.5,1747.5,2.0,4012.931640625,69303.24784291346
49,262.13186813186815,1993.1868131868132,91.0,5085.01953125,3153297.7768525626
50,1216.35,6.4,20.0,7610.4111328125,693032.4784291347
50,196.14285714285714,125.71428571428571,7.0,4881.353515625,242561.3674501971
50,21.0,185.0,1.0,3831.7880859375,34651.62392145673
50,653.1666666666666,509.8333333333333,42.0,4780.6396484375,1455368.2047011827
50,748.0,511.0,1.0,4013.1650390625,34651.62392145673
50,1845.0,511.0,1.0,3921.77734375,34651.62392145673
50,679.6666666666666,541.6666666666666,3.0,4013.1650390625,103954.8717643702
50,261.3820224719101,1992.123595505618,89.0,5188.623046875,3083994.529009649
51,1216.1379310344828,6.068965517241379,29.0,10493.490234375,1004897.0937222452
51,195.28571428571428,126.0,7.0,4780.5068359375,242561.3674501971
51,21.0,184.0,1.0,3831.99609375,34651.62392145673
51,652.7708333333334,510.0625,48.0,4581.8515625,1663277.9482299231
51,678.5,542.0,2.0,4012.931640625,69303.24784291346
51,638.5,604.0,2.0,4012.931640625,69303.24784291346
51,81.75,870.75,4.0,4387.392578125,138606.49568582693
51,1397.0,944.5,2.0,3921.998046875,69303.24784291346
52,1215.5294117647059,6.588235294117647,17.0,7235.80224609375,589077.6066647645
52,195.0,125.875,8.0,5399.1533203125,277212.99137165386
52,1401.0,937.5,2.0,4013.2978515625,69303.24784291346
52,801.0,1169.0,1.0,3832.1552734375,34651.62392145673
52,260.65263157894736,1991.9052631578948,95.0,4981.837890625,3291904.2725383895
52,1815.0,2027.0,1.0,3922.0390625,34651.62392145673
53,748.0,511.0,1.0,3921.77734375,34651.62392145673
53,1401.0,938.0,1.0,4105.486328125,34651.62392145673
53,719.0,1103.0,1.0,4013.1650390625,34651.62392145673
53,261.07865168539325,1992.9213483146068,89.0,4981.6005859375,3083994.529009649
53,1816.0,2027.5,2.0,4291.9931640625,69303.24784291346
54,1455.0,350.0,1.0,3921.912109375,34651.62392145673
54,748.0,511.0,1.0,3831.7568359375,34651.62392145673
54,1392.0,662.0,1.0,4105.458984375,34651.62392145673
54,81.75,872.0,4.0,3921.912109375,138606.49568582693
54,1398.0,945.5,2.0,4012.9921875,69303.24784291346
54,1007.0,1012.0,1.0,4387.484375,34651.62392145673
54,261.43956043956047,1992.4395604395604,91.0,5085.1484375,3153297.7768525626
55,726.0,1130.0,1.0,3921.8427734375,34651.62392145673
56,1409.0,492.0,1.0,3831.7880859375,34651.62392145673
56,720.0,1106.0,1.0,3831.7880859375,34651.62392145673
56,390.125,1755.375,8.0,5085.1123046875,277212.99137165386
57,1562.0,317.0,1.0,3831.99609375,34651.62392145673
57,748.0,511.0,1.0,3831.99609375,34651.62392145673
57,1400.0,939.0,1.0,3831.99609375,34651.62392145673
57,261.5977011494253,1992.5862068965516,87.0,4981.9609375,3014691.2811667356
58,297.0,1287.0,1.0,3831.7880859375,34651.62392145673
59,83.33333333333333,873.6666666666666,3.0,4105.486328125,103954.8717643702
59,1399.0,945.0,1.0,3921.77734375,34651.62392145673
59,1333.0,1190.0,1.0,3921.77734375,34651.62392145673
59,812.0,1192.0,1.0,3831.7880859375,34651.62392145673
59,297.5,1288.5,2.0,3921.77734375,69303.24784291346
59,263.5,1993.628205128205,78.0,4981.6005859375,2702826.6658736253
60,224.5,161.83333333333334,6.0,6284.8154296875,207909.7435287404
60,1454.0,386.0,1.0,4013.1650390625,34651.62392145673
60,57.0,818.0,1.0,4013.1650390625,34651.62392145673
60,1398.0,944.5,2.0,4105.486328125,69303.24784291346
60,296.5,1288.25,4.0,4013.1650390625,138606.49568582693
60,262.8941176470588,1993.5764705882352,85.0,5085.1123046875,2945388.033323822
61,224.0,162.0,1.0,3831.931640625,34651.62392145673
61,1440.0,713.0,1.0,3921.7431640625,34651.62392145673
61,666.0,972.0,1.0,3831.931640625,34651.62392145673
61,802.0,1192.0,1.0,3831.931640625,34651.62392145673
61,297.0,1287.0,1.0,4012.9658203125,34651.62392145673
61,262.3953488372093,1992.9186046511627,86.0,5188.509765625,2980039.657245279
62,1218.5,14.5,2.0,3832.15234375,69303.24784291346
62,1440.0,711.0,1.0,4198.38671875,34651.62392145673
62,85.0,878.5,2.0,3921.861328125,69303.24784291346
62,666.0,971.5,2.0,3921.861328125,69303.24784291346
62,718.3333333333334,1101.8333333333333,6.0,4105.4404296875,207909.7435287404
62,297.0,1286.0,1.0,3921.861328125,34651.62392145673
62,262.34939759036143,1992.3493975903614,83.0,4780.5703125,2876084.7854809086
63,1440.0,710.5,2.0,4387.392578125,69303.24784291346
63,1397.0,943.0,1.0,3921.998046875,34651.62392145673
63,665.0,971.0,1.0,3831.99609375,34651.62392145673
63,792.0,1187.0,1.0,3831.99609375,34651.62392145673
63,296.0,1286.0,1.0,3831.99609375,34651.62392145673
64,730.4,2.8,5.0,6633.4091796875,173258.11960728368
64,684.5,573.0,2.0,3832.0849609375,69303.24784291346
64,1440.5,709.0,2.0,4292.302734375,69303.24784291346
64,296.5,1285.5,2.0,3921.6728515625,69303.24784291346
64,261.64102564102564,1990.9615384615386,78.0,4881.2177734375,2702826.6658736253
65,730.3333333333334,2.6666666666666665,3.0,4680.142578125,103954.8717643702
65,196.0,125.4,5.0,4292.2431640625,173258.11960728368
65,653.08,510.22,50.0,4582.126953125,1732581.1960728366
65,1396.5,942.0,4.0,4484.1123046875,138606.49568582693
65,666.0,971.0,1.0,4105.458984375,34651.62392145673
65,296.5,1286.0,2.0,3921.912109375,69303.24784291346
65,261.4025974025974,1992.3116883116884,77.0,4981.5849609375,2668175.0419521686
66,653.7608695652174,510.10869565217394,46.0,4680.1123046875,1593974.7003870097
66,1358.0,503.0,1.0,3831.755859375,34651.62392145673
66,82.5,873.0,2.0,3831.755859375,69303.24784291346
66,1397.6666666666667,942.6666666666666,3.0,4780.6884765625,103954.8717643702
66,667.0,970.5,2.0,4198.4296875,69303.24784291346
66,262.05,1992.0875,80.0,4881.263671875,2772129.913716539
67,1216.0,1.5,2.0,4105.8505859375,69303.24784291346
67,1398.1666666666667,943.0,6.0,4292.302734375,207909.7435287404
67,667.3333333333334,971.3333333333334,3.0,4198.1669921875,103954.8717643702
67,262.8,1992.52,75.0,4881.2177734375,2598871.794109255
68,1216.0,0.5,2.0,4483.9228515625,69303.24784291346
68,1171.5,34.0,2.0,4292.26171875,69303.24784291346
68,197.0,124.0,1.0,3831.99609375,34651.62392145673
68,653.9761904761905,509.3333333333333,42.0,4780.5068359375,1455368.2047011827
68,105.0,737.0,1.0,3831.99609375,34651.62392145673
68,96.25,894.5,4.0,4012.931640625,138606.49568582693
68,1398.0,943.0,7.0,4679.7802734375,242561.3674501971
68,1022.0,956.0,3.0,4012.931640625,103954.8717643702
68,666.8,970.6,5.0,4105.73046875,173258.11960728368
68,262.11538461538464,1991.4358974358975,78.0,4981.9609375,2702826.6658736253
69,1397.8333333333333,944.6666666666666,6.0,4483.96484375,207909.7435287404
69,666.6,971.2,5.0,4291.982421875,173258.11960728368
69,793.5,1187.0,2.0,3831.7568359375,69303.24784291346
69,295.0,1286.0,1.0,3831.7568359375,34651.62392145673
69,607.0,1309.0,1.0,4105.763671875,34651.62392145673
70,1039.5,624.5,2.0,4105.73046875,69303.24784291346
70,546.0,745.0,1.0,4012.931640625,34651.62392145673
70,40.25,921.0,4.0,4198.0634765625,138606.49568582693
70,1398.875,944.375,8.0,4292.26171875,277212.99137165386
70,668.0,971.6666666666666,3.0,4198.0634765625,103954.8717643702
70,795.0,1187.0,1.0,3921.998046875,34651.62392145673
70,298.0,1285.0,4.0,3831.99609375,138606.49568582693
70,608.0,1309.0,1.0,3921.998046875,34651.62392145673
70,1444.0,1836.0,1.0,9201.2958984375,34651.62392145673
70,262.7567567567568,1992.527027027027,74.0,4679.7802734375,2564220.1701877983
71,1218.7209302325582,8.581395348837209,43.0,8386.912109375,1490019.8286226394
71,199.0,125.0,1.0,4013.16796875,34651.62392145673
71,1723.871794871795,399.8205128205128,39.0,7993.91796875,1351413.3329368127
71,1358.0,503.0,3.0,4013.16796875,103954.8717643702
71,1046.0,631.0,1.0,4013.16796875,34651.62392145673
71,1399.2857142857142,944.7142857142857,7.0,4291.9462890625,242561.3674501971
71,668.6,972.2,5.0,4291.9462890625,173258.11960728368
71,794.0,1187.0,1.0,3831.822265625,34651.62392145673
71,263.7564102564103,1992.8846153846155,78.0,4881.203125,2702826.6658736253
72,1218.6727272727273,8.4,55.0,6515.46484375,1905839.3156801204
72,1723.6315789473683,399.1842105263158,38.0,8255.7421875,1316761.709015356
72,1314.0,545.0,1.0,3831.931640625,34651.62392145673
72,97.0,895.5,2.0,3831.931640625,69303.24784291346
72,1399.375,944.625,8.0,4012.9658203125,277212.99137165386
72,667.75,972.0,4.0,3921.7431640625,138606.49568582693
72,725.0,1086.0,1.0,3921.7431640625,34651.62392145673
72,793.5,1186.5,2.0,3831.931640625,69303.24784291346
72,835.0,1200.0,1.0,3921.7431640625,34651.62392145673
72,297.5,1286.0,2.0,4105.5986328125,69303.24784291346
72,262.72972972972974,1992.7297297297298,74.0,4780.361328125,2564220.1701877983
73,159.54455445544554,144.4950495049505,101.0,8255.6376953125,3499814.01606713
73,21.0,179.0,1.0,3832.15234375,34651.62392145673
73,1723.878787878788,398.4848484848485,33.0,9623.005859375,1143503.5894080722
73,747.5,500.0,2.0,3921.861328125,69303.24784291346
73,1358.0,502.6666666666667,3.0,4105.4404296875,103954.8717643702
73,542.0,748.0,1.0,3832.15234375,34651.62392145673
73,1399.5714285714287,944.0,7.0,4105.4404296875,242561.3674501971
73,667.0,972.0,1.0,4105.4404296875,34651.62392145673
73,297.6,1285.2,5.0,4012.95703125,173258.11960728368
73,262.76056338028167,1992.380281690141,71.0,4780.5703125,2460265.298423428
74,1723.09375,398.4375,32.0,9201.314453125,1108851.9654866154
74,1174.0,471.0,1.0,5293.2197265625,34651.62392145673
74,654.0,510.05405405405406,37.0,4780.517578125,1282110.0850938992
74,1357.0,503.0,1.0,4013.2978515625,34651.62392145673
74,1399.2857142857142,944.7142857142857,7.0,4198.109375,242561.3674501971
74,666.3333333333334,972.3333333333334,3.0,4198.109375,103954.8717643702
74,297.0,1285.25,4.0,4387.5068359375,138606.49568582693
75,197.0,124.0,1.0,3831.7880859375,34651.62392145673
75,1315.0,561.0,1.0,3921.77734375,34651.62392145673
75,102.0,739.5,2.0,3921.77734375,69303.24784291346
75,1399.5,944.0,6.0,4105.486328125,207909.7435287404
75,665.6666666666666,971.6666666666666,3.0,4013.1650390625,103954.8717643702
75,781.0,1161.0,3.0,4105.486328125,103954.8717643702
75,1713.5,1943.0,4.0,5723.8974609375,138606.49568582693
76,1215.0,5.0,1.0,4013.1767578125,34651.62392145673
76,1317.0,558.0,1.0,4013.1767578125,34651.62392145673
76,665.6666666666666,971.6666666666666,3.0,3921.9658203125,103954.8717643702
76,717.5,1099.5,2.0,4013.1767578125,69303.24784291346
76,811.0,1191.0,1.0,3832.166015625,34651.62392145673
76,296.0,1284.5,2.0,4013.1767578125,69303.24784291346
76,1713.5,1942.75,4.0,4291.9794921875,138606.49568582693
76,261.15492957746477,1992.1549295774648,71.0,4881.0849609375,2460265.298423428
76,332.0,2044.5,2.0,4105.796875,69303.24784291346
77,1313.0,499.0,1.0,3831.857421875,34651.62392145673
77,1356.5,502.5,4.0,4198.2802734375,138606.49568582693
77,718.0,1099.5,2.0,4012.935546875,69303.24784291346
77,834.0,1199.0,1.0,3921.9228515625,34651.62392145673
77,1715.5,1943.0,2.0,4780.3837890625,69303.24784291346
77,262.07142857142856,1992.7571428571428,70.0,4780.3837890625,2425613.6745019713
78,1221.0,7.5,2.0,4012.95703125,69303.24784291346
78,1357.2222222222222,502.44444444444446,9.0,5399.28515625,311864.6152931106
78,1311.0,545.0,1.0,3832.15234375,34651.62392145673
78,685.6666666666666,574.3333333333334,3.0,4105.4404296875,103954.8717643702
78,667.0,972.5,2.0,3832.15234375,69303.24784291346
78,719.0,1099.5,2.0,4105.4404296875,69303.24784291346
78,1717.6666666666667,1942.5555555555557,9.0,5944.9375,311864.6152931106
78,262.7910447761194,1992.4328358208954,67.0,4881.376953125,2321658.802737601
79,654.195652173913,511.04347826086956,46.0,4387.5068359375,1593974.7003870097
79,686.0,575.5,2.0,4013.2978515625,69303.24784291346
79,782.0,1161.0,1.0,3832.1552734375,34651.62392145673
79,1721.0,1944.0,1.0,3832.1552734375,34651.62392145673
80,1500.0,401.0,1.0,12673.705078125,34651.62392145673
80,1357.0,503.0,1.0,3921.751953125,34651.62392145673
80,685.6666666666666,575.6666666666666,3.0,4198.193359375,103954.8717643702
80,543.0,749.0,1.0,3921.751953125,34651.62392145673
80,719.0,1100.5,2.0,3832.1259765625,69303.24784291346
80,813.0,1192.0,1.0,3832.1259765625,34651.62392145673
80,296.0,1288.0,4.0,4105.5419921875,138606.49568582693
80,262.7910447761194,1993.2985074626865,67.0,4679.9794921875,2321658.802737601
81,1232.0,8.0,1.0,4013.01953125,34651.62392145673
81,1582.0,419.0,1.0,3831.8525390625,34651.62392145673
81,96.0,897.0,1.0,3831.8525390625,34651.62392145673
81,718.0,1100.5,2.0,4013.01953125,69303.24784291346
81,294.0,1288.5,4.0,4105.6669921875,138606.49568582693
82,1233.0,7.5,2.0,3921.77734375,69303.24784291346
82,1357.0,502.5,2.0,3921.77734375,69303.24784291346
82,1840.0,505.0,1.0,3831.7880859375,34651.62392145673
82,685.6666666666666,575.6666666666666,3.0,4013.1650390625,103954.8717643702
82,1412.0,686.0,1.0,4105.486328125,34651.62392145673
82,96.0,898.0,1.0,3831.7880859375,34651.62392145673
82,670.0,973.0,1.0,3921.77734375,34651.62392145673
82,719.0,1100.0,1.0,3921.77734375,34651.62392145673
82,790.0,1163.0,1.0,3831.7880859375,34651.62392145673
82,294.0,1288.5,4.0,4013.1650390625,138606.49568582693
82,262.7361111111111,1993.3194444444443,72.0,4881.353515625,2494916.922344885
83,290.0,865.0,1.0,3831.7880859375,34651.62392145673
83,670.0,976.5,2.0,3921.77734375,69303.24784291346
83,778.0,1171.0,1.0,3831.7880859375,34651.62392145673
83,296.0,1289.0,1.0,3921.77734375,34651.62392145673
84,1726.5,366.5,2.0,3921.77734375,69303.24784291346
84,1750.0,409.0,1.0,3921.77734375,34651.62392145673
84,109.0,785.0,1.0,3831.7880859375,34651.62392145673
84,670.3333333333334,976.3333333333334,3.0,3921.77734375,103954.8717643702
84,719.0,1101.0,1.0,3831.7880859375,34651.62392145673
84,296.0,1286.0,1.0,3831.7880859375,34651.62392145673
84,169.0,1614.0,1.0,4291.9931640625,34651.62392145673
85,1726.5,366.0,2.0,3921.6728515625,69303.24784291346
85,1837.0,501.0,1.0,3832.0849609375,34651.62392145673
85,686.0,576.0,3.0,4198.1669921875,103954.8717643702
85,914.0,668.0,1.0,3832.0849609375,34651.62392145673
85,291.0,864.5,2.0,4198.1669921875,69303.24784291346
85,666.0,974.0,1.0,3832.0849609375,34651.62392145673
85,786.0,1163.0,1.0,3832.0849609375,34651.62392145673
86,1172.5,36.5,2.0,4013.1279296875,69303.24784291346
86,1836.0,499.0,1.0,3832.0,34651.62392145673
86,719.0,1100.5,2.0,4105.4501953125,69303.24784291346
86,298.0,1284.0,1.0,3921.6845703125,34651.62392145673
86,262.7260273972603,1993.6849315068494,73.0,4981.6337890625,2529568.5462663416
87,1139.0,8.0,1.0,3831.85986328125,34651.62392145673
87,1171.0,34.833333333333336,6.0,4198.2607421875,207909.7435287404
87,22.0,189.0,1.0,3831.85986328125,34651.62392145673
87,1562.0,312.0,1.0,3831.85986328125,34651.62392145673
87,1724.0,365.0,1.0,3831.85986328125,34651.62392145673
87,684.25,574.75,4.0,4013.00830078125,138606.49568582693
87,1420.0,652.5,2.0,4387.32373046875,69303.24784291346
87,912.0,667.0,1.0,3831.85986328125,34651.62392145673
87,718.0,1099.0,1.0,4013.00830078125,34651.62392145673
87,293.0,1287.0,1.0,4013.00830078125,34651.62392145673
87,1714.0,1942.0,1.0,4581.9560546875,34651.62392145673
87,261.5432098765432,1992.2716049382716,81.0,5188.42333984375,2806781.537637995
88,22.0,189.0,1.0,3921.751953125,34651.62392145673
88,1751.0,397.0,1.0,4105.603515625,34651.62392145673
88,683.5,575.0,6.0,4198.1123046875,207909.7435287404
88,789.0,1166.0,1.0,3831.9638671875,34651.62392145673
88,815.5,1549.0,2.0,4484.189453125,69303.24784291346
88,1714.0,1942.0,1.0,3831.9638671875,34651.62392145673
88,260.9375,1992.1625,80.0,5085.10693359375,2772129.913716539
89,24.0,189.5,2.0,4105.49462890625,69303.24784291346
89,1840.0,506.0,1.0,3832.04248046875,34651.62392145673
89,685.6,576.2,5.0,4387.30419921875,173258.11960728368
89,816.5,1550.0,4.0,4679.81103515625,138606.49568582693
90,1235.0,6.5,2.0,4198.1298828125,69303.24784291346
90,1726.0,370.0,1.0,3831.8193359375,34651.62392145673
90,1316.0,503.0,1.0,3831.8193359375,34651.62392145673
90,686.0,576.5,6.0,4292.0244140625,207909.7435287404
90,95.0,900.0,1.0,3831.8193359375,34651.62392145673
90,723.0,1109.0,1.0,3921.68359375,34651.62392145673
90,296.0,1288.0,1.0,4013.1611328125,34651.62392145673
90,814.5,1550.0,2.0,4013.1611328125,69303.24784291346
91,1225.0,2.0,1.0,3831.99853515625,34651.62392145673
91,686.1666666666666,576.1666666666666,6.0,4292.123046875,207909.7435287404
92,1567.5,311.5,2.0,3921.77734375,69303.24784291346
92,715.0,534.0,1.0,4013.1650390625,34651.62392145673
92,686.8,575.4,5.0,4484.0947265625,173258.11960728368
92,1718.0,1943.0,1.0,5085.1123046875,34651.62392145673
92,263.3975903614458,1993.1566265060242,83.0,4881.353515625,2876084.7854809086
93,1224.888888888889,2.7777777777777777,9.0,5293.19921875,311864.6152931106
93,1335.0,491.0,1.0,3831.7568359375,34651.62392145673
93,686.25,575.0,4.0,4582.126953125,138606.49568582693
93,666.5,975.0,2.0,3831.7568359375,69303.24784291346
93,299.0,1279.0,1.0,3831.7568359375,34651.62392145673
93,818.5,1549.0,2.0,4198.388671875,69303.24784291346
93,163.5,1610.0,2.0,4387.484375,69303.24784291346
93,262.87654320987656,1992.3703703703704,81.0,4881.2587890625,2806781.537637995
94,1224.25,3.5,4.0,4198.2470703125,138606.49568582693
94,54.55522807017544,713.0400561403509,35625.0,11403.400390625,1234464102.2018962
94,686.1666666666666,575.3333333333334,6.0,4581.94677734375,207909.7435287404
94,1399.8181818181818,940.1818181818181,11.0,4679.91259765625,381167.86313602404
94,818.0,1549.5,2.0,4013.2001953125,69303.24784291346
94,1717.0,1943.0,1.0,4387.5703125,34651.62392145673
94,262.3414634146341,1992.841463414634,82.0,4780.599609375,2841433.161559452
95,4.75,189.0,4.0,4013.2294921875,138606.49568582693
95,742.0,500.0,1.0,3831.8994140625,34651.62392145673
95,686.2,576.6,5.0,4484.02490234375,173258.11960728368
95,1400.5833333333333,941.6666666666666,12.0,4680.06689453125,415819.4870574808
95,721.0,1110.0,1.0,3831.8994140625,34651.62392145673
95,151.0,1610.0,1.0,4013.2294921875,34651.62392145673
95,263.1794871794872,1994.5897435897436,78.0,4881.25830078125,2702826.6658736253
96,1230.5,18.0,2.0,4013.01171875,69303.24784291346
96,5.333333333333333,188.5,6.0,3921.986328125,207909.7435287404
96,104.0,450.0,1.0,3831.90625,34651.62392145673
96,1334.0,495.0,1.0,3831.90625,34651.62392145673
96,686.875,575.5,8.0,4581.8408203125,277212.99137165386
96,1421.0,656.0,1.0,3831.90625,34651.62392145673
96,92.5,887.0,4.0,4780.5849609375,138606.49568582693
96,1400.9,940.5,10.0,4387.5068359375,346516.23921456735
96,298.0,1287.0,1.0,3831.90625,34651.62392145673
96,263.43373493975906,1993.3855421686746,83.0,4780.5849609375,2876084.7854809086
97,1230.5,17.0,2.0,3921.841796875,69303.24784291346
97,5.5,187.66666666666666,6.0,4198.326171875,207909.7435287404
97,686.875,574.875,8.0,4981.953125,277212.99137165386
97,672.0,976.0,1.0,4013.1884765625,34651.62392145673
97,723.0,1107.0,1.0,3832.0224609375,34651.62392145673
97,298.5,1286.0,2.0,3832.0224609375,69303.24784291346
97,1719.0,1943.0,1.0,3832.0224609375,34651.62392145673
97,263.6279069767442,1993.1627906976744,86.0,4780.62353515625,2980039.657245279
98,1230.3333333333333,17.333333333333332,3.0,4292.2373046875,103954.8717643702
98,4.555555555555555,188.11111111111111,9.0,4387.31982421875,311864.6152931106
98,725.5,526.5,2.0,3921.73291015625,69303.24784291346
98,686.875,575.125,8.0,4881.32568359375,277212.99137165386
98,1418.0,649.0,3.0,3921.73291015625,103954.8717643702
98,672.0,976.0,1.0,4198.2080078125,34651.62392145673
99,1141.0,8.0,5.0,4198.177734375,173258.11960728368
99,1228.3333333333333,15.666666666666666,3.0,4292.154296875,103954.8717643702
99,1205.3333333333333,125.33333333333333,3.0,3921.7158203125,103954.8717643702
99,3.25,185.75,8.0,4105.763671875,277212.99137165386
99,723.0,523.5,2.0,3831.90478515625,69303.24784291346
99,684.8,573.1,10.0,4881.263671875,346516.23921456735
99,542.2,748.6,5.0,4105.763671875,173258.11960728368
99,1187.5,791.5,4.0,4292.154296875,138606.49568582693
99,720.5,1106.0,2.0,3921.7158203125,69303.24784291346
99,261.64367816091954,1991.1954022988505,87.0,4881.263671875,3014691.2811667356
100,1140.25,8.25,4.0,4483.88623046875,138606.49568582693
100,1228.0,16.75,4.0,4292.07177734375,138606.49568582693
100,1205.0,126.25,4.0,4292.07177734375,138606.49568582693
100,683.8888888888889,573.6666666666666,9.0,4780.5849609375,311864.6152931106
100,1416.0,645.0,1.0,3831.90625,34651.62392145673
100,1346.25,706.25,4.0,3921.986328125,138606.49568582693
100,104.0,767.0,1.0,3831.90625,34651.62392145673
100,1186.6666666666667,792.3333333333334,3.0,4387.5068359375,103954.8717643702
100,670.0,976.0,1.0,4013.01171875,34651.62392145673
100,832.5,1197.5,2.0,3921.986328125,69303.24784291346
100,297.0,1285.0,1.0,3921.986328125,34651.62392145673
100,261.08988764044943,1991.9662921348315,89.0,4881.05908203125,3083994.529009649
101,1142.3333333333333,10.333333333333334,3.0,4483.9794921875,103954.8717643702
101,1230.75,18.0,4.0,4292.17138671875,138606.49568582693
101,4.818181818181818,188.0909090909091,11.0,4483.9794921875,381167.86313602404
101,654.575,511.425,40.0,4387.26416015625,1386064.9568582694
101,686.3571428571429,574.9285714285714,14.0,5085.04248046875,485122.7349003942
101,644.5,605.0,2.0,3831.96240234375,69303.24784291346
101,1348.0,708.0,1.0,3831.96240234375,34651.62392145673
101,543.5,749.0,2.0,4013.06005859375,69303.24784291346
101,95.0,891.0,1.0,3831.96240234375,34651.62392145673
101,1401.75,940.75,4.0,4013.06005859375,138606.49568582693
101,671.6666666666666,976.3333333333334,3.0,3921.8623046875,103954.8717643702
101,722.0,1108.0,3.0,4387.26416015625,103954.8717643702
101,1336.0,1316.5,2.0,4387.26416015625,69303.24784291346
102,1230.6666666666667,18.333333333333332,3.0,4198.3544921875,103954.8717643702
102,4.8,188.33333333333334,15.0,4680.03369140625,519774.35882185097
102,686.2142857142857,575.6428571428571,14.0,4881.1884765625,485122.7349003942
102,672.3333333333334,976.6666666666666,3.0,4012.94482421875,103954.8717643702
102,722.6666666666666,1108.3333333333333,6.0,4198.3544921875,207909.7435287404
102,1337.0,1318.0,1.0,3832.0341796875,34651.62392145673
102,1718.0,1944.0,1.0,3832.0341796875,34651.62392145673
102,262.9886363636364,1993.6704545454545,88.0,4881.1884765625,3049342.9050881923
103,1231.5,18.0,4.0,4013.02734375,138606.49568582693
103,714.0,534.5,2.0,4013.02734375,69303.24784291346
103,687.0,574.8,15.0,4981.89453125,519774.35882185097
103,672.5,976.0,2.0,4013.02734375,69303.24784291346
103,803.3333333333334,1171.3333333333333,3.0,4013.02734375,103954.8717643702
103,1146.0,1468.0,1.0,3921.96484375,34651.62392145673
103,1719.0,1943.0,1.0,4105.73046875,34651.62392145673
103,263.20454545454544,1993.1363636363637,88.0,4880.9873046875,3049342.9050881923
104,4.105263157894737,186.73684210526315,19.0,4582.037109375,658380.854507678
104,1562.0,312.0,1.0,3832.103515625,34651.62392145673
104,685.9230769230769,574.0,13.0,5085.298828125,450471.11097893753
104,644.0,605.5,2.0,3832.103515625,69303.24784291346
104,544.0,748.0,1.0,4105.8310546875,34651.62392145673
104,671.0,975.6666666666666,3.0,4012.9345703125,103954.8717643702
104,722.25,1107.0,4.0,4198.2763671875,138606.49568582693
104,1145.0,1467.0,1.0,5615.16796875,34651.62392145673
104,262.3875,1992.35,80.0,4881.017578125,2772129.913716539
105,1218.4285714285713,10.714285714285714,7.0,6056.37109375,242561.3674501971
105,4.0,188.0,16.0,4581.8095703125,554425.9827433077
105,654.6842105263158,509.42105263157896,38.0,4292.3115234375,1316761.709015356
105,1127.0,805.0,1.0,3922.00390625,34651.62392145673
105,671.6666666666666,977.0,3.0,3922.00390625,103954.8717643702
105,722.0,1108.25,4.0,4198.1650390625,138606.49568582693
105,295.25,1287.3333333333333,12.0,4292.3115234375,415819.4870574808
105,219.0,1901.5,2.0,4581.8095703125,69303.24784291346
105,1720.7142857142858,1944.7142857142858,7.0,7359.5078125,242561.3674501971
105,262.45348837209303,1993.8488372093022,86.0,4881.11572265625,2980039.657245279
106,1220.0,11.2,10.0,5833.716796875,346516.23921456735
106,693.0,65.0,1.0,3831.80712890625,34651.62392145673
106,163.75,149.875,8.0,4484.0234375,277212.99137165386
106,4.866666666666666,187.6,15.0,4484.0234375,519774.35882185097
106,1561.0,318.0,1.0,3831.80712890625,34651.62392145673
106,1332.0,500.0,1.0,3831.80712890625,34651.62392145673
106,646.0,606.5,2.0,4105.69189453125,69303.24784291346
106,1367.5,732.5,4.0,5833.716796875,138606.49568582693
106,672.0,976.0,1.0,4105.69189453125,34651.62392145673
106,723.6,1108.2,5.0,4292.24658203125,173258.11960728368
106,1722.8333333333333,1944.6666666666667,6.0,6751.40380859375,207909.7435287404
106,264.1264367816092,1993.3218390804598,87.0,4981.8896484375,3014691.2811667356
107,692.0,64.5,2.0,4292.0595703125,69303.24784291346
107,163.22222222222223,149.55555555555554,9.0,4105.755859375,311864.6152931106
107,4.125,187.3125,16.0,4387.31884765625,554425.9827433077
107,102.0,467.0,1.0,3832.0615234375,34651.62392145673
107,656.078947368421,508.44736842105266,38.0,4483.98291015625,1316761.709015356
107,714.0,534.0,1.0,3832.0615234375,34651.62392145673
107,687.5333333333333,575.0,15.0,5188.451171875,519774.35882185097
107,545.0,749.5,2.0,4105.755859375,69303.24784291346
107,1404.2307692307693,944.0,13.0,4105.755859375,450471.11097893753
107,723.3333333333334,1107.6666666666667,3.0,4387.31884765625,103954.8717643702
107,295.77777777777777,1287.5,18.0,4387.31884765625,623729.2305862212
107,1722.0,1944.3333333333333,3.0,5188.451171875,103954.8717643702
108,1211.5,137.0,2.0,3921.72900390625,69303.24784291346
108,163.0,148.375,8.0,4105.74560546875,277212.99137165386
108,619.0,393.0,3.0,6871.09912109375,103954.8717643702
108,687.3333333333334,574.4666666666667,15.0,5188.34765625,519774.35882185097
108,646.0,605.5,2.0,4013.19091796875,69303.24784291346
108,723.5,1107.5,4.0,4013.19091796875,138606.49568582693
108,263.9130434782609,1992.8369565217392,92.0,5085.22509765625,3187949.4007740193
109,162.125,147.75,8.0,4013.02587890625,277212.99137165386
109,2.75,185.91666666666666,12.0,4387.31884765625,415819.4870574808
109,619.2,391.6,5.0,5506.5439453125,173258.11960728368
109,1331.0,497.0,1.0,4013.02587890625,34651.62392145673
109,714.0,534.0,1.0,3921.9814453125,34651.62392145673
109,686.5882352941177,573.5882352941177,17.0,5188.451171875,589077.6066647645
109,1451.0,690.0,1.0,3921.9814453125,34651.62392145673
109,722.5,1107.0,2.0,4292.0595703125,69303.24784291346
109,263.0125,1992.2125,80.0,4981.916015625,2772129.913716539
110,3.1538461538461537,186.53846153846155,13.0,4198.341796875,450471.11097893753
110,1560.0,315.0,1.0,3831.81982421875,34651.62392145673
110,1735.5,409.0,2.0,3831.81982421875,69303.24784291346
110,654.7428571428571,507.37142857142857,35.0,4292.291015625,1212806.8372509857
110,722.3333333333334,1107.3333333333333,3.0,4013.13623046875,103954.8717643702
110,1141.0,1470.0,1.0,4581.91845703125,34651.62392145673
110,262.25581395348837,1992.6860465116279,86.0,4881.1201171875,2980039.657245279
111,1218.0,11.0,1.0,3831.83642578125,34651.62392145673
111,1210.0,129.0,1.0,3831.83642578125,34651.62392145673
111,94.5,450.0,2.0,4013.17724609375,69303.24784291346
111,686.9411764705883,574.3529411764706,17.0,5188.4814453125,589077.6066647645
111,6.0,940.0,1.0,3831.83642578125,34651.62392145673
111,669.0,980.0,1.0,3831.83642578125,34651.62392145673
111,295.27777777777777,1286.888888888889,18.0,4387.447265625,623729.2305862212
111,1142.5,1469.5,2.0,4780.46533203125,69303.24784291346
111,263.19101123595505,1992.7078651685392,89.0,4981.9169921875,3083994.529009649
112,2.3636363636363638,186.27272727272728,11.0,4013.1630859375,381167.86313602404
112,1560.0,315.0,1.0,3831.994140625,34651.62392145673
112,1724.0,365.0,1.0,3921.8359375,34651.62392145673
112,655.1515151515151,508.72727272727275,33.0,4387.38134765625,1143503.5894080722
112,686.4705882352941,573.7647058823529,17.0,5399.033203125,589077.6066647645
112,542.0,748.0,1.0,4105.60400390625,34651.62392145673
112,672.0,976.0,1.0,3831.994140625,34651.62392145673
112,294.5263157894737,1286.4736842105262,19.0,4581.91552734375,658380.854507678
112,262.8791208791209,1992.2857142857142,91.0,5084.95703125,3153297.7768525626
113,1230.0,17.0,1.0,4105.5302734375,34651.62392145673
113,1169.0,35.0,1.0,3831.9912109375,34651.62392145673
113,3.75,187.25,12.0,4292.1025390625,415819.4870574808
113,1729.0,371.0,1.0,3831.9912109375,34651.62392145673
113,712.0,534.0,1.0,3831.9912109375,34651.62392145673
113,686.5,574.5,18.0,5188.560546875,623729.2305862212
113,724.0,1129.0,1.0,3831.9912109375,34651.62392145673
113,818.0,1552.0,3.0,4292.1025390625,103954.8717643702
114,1137.0,0.0,1.0,3832.1259765625,34651.62392145673
114,1230.5,17.0,2.0,4105.8603515625,69303.24784291346
114,1169.0,35.0,1.0,3832.1259765625,34651.62392145673
114,4.0,187.45454545454547,11.0,4387.44140625,381167.86313602404
114,686.9411764705883,574.4117647058823,17.0,5085.291015625,589077.6066647645
114,764.0,689.0,1.0,3832.1259765625,34651.62392145673
114,1350.0,702.0,1.0,3832.1259765625,34651.62392145673
114,1402.7894736842106,943.7368421052631,19.0,4387.44140625,658380.854507678
114,0.0,943.0,1.0,3832.1259765625,34651.62392145673
114,672.5,976.0,2.0,3921.91796875,69303.24784291346
114,725.0,1129.0,1.0,3832.1259765625,34651.62392145673
114,294.72727272727275,1288.0,11.0,4291.9833984375,381167.86313602404
114,818.0,1551.0,1.0,4013.017578125,34651.62392145673
114,177.83333333333334,1617.0,6.0,6515.42578125,207909.7435287404
114,263.4020618556701,1993.2474226804125,97.0,4981.9873046875,3361207.520381303
115,1230.0,16.0,1.0,3921.8759765625,34651.62392145673
115,655.2105263157895,510.7368421052632,19.0,4105.5322265625,658380.854507678
115,0.0,571.0,1.0,3831.76171875,34651.62392145673
115,686.8,573.2,15.0,5398.9609375,519774.35882185097
115,762.5,689.5,2.0,4292.126953125,69303.24784291346
115,724.0,1128.0,1.0,3921.8759765625,34651.62392145673
115,1142.0,1469.0,1.0,5188.369140625,34651.62392145673
115,219.0,1907.0,1.0,4198.0947265625,34651.62392145673
115,1692.0,1959.5,2.0,3921.8759765625,69303.24784291346
116,1141.2,0.4,5.0,5615.046875,173258.11960728368
116,162.0,150.0,1.0,3832.1337890625,34651.62392145673
116,687.15,573.95,20.0,5399.0400390625,693032.4784291347
116,763.0,690.0,3.0,4679.9970703125,103954.8717643702
116,1019.0,963.0,1.0,3921.76953125,34651.62392145673
116,672.5,976.0,2.0,4105.44921875,69303.24784291346
116,294.22222222222223,1288.2222222222222,9.0,4198.0234375,311864.6152931106
116,1143.0,1469.6666666666667,3.0,5293.2412109375,103954.8717643702
116,178.0,1617.3333333333333,12.0,10493.56640625,415819.4870574808
116,1692.75,1961.0,4.0,5723.78515625,138606.49568582693
116,263.5744680851064,1993.0531914893618,94.0,4881.3095703125,3257252.648616933
117,1140.7142857142858,0.2857142857142857,7.0,4780.3837890625,242561.3674501971
117,5.111111111111111,188.22222222222223,9.0,4012.935546875,311864.6152931106
117,688.3529411764706,574.8823529411765,17.0,5293.2802734375,589077.6066647645
117,644.1818181818181,606.2727272727273,11.0,4105.8447265625,381167.86313602404
117,726.0,1131.0,1.0,3921.9228515625,34651.62392145673
117,179.33333333333334,1618.8095238095239,21.0,16512.529296875,727684.1023505913
117,1694.0,1961.5,4.0,5293.2802734375,138606.49568582693
117,264.96875,1994.2083333333333,96.0,5293.2802734375,3326555.8964598463
118,1212.0,11.0,1.0,3832.0615234375,34651.62392145673
118,1173.0,37.0,1.0,3921.9814453125,34651.62392145673
118,163.0,150.0,1.0,3921.9814453125,34651.62392145673
118,713.0,533.0,1.0,3832.0615234375,34651.62392145673
118,688.5,574.5,20.0,5399.2021484375,693032.4784291347
118,726.0,1130.0,1.0,3832.0615234375,34651.62392145673
118,264.85263157894735,1993.7263157894736,95.0,4780.4384765625,3291904.2725383895
119,1124.0,17.0,1.0,4581.93701171875,34651.62392145673
119,688.0952380952381,574.1904761904761,21.0,5506.345703125,727684.1023505913
119,673.5,977.0,4.0,4013.0400390625,138606.49568582693
119,725.0,1130.0,1.0,3832.009765625,34651.62392145673
119,179.83333333333334,1618.75,24.0,18821.6875,831638.9741149616
119,1693.5,1961.0,2.0,4581.93701171875,69303.24784291346
120,1172.0,37.666666666666664,3.0,3921.931640625,103954.8717643702
120,686.8888888888889,573.6111111111111,18.0,5398.9130859375,623729.2305862212
120,672.0,976.5,4.0,4292.048828125,138606.49568582693
120,174.73529411764707,1616.3823529411766,34.0,11248.8603515625,1178155.213329529
120,1692.5,1960.5,4.0,4680.0400390625,138606.49568582693
121,189.0,129.0,1.0,3921.7666015625,34651.62392145673
121,1563.0,322.0,1.0,3921.7666015625,34651.62392145673
121,686.75,573.65,20.0,5293.11767578125,693032.4784291347
121,767.0,687.0,1.0,3921.7666015625,34651.62392145673
121,723.5,1129.0,2.0,3831.90576171875,69303.24784291346
121,296.4,1288.0,10.0,4013.18994140625,346516.23921456735
121,173.75555555555556,1615.7111111111112,45.0,15415.0703125,1559323.076465553
122,1216.0,12.0,1.0,3921.96142578125,34651.62392145673
122,1183.0,40.5,2.0,4105.7216796875,69303.24784291346
122,192.0,129.0,1.0,4013.013671875,34651.62392145673
122,110.0,450.0,1.0,3921.96142578125,34651.62392145673
122,688.4090909090909,573.8181818181819,22.0,5615.20458984375,762335.7262720481
122,548.0,751.0,1.0,3921.96142578125,34651.62392145673
122,673.0,975.75,4.0,4484.16845703125,138606.49568582693
122,725.0,1129.0,1.0,3921.96142578125,34651.62392145673
122,298.22222222222223,1288.5555555555557,9.0,4013.013671875,311864.6152931106
122,175.3695652173913,1615.7173913043478,46.0,20859.69140625,1593974.7003870097
122,264.55102040816325,1992.9897959183672,98.0,4881.15673828125,3395859.14430276
123,1174.0,38.0,1.0,3832.103515625,34651.62392145673
123,191.75,129.75,4.0,4387.2255859375,138606.49568582693
123,688.4782608695652,573.9130434782609,23.0,5188.5673828125,796987.3501935048
123,769.0,686.5,4.0,4105.8310546875,138606.49568582693
123,548.0,751.0,1.0,3921.8427734375,34651.62392145673
123,0.0,945.0,1.0,3832.103515625,34651.62392145673
123,673.0,976.5,4.0,4198.2763671875,138606.49568582693
123,1143.0,1471.5,4.0,6751.56787109375,138606.49568582693
123,264.8453608247423,1993.5257731958764,97.0,4881.017578125,3361207.520381303
124,1143.896551724138,5.862068965517241,29.0,7113.6396484375,1004897.0937222452
124,1214.4,8.2,5.0,4780.537109375,173258.11960728368
124,1568.0,386.0,1.0,3921.8857421875,34651.62392145673
124,686.6666666666666,572.0833333333334,24.0,5188.6611328125,831638.9741149616
124,1418.0,642.0,1.0,3921.8857421875,34651.62392145673
124,671.5,975.5,6.0,4012.955078125,207909.7435287404
124,723.0,1127.0,1.0,3831.7802734375,34651.62392145673
124,1140.3333333333333,1470.3333333333333,3.0,8926.34765625,103954.8717643702
124,1693.5,1969.0,4.0,6170.6650390625,138606.49568582693
124,263.0217391304348,1991.6847826086957,92.0,4981.94921875,3187949.4007740193
125,1206.0,138.0,1.0,3831.763671875,34651.62392145673
125,3.5,186.0,4.0,4012.9228515625,138606.49568582693
125,685.9090909090909,571.8636363636364,22.0,5399.162109375,762335.7262720481
125,670.8,975.2,5.0,4105.5888671875,173258.11960728368
125,1692.6666666666667,1969.0,3.0,5085.265625,103954.8717643702
125,262.43689320388347,1991.6504854368932,103.0,5188.3671875,3569117.2639100435
126,1212.6,6.4,5.0,4780.3916015625,173258.11960728368
126,686.3333333333334,572.7619047619048,21.0,5398.8818359375,727684.1023505913
126,630.0,607.5,2.0,3831.7900390625,69303.24784291346
126,545.0,750.0,1.0,4012.9140625,34651.62392145673
126,670.8,975.6,5.0,4198.2099609375,173258.11960728368
126,1698.0,1946.0,1.0,3921.9345703125,34651.62392145673
127,1214.0,6.5,2.0,4292.240234375,69303.24784291346
127,1212.0,131.0,1.0,3921.69970703125,34651.62392145673
127,161.0,138.5,2.0,3831.82275390625,69303.24784291346
127,687.6363636363636,573.5909090909091,22.0,5398.994140625,762335.7262720481
127,672.0,976.5,2.0,4387.30859375,69303.24784291346
127,724.0,1130.0,1.0,4105.671875,34651.62392145673
127,296.1111111111111,1288.7777777777778,9.0,4105.671875,311864.6152931106
127,1701.125,1949.25,8.0,6170.57470703125,277212.99137165386
127,264.00943396226415,1993.2264150943397,106.0,5085.2353515625,3673072.1356744138
128,1173.0,38.0,1.0,4292.2578125,34651.62392145673
128,201.66666666666666,125.66666666666667,3.0,5399.1728515625,103954.8717643702
128,5.571428571428571,188.42857142857142,7.0,4013.17431640625,242561.3674501971
128,688.5416666666666,573.7916666666666,24.0,5833.8115234375,831638.9741149616
128,673.3333333333334,976.6666666666666,3.0,4198.3330078125,103954.8717643702
128,725.6666666666666,1130.3333333333333,3.0,3832.052734375,103954.8717643702
128,297.875,1288.875,8.0,4105.75390625,277212.99137165386
129,5.5,189.0,4.0,4387.3076171875,138606.49568582693
129,1571.0,387.0,1.0,3832.052734375,34651.62392145673
129,688.6363636363636,573.5,22.0,5399.0537109375,762335.7262720481
129,542.6666666666666,750.0,3.0,4198.107421875,103954.8717643702
129,725.5,1130.0,2.0,4013.2138671875,69303.24784291346
129,791.3333333333334,1173.4895833333333,96.0,5085.251953125,3326555.8964598463
129,1142.5,1472.5,2.0,5399.0537109375,69303.24784291346
129,264.71875,1993.1458333333333,96.0,4881.12255859375,3326555.8964598463
130,1215.0,8.5,2.0,4198.2158203125,69303.24784291346
130,98.66666666666667,195.33333333333334,3.0,6399.9287109375,103954.8717643702
130,688.4347826086956,572.7826086956521,23.0,5723.830078125,796987.3501935048
130,1023.0,959.0,1.0,3832.02783203125,34651.62392145673
130,673.3333333333334,975.6666666666666,3.0,4013.08447265625,103954.8717643702
130,725.0,1128.0,1.0,3832.02783203125,34651.62392145673
130,297.2,1287.8,15.0,4198.2158203125,519774.35882185097
130,264.46078431372547,1992.2843137254902,102.0,4981.77734375,3534465.639988587
131,4.166666666666667,187.5,6.0,4105.59423828125,207909.7435287404
131,687.0,572.2608695652174,23.0,5188.39013671875,796987.3501935048
131,0.5,943.0,2.0,3921.92041015625,69303.24784291346
131,724.0,1128.0,1.0,3832.00830078125,34651.62392145673
131,1153.5,1468.0,2.0,4198.255859375,69303.24784291346
132,5.0,188.0,3.0,3832.072265625,103954.8717643702
132,1569.0,386.0,1.0,3921.7939453125,34651.62392145673
132,726.5,526.5,2.0,3832.072265625,69303.24784291346
132,687.8571428571429,572.1428571428571,21.0,5614.95166015625,727684.1023505913
132,642.0,609.0,1.0,3921.7939453125,34651.62392145673
132,541.0,749.0,1.0,4198.36083984375,34651.62392145673
132,1402.2857142857142,942.3214285714286,28.0,4581.8232421875,970245.4698007884
132,672.2,975.6,5.0,4012.99560546875,173258.11960728368
132,725.0,1110.0,1.0,4012.99560546875,34651.62392145673
132,296.8333333333333,1287.3333333333333,18.0,4484.10693359375,623729.2305862212
132,1143.0,1470.0,1.0,4012.99560546875,34651.62392145673
132,174.66666666666666,1615.2708333333333,48.0,16512.3984375,1663277.9482299231
132,263.4725274725275,1991.7912087912089,91.0,4881.1904296875,3153297.7768525626
133,193.0,130.4,10.0,4780.5478515625,346516.23921456735
133,1210.0,131.0,1.0,3921.71630859375,34651.62392145673
133,1570.0,387.0,1.0,3832.02685546875,34651.62392145673
133,1884.5,496.25,4.0,5188.28564453125,138606.49568582693
133,1334.0,497.0,1.0,3832.02685546875,34651.62392145673
133,1431.0,699.0,1.0,4013.06005859375,34651.62392145673
133,673.0,976.5,2.0,3921.71630859375,69303.24784291346
133,725.0,1130.0,1.0,4013.06005859375,34651.62392145673
133,173.5,1616.42,50.0,10493.5146484375,1732581.1960728366
133,264.0537634408602,1993.279569892473,93.0,4981.76904296875,3222601.024695476
134,1233.0,20.0,1.0,3831.822265625,34651.62392145673
134,98.0,190.5,2.0,5506.3564453125,69303.24784291346
134,1335.0,494.0,1.0,3921.7958984375,34651.62392145673
134,1884.8333333333333,495.3333333333333,6.0,5188.4189453125,207909.7435287404
134,688.875,572.375,24.0,5188.4189453125,831638.9741149616
134,654.0,618.0,1.0,3831.822265625,34651.62392145673
134,542.5,749.5,2.0,4013.16796875,69303.24784291346
134,673.3333333333334,975.6666666666666,3.0,4013.16796875,103954.8717643702
134,810.0,1170.0,1.0,3831.822265625,34651.62392145673
134,298.25,1287.0,16.0,4291.9462890625,554425.9827433077
134,172.02439024390245,1614.4146341463415,41.0,7993.91796875,1420716.580779726
135,1232.3333333333333,20.666666666666668,3.0,3921.7958984375,103954.8717643702
135,1211.0,131.0,1.0,3831.822265625,34651.62392145673
135,97.0,189.0,3.0,6170.669921875,103954.8717643702
135,1884.0,495.5,2.0,4105.4716796875,69303.24784291346
135,654.0,617.0,1.0,3831.822265625,34651.62392145673
135,916.0,668.0,1.0,3831.822265625,34651.62392145673
135,542.5,749.5,4.0,4013.16796875,138606.49568582693
135,27.666666666666668,925.6666666666666,3.0,4013.16796875,103954.8717643702
135,810.0,1171.0,1.0,3831.822265625,34651.62392145673
136,1231.3333333333333,21.333333333333332,3.0,4780.3994140625,103954.8717643702
136,23.0,173.0,1.0,4012.9599609375,34651.62392145673
136,96.0,189.0,3.0,5614.923828125,103954.8717643702
136,1725.5,402.5,2.0,4012.9599609375,69303.24784291346
136,1334.0,494.0,1.0,3921.7255859375,34651.62392145673
136,1884.5,495.0,2.0,4198.111328125,69303.24784291346
136,632.5,609.0,2.0,3831.8330078125,69303.24784291346
136,541.0,749.0,1.0,3831.8330078125,34651.62392145673
136,5.0,940.0,1.0,3831.8330078125,34651.62392145673
136,673.0,976.0,4.0,4012.9599609375,138606.49568582693
136,795.5,1172.0,2.0,3921.7255859375,69303.24784291346
136,1704.9538461538461,1950.6153846153845,65.0,11557.6630859375,2252355.5548946876
136,263.7524752475247,1992.1782178217823,101.0,4881.025390625,3499814.01606713
137,1229.3333333333333,19.333333333333332,3.0,4483.927734375,103954.8717643702
137,1208.6666666666667,129.33333333333334,3.0,3832.00830078125,103954.8717643702
137,94.0,187.0,1.0,4387.2978515625,34651.62392145673
137,1560.0,321.0,1.0,3832.00830078125,34651.62392145673
137,1726.7142857142858,396.57142857142856,7.0,4780.47265625,242561.3674501971
137,1332.0,491.0,1.0,3832.00830078125,34651.62392145673
137,725.0,526.0,1.0,3832.00830078125,34651.62392145673
137,1416.0,651.0,1.0,3832.00830078125,34651.62392145673
137,84.33333333333333,864.6666666666666,3.0,4981.71826171875,103954.8717643702
137,799.5,1175.0,2.0,3921.71728515625,69303.24784291346
137,177.5,1615.85,20.0,8926.5087890625,693032.4784291347
137,1701.8,1949.2857142857142,35.0,8654.1884765625,1212806.8372509857
137,261.8333333333333,1990.3921568627452,102.0,4881.095703125,3534465.639988587
138,1230.0,20.5,2.0,4198.1455078125,69303.24784291346
138,1210.0,131.0,1.0,4012.98388671875,34651.62392145673
138,95.0,189.0,3.0,4780.54052734375,103954.8717643702
138,1727.3333333333333,398.0,3.0,4105.564453125,103954.8717643702
138,655.047619047619,512.8095238095239,21.0,4198.1455078125,727684.1023505913
138,540.3333333333334,748.6666666666666,3.0,3921.80908203125,103954.8717643702
138,891.0,814.0,1.0,3921.80908203125,34651.62392145673
138,672.1428571428571,977.0,7.0,4105.564453125,242561.3674501971
138,724.0,1128.0,1.0,3921.80908203125,34651.62392145673
138,790.8367346938776,1172.8673469387754,98.0,5188.41796875,3395859.14430276
138,178.38888888888889,1616.9444444444443,18.0,7865.2255859375,623729.2305862212
138,262.5660377358491,1991.1037735849056,106.0,4981.76806640625,3673072.1356744138
139,96.4,189.6,5.0,5293.0478515625,173258.11960728368
139,1727.3333333333333,401.3333333333333,3.0,4198.1455078125,103954.8717643702
139,643.5714285714286,606.0714285714286,14.0,4292.1318359375,485122.7349003942
139,542.0,750.0,1.0,3832.039794921875,34651.62392145673
139,673.0,977.5555555555555,9.0,4012.98388671875,311864.6152931106
139,181.375,1619.125,8.0,6056.587890625,277212.99137165386
139,263.9230769230769,1992.3173076923076,104.0,5085.193359375,3603768.8878315003
140,1138.0,0.0,1.0,3831.85986328125,34651.62392145673
140,1174.5,39.0,2.0,4198.2607421875,69303.24784291346
140,96.5,190.0,4.0,5188.42333984375,138606.49568582693
140,1460.6666666666667,381.6666666666667,3.0,4387.32373046875,103954.8717643702
140,1728.0,402.0,1.0,4105.634765625,34651.62392145673
140,1893.6666666666667,500.6666666666667,3.0,4387.32373046875,103954.8717643702
140,718.0,539.0,1.0,4013.00830078125,34651.62392145673
140,689.0,573.1481481481482,27.0,5293.06787109375,935593.8458793318
140,644.0,607.0,14.0,4387.32373046875,485122.7349003942
140,1418.0,654.0,1.0,3921.84765625,34651.62392145673
140,542.0,751.0,1.0,4105.634765625,34651.62392145673
140,673.625,978.375,8.0,4198.2607421875,277212.99137165386
140,180.66666666666666,1619.3333333333333,9.0,5615.2080078125,311864.6152931106
140,264.68518518518516,1993.361111111111,108.0,4981.7734375,3742375.3835173273
141,1141.0,10.0,1.0,3832.002685546875,34651.62392145673
141,1232.0,20.0,1.0,3921.93017578125,34651.62392145673
141,1174.5,38.0,2.0,4013.17041015625,69303.24784291346
141,696.0,60.0,1.0,3832.002685546875,34651.62392145673
141,1212.5,131.5,4.0,4292.142578125,138606.49568582693
141,0.0,180.0,1.0,4013.17041015625,34651.62392145673
141,97.0,189.5,2.0,4484.03173828125,69303.24784291346
141,1460.0,382.0,1.0,3832.002685546875,34651.62392145673
141,1728.0,401.0,1.0,4013.17041015625,34651.62392145673
141,689.32,571.96,25.0,5188.3544921875,866290.5980364183
141,1.0,610.0,1.0,3832.002685546875,34651.62392145673
141,673.4,976.6,5.0,4198.27685546875,173258.11960728368
141,725.0,1129.0,1.0,3832.002685546875,34651.62392145673
141,297.5,1288.5,2.0,3921.93017578125,69303.24784291346
142,1231.5,19.5,2.0,3832.003662109375,69303.24784291346
142,1174.0,38.0,1.0,4105.6083984375,34651.62392145673
142,1212.2,131.4,5.0,4105.6083984375,173258.11960728368
142,96.0,188.0,1.0,4105.6083984375,34651.62392145673
142,1563.0,315.0,1.0,3832.003662109375,34651.62392145673
142,1726.0,402.0,1.0,4387.5302734375,34651.62392145673
142,1335.0,495.0,1.0,3832.003662109375,34651.62392145673
142,718.0,537.0,1.0,4198.1962890625,34651.62392145673
142,99.0,827.0,1.0,3921.74609375,34651.62392145673
142,38.0,919.0,1.0,3832.003662109375,34651.62392145673
142,0.5,943.0,2.0,4105.6083984375,69303.24784291346
142,673.2857142857143,976.4285714285714,7.0,4105.6083984375,242561.3674501971
142,264.03,1991.31,100.0,5188.42578125,3465162.3921456733
143,1231.5,20.0,2.0,4198.2333984375,69303.24784291346
143,201.0,123.0,1.0,4198.2333984375,34651.62392145673
143,1212.4,131.8,5.0,4013.1123046875,173258.11960728368
143,161.0,147.5,2.0,4105.6728515625,69303.24784291346
143,96.0,189.0,1.0,4013.1123046875,34651.62392145673
143,1461.0,379.5,2.0,4780.6298828125,69303.24784291346
143,656.5925925925926,513.7777777777778,27.0,4292.091796875,935593.8458793318
143,718.0,538.0,1.0,3921.849365234375,34651.62392145673
143,1309.2,651.4,5.0,5506.408203125,173258.11960728368
143,120.0,830.6666666666666,3.0,4013.1123046875,103954.8717643702
143,1.0,943.0,1.0,3831.884033203125,34651.62392145673
143,673.4285714285714,977.0,7.0,4292.091796875,242561.3674501971
143,724.5,1128.5,2.0,3831.884033203125,69303.24784291346
144,696.0,60.0,1.0,3831.90576171875,34651.62392145673
144,1213.0,133.0,7.0,4105.6552734375,242561.3674501971
144,718.0,538.0,1.0,3831.90576171875,34651.62392145673
144,0.5,943.0,2.0,4198.12060546875,69303.24784291346
144,673.6666666666666,977.0,9.0,4198.12060546875,311864.6152931106
144,343.5,1126.0,2.0,7235.9306640625,69303.24784291346
144,724.5,1129.25,4.0,3921.7666015625,138606.49568582693
144,298.0,1288.8,5.0,4013.18994140625,173258.11960728368
144,223.0,1901.0,1.0,3831.90576171875,34651.62392145673
145,1232.5,21.5,4.0,4292.0576171875,138606.49568582693
145,1214.0,133.5,4.0,4292.0576171875,138606.49568582693
145,162.0,148.0,1.0,3831.8857421875,34651.62392145673
145,4.333333333333333,188.33333333333334,3.0,4198.34423828125,103954.8717643702
145,1334.0,500.0,1.0,3831.8857421875,34651.62392145673
145,657.741935483871,514.4193548387096,31.0,4387.359375,1074200.3415651587
145,719.0,539.0,1.0,3831.8857421875,34651.62392145673
145,610.0,613.0,1.0,3831.8857421875,34651.62392145673
145,674.3333333333334,978.3333333333334,9.0,4105.76513671875,311864.6152931106
145,298.0,1289.5,4.0,4013.186279296875,138606.49568582693
146,1232.5,21.0,2.0,3921.7080078125,69303.24784291346
146,1213.25,133.25,4.0,4105.8369140625,138606.49568582693
146,5.0,188.0,1.0,3921.7080078125,34651.62392145673
146,0.0,946.0,1.0,3831.919921875,34651.62392145673
146,673.6666666666666,977.6666666666666,6.0,4013.15234375,207909.7435287404
146,162.5,1614.0,2.0,4198.1083984375,69303.24784291346
146,264.97115384615387,1992.423076923077,104.0,5188.2646484375,3603768.8878315003
147,1213.4,133.2,5.0,4292.173828125,173258.11960728368
147,5.0,188.0,1.0,3831.83203125,34651.62392145673
147,1468.0,387.0,1.0,3921.75390625,34651.62392145673
147,1334.0,497.0,1.0,3831.83203125,34651.62392145673
147,1882.3333333333333,498.6666666666667,3.0,4105.65869140625,103954.8717643702
147,718.0,537.0,1.0,4013.1259765625,34651.62392145673
147,1438.0,716.0,1.0,4198.19091796875,34651.62392145673
147,1403.857142857143,944.7857142857143,14.0,4198.19091796875,485122.7349003942
147,673.8333333333334,977.0,6.0,4387.31689453125,207909.7435287404
148,1213.0,132.83333333333334,6.0,4105.6240234375,207909.7435287404
148,1467.0,389.0,1.0,3831.86083984375,34651.62392145673
148,718.5,537.0,2.0,3831.86083984375,69303.24784291346
148,1438.0,715.5,2.0,4981.8291015625,69303.24784291346
148,542.5,749.0,6.0,4780.4765625,207909.7435287404
148,4.0,941.0,1.0,3921.76904296875,34651.62392145673
148,673.5,976.5,6.0,4013.02392578125,207909.7435287404
148,629.0,1063.0,1.0,3921.76904296875,34651.62392145673
148,726.0,1128.0,1.0,3831.86083984375,34651.62392145673
148,264.59223300970876,1991.3592233009708,103.0,4981.8291015625,3569117.2639100435
149,1210.1666666666667,130.5,6.0,4013.03564453125,207909.7435287404
149,715.6666666666666,534.3333333333334,3.0,4013.03564453125,103954.8717643702
149,540.5,748.0,6.0,4387.3447265625,207909.7435287404
149,723.0,1127.0,1.0,3831.98291015625,34651.62392145673
149,261.61682242990656,1989.411214953271,107.0,4981.80615234375,3707723.7595958705
150,692.0,57.0,1.0,4012.98974609375,34651.62392145673
150,1210.8,131.6,5.0,4012.98974609375,173258.11960728368
150,2.0,186.0,1.0,3831.904296875,34651.62392145673
150,1912.3,292.95,20.0,4292.025390625,693032.4784291347
150,1566.0,310.0,1.0,3831.904296875,34651.62392145673
150,752.0,495.5,2.0,4012.98974609375,69303.24784291346
150,715.8,535.2,5.0,4012.98974609375,173258.11960728368
150,672.3333333333334,976.0,3.0,4198.30810546875,103954.8717643702
150,724.0,1128.0,1.0,4012.98974609375,34651.62392145673
150,160.22222222222223,1615.6666666666667,9.0,5945.07666015625,311864.6152931106
150,1702.6,1952.2,5.0,5084.994140625,173258.11960728368
150,262.19444444444446,1990.0648148148148,108.0,5188.38525390625,3742375.3835173273
151,1914.4,294.2,20.0,4198.4208984375,693032.4784291347
151,1334.5,494.0,2.0,4012.9013671875,69303.24784291346
151,752.6666666666666,496.3333333333333,3.0,4012.9013671875,103954.8717643702
151,655.6428571428571,512.3214285714286,28.0,4198.4208984375,970245.4698007884
151,717.5,537.0,2.0,4012.9013671875,69303.24784291346
151,612.0,611.3333333333334,3.0,3921.6416015625,103954.8717643702
151,672.5,976.5,4.0,3921.6416015625,138606.49568582693
151,294.07142857142856,1289.357142857143,14.0,4292.251953125,485122.7349003942
151,263.15384615384613,1991.326923076923,104.0,5085.3154296875,3603768.8878315003
152,1211.5,133.0,6.0,4105.7421875,207909.7435287404
152,1652.0,373.0,1.0,3831.95556640625,34651.62392145673
152,1334.3333333333333,494.0,3.0,3831.95556640625,103954.8717643702
152,753.0,496.5,2.0,4292.19580078125,69303.24784291346
152,656.3809523809524,512.4761904761905,21.0,4387.4677734375,727684.1023505913
152,717.6666666666666,537.3333333333334,3.0,4013.116455078125,103954.8717643702
152,611.5,611.5,2.0,3921.9345703125,69303.24784291346
152,542.0,749.8,5.0,4198.126953125,173258.11960728368
152,673.3333333333334,977.0,3.0,3921.9345703125,103954.8717643702
152,725.0,1129.5,2.0,3921.9345703125,69303.24784291346
152,294.75,1289.9375,16.0,4387.4677734375,554425.9827433077
152,164.0,1619.0,1.0,3921.9345703125,34651.62392145673
152,1701.4,1958.2,5.0,5085.166015625,173258.11960728368
152,263.94392523364485,1991.766355140187,107.0,4981.71435546875,3707723.7595958705
153,1212.6,133.2,5.0,4013.17041015625,173258.11960728368
153,1915.5,295.1666666666667,18.0,4198.27685546875,623729.2305862212
153,754.0,498.0,1.0,3832.002685546875,34651.62392145673
153,657.3571428571429,512.8928571428571,28.0,4484.03173828125,970245.4698007884
153,718.5,537.5,4.0,3921.93017578125,138606.49568582693
153,50.2,920.4,5.0,4013.17041015625,173258.11960728368
153,674.0,977.0,1.0,3832.002685546875,34651.62392145673
153,726.5,1130.0,2.0,4105.7236328125,69303.24784291346
153,295.6111111111111,1290.7222222222222,18.0,4387.3212890625,623729.2305862212
153,264.9252336448598,1992.607476635514,107.0,5188.3544921875,3707723.7595958705
154,1227.0,19.0,1.0,3831.912841796875,34651.62392145673
154,1212.7142857142858,133.85714285714286,7.0,4105.59814453125,242561.3674501971
154,1916.5833333333333,295.5,12.0,4292.162109375,415819.4870574808
154,1337.0,495.0,1.0,3831.912841796875,34651.62392145673
154,718.5,537.5,4.0,3921.843994140625,138606.49568582693
154,456.0,788.0,1.0,3921.843994140625,34651.62392145673
154,674.0,978.5,2.0,3921.843994140625,69303.24784291346
154,159.11111111111111,1616.2222222222222,9.0,5723.71337890625,311864.6152931106
155,1226.0,19.0,1.0,3831.96240234375,34651.62392145673
155,1828.75,95.5,4.0,4581.99267578125,138606.49568582693
155,1211.7777777777778,132.88888888888889,9.0,4198.376953125,311864.6152931106
155,1335.0,493.0,1.0,3831.96240234375,34651.62392145673
155,1550.0,583.0,3.0,3831.96240234375,103954.8717643702
155,615.0,612.0,1.0,3831.96240234375,34651.62392145673
155,295.0,865.0,1.0,3921.8623046875,34651.62392145673
155,1704.1666666666667,1956.1666666666667,18.0,10053.5478515625,623729.2305862212
155,265.2474226804124,1992.1546391752577,97.0,5399.20458984375,3361207.520381303
156,1211.857142857143,132.71428571428572,7.0,4198.3330078125,242561.3674501971
156,1915.875,294.125,8.0,4105.74267578125,277212.99137165386
156,726.0,1128.0,1.0,3921.80712890625,34651.62392145673
156,294.8333333333333,1289.5555555555557,18.0,4679.9501953125,623729.2305862212
156,1703.75,1955.125,16.0,8387.0361328125,554425.9827433077
156,265.25233644859816,1991.8411214953271,107.0,5292.986328125,3707723.7595958705
157,1828.0,95.0,3.0,3921.72900390625,103954.8717643702
157,1212.142857142857,132.0,7.0,4582.0029296875,242561.3674501971
157,1724.0,383.0,1.0,4198.30078125,34651.62392145673
157,717.5,537.0,4.0,4013.19091796875,138606.49568582693
157,1551.0,572.0,1.0,3832.08935546875,34651.62392145673
157,725.0,1129.0,1.0,3832.08935546875,34651.62392145673
157,295.8888888888889,1289.5,18.0,4292.3134765625,623729.2305862212
157,1703.3333333333333,1953.6666666666667,3.0,4387.4189453125,103954.8717643702
158,1561.0,316.0,1.0,3832.02783203125,34651.62392145673
158,1550.0,572.0,1.0,3832.02783203125,34651.62392145673
158,541.4,750.2,5.0,4013.08447265625,173258.11960728368
158,673.0,976.5,2.0,4013.08447265625,69303.24784291346
158,66.0,1119.0,1.0,3921.91943359375,34651.62392145673
158,724.0,1128.0,1.0,3832.02783203125,34651.62392145673
158,263.54237288135596,1990.8305084745762,118.0,5292.9609375,4088891.6227318943
159,314.4,22.6,5.0,6284.75390625,173258.11960728368
159,715.75,536.25,8.0,4198.09375,277212.99137165386
159,632.0578378378378,647.5794594594595,1850.0,8387.125,64105504.25469495
159,1350.0,708.5,4.0,4013.2294921875,138606.49568582693
159,541.0,750.0,1.0,3832.04248046875,34651.62392145673
159,1421.6666666666667,856.3333333333334,3.0,4981.677734375,103954.8717643702
159,673.0,976.5,2.0,4105.49462890625,69303.24784291346
159,57.871428571428574,999.5142857142857,70.0,5399.21044921875,2425613.6745019713
159,294.0,1288.7142857142858,21.0,4483.9150390625,727684.1023505913
159,263.3333333333333,1991.3947368421052,114.0,5084.974609375,3950285.1270460673
160,314.3333333333333,22.666666666666668,3.0,5293.1865234375,103954.8717643702
160,1320.0,38.0,1.0,3921.85986328125,34651.62392145673
160,1209.25,131.5,4.0,4198.2880859375,138606.49568582693
160,1649.0,371.5,2.0,3831.832763671875,69303.24784291346
160,610.5,609.5,2.0,3921.85986328125,69303.24784291346
160,58.0,800.0,1.0,3921.85986328125,34651.62392145673
160,672.3333333333334,975.6666666666666,3.0,3921.85986328125,103954.8717643702
160,262.859649122807,1989.9298245614036,114.0,5398.962890625,3950285.1270460673
161,687.0,48.5,2.0,4780.603515625,69303.24784291346
161,1209.5,131.5,2.0,4105.51123046875,69303.24784291346
161,1560.0,315.0,1.0,3831.91064453125,34651.62392145673
161,672.5,976.0,2.0,4105.51123046875,69303.24784291346
162,686.6666666666666,47.333333333333336,3.0,6400.07421875,103954.8717643702
162,1209.0,131.0,1.0,3831.832763671875,34651.62392145673
162,1560.6666666666667,315.3333333333333,3.0,3921.85986328125,103954.8717643702
162,715.0,534.2857142857143,7.0,4105.6748046875,242561.3674501971
162,1548.0,576.0,1.0,3921.85986328125,34651.62392145673
162,540.5,749.0,2.0,4013.062255859375,69303.24784291346
162,1421.0,855.0,1.0,3921.85986328125,34651.62392145673
162,1402.0,939.7142857142857,7.0,4581.90234375,242561.3674501971
162,672.6666666666666,975.6666666666666,3.0,4013.062255859375,103954.8717643702
162,57.442622950819676,998.1147540983607,61.0,4387.50927734375,2113749.0592088606
162,262.4347826086956,1989.817391304348,115.0,5293.1865234375,3984936.750967524
163,687.0,50.0,1.0,4105.6748046875,34651.62392145673
163,1554.0,534.0,1.0,4105.6748046875,34651.62392145673
163,716.1428571428571,537.1428571428571,7.0,4105.6748046875,242561.3674501971
163,541.0,751.0,1.0,3921.85986328125,34651.62392145673
163,107.0,769.0,1.0,3831.832763671875,34651.62392145673
163,1422.0,857.6666666666666,3.0,4484.1181640625,103954.8717643702
163,672.0,978.5,2.0,4013.062255859375,69303.24784291346
163,718.0,1098.0,1.0,3831.832763671875,34651.62392145673
163,295.6666666666667,1289.0555555555557,18.0,4387.50927734375,623729.2305862212
163,263.33035714285717,1992.4642857142858,112.0,4981.7353515625,3880981.879203154
164,316.1666666666667,25.5,6.0,4484.1220703125,207909.7435287404
164,1322.0,38.0,1.0,3921.94970703125,34651.62392145673
164,717.75,538.0,4.0,4105.5888671875,138606.49568582693
164,889.0,794.0,1.0,3831.9072265625,34651.62392145673
164,674.3333333333334,978.3333333333334,3.0,4013.1767578125,103954.8717643702
164,725.0,1130.0,1.0,3831.9072265625,34651.62392145673
164,264.38392857142856,1992.2857142857142,112.0,5188.466796875,3880981.879203154
165,1322.0,39.0,1.0,3831.98046875,34651.62392145673
165,717.5,536.5,2.0,4105.5419921875,69303.24784291346
165,615.0,611.0,1.0,3831.98046875,34651.62392145673
165,674.8,977.8,5.0,3921.89404296875,173258.11960728368
165,264.72477064220186,1990.880733944954,109.0,4881.14111328125,3777027.007438784
166,717.3333333333334,536.6666666666666,3.0,3921.91357421875,103954.8717643702
166,616.0,611.5,2.0,3921.91357421875,69303.24784291346
166,1404.3333333333333,941.3333333333334,6.0,4780.56884765625,207909.7435287404
166,674.5,978.0,4.0,4013.139892578125,138606.49568582693
166,296.72222222222223,1288.5,18.0,4198.1787109375,623729.2305862212
166,264.3893805309734,1991.345132743363,113.0,4780.56884765625,3915633.5031246105
167,315.8,27.0,25.0,8654.009765625,866290.5980364183
167,1324.0,38.0,1.0,3831.932861328125,34651.62392145673
167,156.0,147.5,2.0,3921.940673828125,69303.24784291346
167,1335.0,494.0,1.0,3831.932861328125,34651.62392145673
167,542.0,750.0,1.0,4198.16357421875,34651.62392145673
167,1426.2,856.6,5.0,5615.09765625,173258.11960728368
167,674.0,978.0,3.0,4292.0751953125,103954.8717643702
167,296.7142857142857,1287.7857142857142,14.0,4292.0751953125,485122.7349003942
167,263.8256880733945,1991.2660550458716,109.0,4981.82861328125,3777027.007438784
168,1323.0,37.0,1.0,3831.8994140625,34651.62392145673
168,1209.0,134.0,1.0,3831.8994140625,34651.62392145673
168,1651.5,371.5,2.0,3831.8994140625,69303.24784291346
168,715.0,536.5,2.0,3922.01318359375,69303.24784291346
168,1349.75,703.0,4.0,4013.2294921875,138606.49568582693
168,1423.3125,855.625,16.0,7994.0244140625,554425.9827433077
168,263.1121495327103,1991.1588785046729,107.0,4981.67041015625,3707723.7595958705
169,1228.0,19.0,1.0,3921.69970703125,34651.62392145673
169,1650.5,371.0,2.0,3921.69970703125,69303.24784291346
169,1350.5,701.5,4.0,4013.19921875,138606.49568582693
169,1422.9285714285713,854.7142857142857,14.0,9340.93359375,485122.7349003942
169,672.5,976.5,4.0,4013.19921875,138606.49568582693
169,626.0,1063.0,1.0,3921.69970703125,34651.62392145673
170,1138.5357142857142,3.8214285714285716,28.0,6751.40380859375,970245.4698007884
170,1563.0,320.0,1.0,3921.748046875,34651.62392145673
170,1423.0,387.0,1.0,3831.80712890625,34651.62392145673
170,717.0,536.0,1.0,3831.80712890625,34651.62392145673
170,0.0,602.0,1.0,3921.748046875,34651.62392145673
170,1407.0,691.0,3.0,5506.4482421875,103954.8717643702
170,672.5714285714286,977.8571428571429,7.0,4105.69189453125,242561.3674501971
170,58.42857142857143,1000.1142857142858,35.0,4484.0234375,1212806.8372509857
170,233.0,1889.0,1.0,4582.08837890625,34651.62392145673
171,315.4,28.2,5.0,5723.73291015625,173258.11960728368
171,1209.0,134.0,1.0,3921.73291015625,34651.62392145673
171,1745.0,414.0,1.0,3831.91357421875,34651.62392145673
171,690.5483870967741,571.9354838709677,31.0,5506.55224609375,1074200.3415651587
171,0.0,599.0,1.0,3831.91357421875,34651.62392145673
171,1352.0,707.0,1.0,3831.91357421875,34651.62392145673
171,119.5,830.5,2.0,3831.91357421875,69303.24784291346
171,1424.0714285714287,856.0,14.0,6170.72412109375,485122.7349003942
171,674.0,978.5,2.0,4105.58154296875,69303.24784291346
171,233.0,1887.0,3.0,4679.93408203125,103954.8717643702
172,1207.0,133.0,1.0,3831.85986328125,34651.62392145673
172,617.7777777777778,382.22222222222223,9.0,9063.4072265625,311864.6152931106
172,1510.5,620.5,2.0,3921.8671875,69303.24784291346
172,626.0,1063.0,1.0,3831.85986328125,34651.62392145673
172,1699.5,1950.0,4.0,5945.11865234375,138606.49568582693
173,313.0,27.0,1.0,3832.052734375,34651.62392145673
173,1207.0,134.0,1.0,3832.052734375,34651.62392145673
173,618.4444444444445,382.6666666666667,9.0,7737.798828125,311864.6152931106
173,1551.0,546.0,1.0,3832.052734375,34651.62392145673
173,1419.5,644.5,2.0,4013.03515625,69303.24784291346
173,290.6666666666667,867.3333333333334,3.0,4013.03515625,103954.8717643702
173,672.0,977.0,1.0,4013.03515625,34651.62392145673
173,624.0,1063.0,1.0,3921.94921875,34651.62392145673
173,1701.0,1951.0,9.0,5945.0986328125,311864.6152931106
173,261.11009174311926,1990.2293577981652,109.0,4881.083984375,3777027.007438784
174,758.0,5.5,2.0,5085.029296875,69303.24784291346
174,1227.0,19.0,1.0,3921.701171875,34651.62392145673
174,1208.0,134.0,1.0,3832.0087890625,34651.62392145673
174,617.8,383.4,5.0,5506.392578125,173258.11960728368
174,716.4285714285714,536.5714285714286,7.0,4198.4111328125,242561.3674501971
174,688.1875,571.1875,32.0,5945.31201171875,1108851.9654866154
174,1507.0,623.0,1.0,3832.0087890625,34651.62392145673
174,1421.3333333333333,855.6666666666666,3.0,4483.89990234375,103954.8717643702
174,1401.0,937.0,1.0,3832.0087890625,34651.62392145673
174,671.0,978.0,1.0,3832.0087890625,34651.62392145673
174,79.0,1162.0,1.0,4680.078125,34651.62392145673
175,1135.0,0.5,2.0,4780.4404296875,69303.24784291346
175,314.3333333333333,27.666666666666668,3.0,4881.2060546875,103954.8717643702
175,618.5,384.0,2.0,6056.51220703125,69303.24784291346
175,717.6,536.9,10.0,4105.6416015625,346516.23921456735
175,1552.0,545.0,1.0,3831.9130859375,34651.62392145673
175,724.0,1130.0,1.0,3831.9130859375,34651.62392145673
175,262.5769230769231,1990.9615384615386,104.0,4981.7509765625,3603768.8878315003
176,316.0,29.0,4.0,4780.5078125,138606.49568582693
176,176.85714285714286,135.85714285714286,7.0,5833.8193359375,242561.3674501971
176,619.5,385.0,2.0,5399.060546875,69303.24784291346
176,1335.0,493.0,1.0,3832.002685546875,34651.62392145673
176,690.6129032258065,572.3548387096774,31.0,5723.76220703125,1074200.3415651587
176,1548.0,581.0,1.0,3832.002685546875,34651.62392145673
176,1423.7142857142858,857.1428571428571,7.0,8926.36328125,242561.3674501971
176,729.0,1114.0,1.0,3921.93017578125,34651.62392145673
177,1563.0,320.0,1.0,3921.8330078125,34651.62392145673
177,690.625,572.5625,32.0,5833.79296875,1108851.9654866154
177,1509.125,626.125,8.0,4387.3828125,277212.99137165386
177,1354.0,704.0,1.0,3831.950927734375,34651.62392145673
177,729.0,1114.0,1.0,4292.12109375,34651.62392145673
177,1700.0,1953.0,3.0,4292.12109375,103954.8717643702
177,263.98039215686276,1991.9607843137255,102.0,4780.5341796875,3534465.639988587
178,194.0,161.0,1.0,3921.85986328125,34651.62392145673
178,1652.0,372.0,1.0,4013.193359375,34651.62392145673
178,604.0,387.0,1.0,3921.85986328125,34651.62392145673
178,690.1481481481482,572.0,27.0,5833.81005859375,935593.8458793318
178,1507.0,626.0,1.0,3921.85986328125,34651.62392145673
178,922.0,916.5,2.0,4198.22900390625,69303.24784291346
178,728.0,1114.0,1.0,3921.85986328125,34651.62392145673
178,1700.2,1952.2,5.0,4981.802734375,173258.11960728368
179,0.0,185.0,1.0,3921.884033203125,34651.62392145673
179,689.7741935483871,571.0645161290323,31.0,6170.66845703125,1074200.3415651587
179,1508.3333333333333,622.0,3.0,3921.884033203125,103954.8717643702
179,1702.5,1951.0,4.0,4679.87158203125,138606.49568582693
179,263.2952380952381,1990.2952380952381,105.0,5085.138671875,3638420.511752957
180,314.0,25.5,2.0,4780.6298828125,69303.24784291346
180,0.5,185.0,2.0,4198.2333984375,69303.24784291346
180,1652.0,370.0,1.0,3921.849365234375,34651.62392145673
180,1334.0,490.0,1.0,3921.849365234375,34651.62392145673
180,689.0370370370371,570.4074074074074,27.0,5945.2060546875,935593.8458793318
180,1506.0,624.0,1.0,3831.884033203125,34651.62392145673
180,1134.25,793.25,8.0,4780.6298828125,277212.99137165386
180,74.0,1166.0,1.0,3831.884033203125,34651.62392145673
180,262.6,1989.5363636363636,110.0,4981.75390625,3811678.6313602407
180,1829.0,2026.0,1.0,5293.1728515625,34651.62392145673
181,314.0,25.5,2.0,4483.9755859375,69303.24784291346
181,192.0,158.5,4.0,4387.4189453125,138606.49568582693
181,1.0,185.0,1.0,3832.001953125,34651.62392145673
181,1334.0,490.0,1.0,3832.001953125,34651.62392145673
181,689.2758620689655,570.7241379310345,29.0,5723.83740234375,1004897.0937222452
181,677.0,976.0,1.0,3832.001953125,34651.62392145673
181,262.6803278688525,1989.77868852459,122.0,5085.10791015625,4227498.118417721
182,0.0,186.0,1.0,4013.08447265625,34651.62392145673
182,1563.0,320.0,1.0,3921.91943359375,34651.62392145673
182,263.44827586206895,1990.7931034482758,116.0,4981.77734375,4019588.3748889808
182,1830.2857142857142,2027.2857142857142,7.0,14183.337890625,242561.3674501971
183,315.0,30.0,3.0,4387.4248046875,103954.8717643702
183,1651.5,370.5,2.0,3832.01416015625,69303.24784291346
183,1842.0530973451328,506.42477876106193,226.0,5293.07861328125,7831267.006249221
183,717.0,535.8333333333334,6.0,4105.5712890625,207909.7435287404
183,58.0,913.0,1.0,4198.1767578125,34651.62392145673
183,295.1111111111111,1287.7222222222222,36.0,4105.5712890625,1247458.4611724424
183,262.54918032786884,1990.4754098360656,122.0,5188.3642578125,4227498.118417721
183,1830.0,2027.0,9.0,14705.2412109375,311864.6152931106
184,314.7857142857143,26.714285714285715,14.0,9063.275390625,485122.7349003942
184,1188.5,42.0,2.0,4105.72998046875,69303.24784291346
184,1728.0,384.5,2.0,3921.859375,69303.24784291346
184,715.7142857142857,535.1428571428571,7.0,4105.72998046875,242561.3674501971
184,58.5,914.25,4.0,4012.92578125,138606.49568582693
184,1400.0,944.0,1.0,3921.859375,34651.62392145673
184,77.0,1165.0,1.0,3921.859375,34651.62392145673
184,260.77777777777777,1989.6190476190477,126.0,4881.1826171875,4366104.614103548
184,1827.3333333333333,2025.6666666666667,3.0,5188.4443359375,103954.8717643702
185,313.0,28.0,4.0,5085.03515625,138606.49568582693
185,1188.0,42.0,1.0,4105.748046875,34651.62392145673
185,193.0,157.5,6.0,4013.10986328125,207909.7435287404
185,1649.0,370.0,1.0,3831.951171875,34651.62392145673
185,1420.0,854.0,3.0,5085.03515625,103954.8717643702
185,76.5,1165.0,2.0,7610.14306640625,69303.24784291346
185,260.525,1990.0166666666667,120.0,4981.8984375,4158194.8705748077
185,1828.0,2026.5,4.0,5833.7568359375,138606.49568582693
186,1228.0,21.0,1.0,4198.1591796875,34651.62392145673
186,1208.5,133.5,2.0,3831.945068359375,69303.24784291346
186,193.0,159.0,1.0,4013.169189453125,34651.62392145673
186,1650.0,370.5,2.0,3921.892578125,69303.24784291346
186,687.7037037037037,571.0,27.0,5615.162109375,935593.8458793318
186,77.0,1166.0,1.0,4780.6015625,34651.62392145673
186,1714.0,1940.0,1.0,3921.892578125,34651.62392145673
186,260.89915966386553,1990.126050420168,119.0,4981.7646484375,4123543.246653351
186,1828.3333333333333,2026.6666666666667,3.0,6751.4677734375,103954.8717643702
187,1229.0,21.0,1.0,3831.884033203125,34651.62392145673
187,317.6666666666667,27.333333333333332,3.0,4679.85107421875,103954.8717643702
187,1209.0,134.0,1.0,3831.884033203125,34651.62392145673
187,199.33333333333334,153.33333333333334,3.0,5293.1728515625,103954.8717643702
187,1561.0,323.0,1.0,3831.884033203125,34651.62392145673
187,1651.0,372.0,1.0,3831.884033203125,34651.62392145673
187,1841.6511627906978,506.36046511627904,258.0,5399.1416015625,8940118.971735837
187,718.5,537.0,2.0,3921.849365234375,69303.24784291346
187,294.6923076923077,1287.7948717948718,39.0,4483.9169921875,1351413.3329368127
187,261.921875,1990.640625,128.0,5085.1279296875,4435407.861946462
187,1829.5,2027.0,4.0,8926.390625,138606.49568582693
188,1231.0,22.0,1.0,3831.83203125,34651.62392145673
188,1211.0,134.0,1.0,3921.848876953125,34651.62392145673
188,1652.0,372.0,1.0,3831.83203125,34651.62392145673
188,1842.5924528301887,506.8301886792453,265.0,5506.384765625,9182680.339186033
188,690.04,571.6,25.0,5723.88427734375,866290.5980364183
188,0.5,825.0,2.0,3831.83203125,69303.24784291346
188,86.0,876.5,2.0,3831.83203125,69303.24784291346
188,1704.0,1951.0,1.0,4198.22412109375,34651.62392145673
188,1831.0,2027.5,4.0,7359.26708984375,138606.49568582693
189,1230.5,21.0,2.0,4013.1796875,69303.24784291346
189,186.33333333333334,183.66666666666666,3.0,4013.1796875,103954.8717643702
189,1841.6858237547892,506.50191570881225,261.0,5723.6796875,9044073.843500206
189,689.24,571.68,25.0,5615.01171875,866290.5980364183
189,1512.0,621.0,1.0,3831.7626953125,34651.62392145673
189,1134.5,796.0,10.0,4387.3798828125,346516.23921456735
189,84.0,879.0,1.0,3831.7626953125,34651.62392145673
189,228.5,1890.0,4.0,6170.62890625,138606.49568582693
189,1703.0,1951.0,1.0,3831.7626953125,34651.62392145673
189,1830.75,2027.875,8.0,11871.38671875,277212.99137165386
190,1230.0,21.0,1.0,3831.83642578125,34651.62392145673
190,186.0,184.0,1.0,4198.26708984375,34651.62392145673
190,1651.0,371.0,1.0,3831.83642578125,34651.62392145673
190,1841.1236749116608,506.18727915194347,283.0,5833.73974609375,9806409.569772255
190,1703.0,1951.0,3.0,4292.0048828125,103954.8717643702
190,1830.75,2027.875,8.0,7865.2978515625,277212.99137165386
191,1229.0,20.0,1.0,3921.8359375,34651.62392145673
191,318.0,28.0,1.0,4292.341796875,34651.62392145673
191,1650.0,371.0,1.0,4013.1630859375,34651.62392145673
191,226.5,1887.5,2.0,4013.1630859375,69303.24784291346
191,1707.6666666666667,1948.6666666666667,3.0,4198.416015625,103954.8717643702
191,261.66386554621846,1990.126050420168,119.0,5084.95703125,4123543.246653351
191,1829.2,2026.4,5.0,6751.4912109375,173258.11960728368
192,1229.0,19.0,1.0,3831.98779296875,34651.62392145673
192,1560.0,315.0,1.0,3831.98779296875,34651.62392145673
192,715.3333333333334,535.3333333333334,3.0,4013.1201171875,103954.8717643702
192,2.0,939.0,1.0,3831.98779296875,34651.62392145673
192,61.0,999.5,4.0,4105.69091796875,138606.49568582693
192,724.0,1130.0,1.0,3831.98779296875,34651.62392145673
192,1707.25,1948.75,8.0,5615.24755859375,277212.99137165386
192,261.10169491525426,1989.8983050847457,118.0,5084.97119140625,4088891.6227318943
192,1828.5,2026.5,4.0,5723.853515625,138606.49568582693
193,200.0,152.0,1.0,4013.06005859375,34651.62392145673
193,1651.0,371.5,2.0,3921.8623046875,69303.24784291346
193,1324.0,494.0,1.0,3831.96240234375,34651.62392145673
193,1840.8426229508198,506.4983606557377,305.0,6170.6552734375,10568745.296044303
193,3.0,828.0,1.0,3831.96240234375,34651.62392145673
193,262.12931034482756,1991.198275862069,116.0,5188.5732421875,4019588.3748889808
194,1644.0,369.0,1.0,3831.904296875,34651.62392145673
194,1841.1143790849674,506.37254901960785,306.0,6170.59375,10603396.91996576
194,688.6666666666666,572.3333333333334,18.0,5723.740234375,623729.2305862212
194,1403.5714285714287,940.4285714285714,7.0,4105.58935546875,242561.3674501971
194,1446.5,1608.5,2.0,5399.0166015625,69303.24784291346
194,1712.0,1949.0,1.0,3921.74365234375,34651.62392145673
194,262.3057851239669,1991.198347107438,121.0,4981.84912109375,4192846.4944962645
195,197.0,152.0,3.0,4013.1533203125,103954.8717643702
195,1335.0,495.0,1.0,4013.1533203125,34651.62392145673
195,714.5,536.0,2.0,4013.1533203125,69303.24784291346
195,686.5555555555555,571.3888888888889,18.0,5399.1318359375,623729.2305862212
195,1.0,826.0,1.0,3832.001953125,34651.62392145673
195,1402.0,939.5,6.0,4198.14990234375,207909.7435287404
195,674.0,979.0,1.0,3921.936767578125,34651.62392145673
195,260.26229508196724,1990.344262295082,122.0,5188.5009765625,4227498.118417721
196,200.0,149.5,4.0,4484.048828125,138606.49568582693
196,1331.0,491.0,1.0,3831.860595703125,34651.62392145673
196,90.66666666666667,891.3333333333334,3.0,4105.7666015625,103954.8717643702
196,1401.0,939.5,6.0,4198.17626953125,207909.7435287404
196,57.0,1001.0,1.0,3831.860595703125,34651.62392145673
196,1709.0,1948.0,1.0,4581.9990234375,34651.62392145673
196,260.0344827586207,1990.2758620689656,116.0,5293.134765625,4019588.3748889808
197,1164.5,31.0,2.0,4483.98974609375,69303.24784291346
197,201.0,148.33333333333334,3.0,4679.892578125,103954.8717643702
197,1839.6527331189711,504.83279742765274,311.0,5615.02685546875,10776655.039573044
197,96.0,890.0,1.0,3831.950927734375,34651.62392145673
197,57.0,1001.0,1.0,3831.950927734375,34651.62392145673
197,260.6016260162602,1988.739837398374,123.0,5085.1474609375,4262149.742339178
