event_id,n_detections,frame_start,frame_end,lifetime_frames,lifetime_seconds,x_centroid,y_centroid,x_std,y_std,bbox_x1,bbox_y1,bbox_x2,bbox_y2,bbox_width_px,bbox_height_px,peak_intensity,mean_intensity,total_area_Mm2,mean_area_Mm2,total_area_km2,mean_area_km2,original_cluster_id
1,2,0,1,2,10.0,533.0,62.75,0.0,1.25,533.0,61.5,533.0,64.0,1.0,3.5,1325.582275390625,1295.6568603515625,0.1179139169303342,0.0589569584651671,117913.9169303342,58956.9584651671,0
2,2,0,1,2,10.0,340.9384920634921,102.67857142857142,1.5218253968254203,0.599206349206348,339.4166666666667,102.07936507936508,342.4603174603175,103.27777777777777,4.043650793650841,2.198412698412696,1325.2606201171875,1320.9431762695312,1.1005300322812768,0.5502650161406384,1100530.0322812768,550265.0161406384,1
3,20,0,20,21,105.0,675.6882303113555,111.76195665445664,1.7751215195416938,2.160926098298565,673.0,108.0,678.8571428571428,115.0,6.857142857142776,8.0,1355.0693359375,1312.2656799316405,7.349873240343752,0.3674936620171876,7349873.240343751,367493.66201718757,2
4,22,0,22,23,115.0,256.40580596304284,168.02717549263605,1.0259989501198512,1.58737651568886,254.5,165.10526315789474,258.44444444444446,171.44444444444446,4.944444444444457,7.339181286549717,1321.633056640625,1309.6905351118608,8.922080462019185,0.40554911190996296,8922080.462019185,405549.11190996296,3
21,6,0,5,6,30.0,447.5222222222222,1397.6555555555558,0.688978488796781,1.9688939051854524,446.3333333333333,1395.5,448.0,1401.3333333333333,2.6666666666666856,6.8333333333332575,1338.716064453125,1304.4911702473958,0.9433106436279088,0.15721844060465148,943310.6436279089,157218.4406046515,22
22,31,0,30,31,155.0,1153.8629619589774,1518.0342504743835,1.0192306109120097,1.962773328921324,1152.25,1514.25,1157.8333333333333,1521.8,6.5833333333332575,8.549999999999955,1321.941162109375,1315.1573761970767,8.135972335462743,0.26245072049879814,8135972.3354627425,262450.7204987981,26
23,2,0,1,2,10.0,1512.25,1575.25,0.25,0.75,1512.0,1574.5,1512.5,1576.0,1.5,2.5,1272.9940185546875,1271.3236694335938,0.1572185815310197,0.07860929076550985,157218.5815310197,78609.29076550985,27
24,2,0,1,2,10.0,1975.5,1831.0,0.5,0.0,1975.0,1831.0,1976.0,1831.0,2.0,1.0,1261.765380859375,1258.833251953125,0.07860929076550985,0.039304645382754924,78609.29076550985,39304.64538275493,28
25,8,0,7,8,40.0,1318.69375,1934.0541666666668,1.3739626768948272,1.7007096149679628,1316.0,1931.5,1320.5,1936.5,5.5,6.0,1319.825439453125,1307.2351379394531,1.218440951427838,0.15230511892847975,1218440.951427838,152305.11892847976,29
26,5,0,4,5,25.0,674.8042832416234,1938.335242450076,0.8575918014446485,2.216828255351956,673.3888888888889,1935.8636363636363,675.6818181818181,1942.111111111111,3.292929292929216,7.247474747474826,1327.260986328125,1325.09189453125,4.00906767958856,0.8018135359177119,4009067.6795885595,801813.5359177119,30
27,50,0,49,50,250.0,197.48,2023.506666666667,0.09797958971132711,0.07423685817107051,197.0,2023.3333333333333,197.5,2024.0,1.5,1.6666666666667425,1963.6666259765625,1638.0266284179688,3.9303711877211023,0.07860742375442205,3930371.1877211025,78607.42375442205,32
20,4,0,3,4,20.0,1863.2521306818182,1396.5589488636363,1.2599413802257262,2.4696416300814534,1861.15625,1393.8333333333333,1864.5,1400.15625,4.34375,7.3229166666667425,1335.552490234375,1333.1993103027344,3.262283010798332,0.815570752699583,3262283.0107983323,815570.7526995831,21
8,4,0,4,5,25.0,1565.8750825928457,387.05865658464336,1.0332422440474656,1.7069293121971634,1564.1309523809525,384.4912280701754,1566.7545454545455,389.27976190476187,3.6235930735929287,5.788533834586474,1329.609619140625,1327.3474731445312,4.0483732282760165,1.0120933070690041,4048373.2282760167,1012093.3070690042,7
7,10,0,10,11,55.0,213.46062937062933,375.3957664557665,0.49117636895229605,1.473802107646178,212.5,373.54545454545456,214.0909090909091,378.2857142857143,2.5909090909090935,5.740259740259717,1312.744384765625,1307.6121459960937,3.4587996849984703,0.34587996849984703,3458799.6849984704,345879.96849984705,6
6,2,0,1,2,10.0,1548.25,289.5,0.25,1.0,1548.0,288.5,1548.5,290.5,1.5,3.0,1326.8399658203125,1317.11328125,0.2358278338606684,0.1179139169303342,235827.8338606684,117913.9169303342,5
5,2,0,1,2,10.0,238.5,175.0,0.5,1.0,238.0,174.0,239.0,176.0,2.0,3.0,1323.8822021484375,1298.0195922851562,0.07860929076550985,0.039304645382754924,78609.29076550985,39304.64538275493,4
9,3,0,2,3,15.0,1581.5833333333333,405.4722222222222,1.1242281302693367,2.3982375215721494,1580.25,402.25,1583.0,408.0,3.75,6.75,1308.535400390625,1293.4711507161458,0.4323506956379889,0.1441168985459963,432350.6956379889,144116.8985459963,8
10,15,0,14,15,75.0,631.5347619047619,540.858783068783,2.6329991751013977,2.107389098031868,627.0,538.9166666666667,635.0,546.3,9.0,8.383333333333212,1337.9183349609375,1302.831876627604,2.712012095356612,0.18080080635710746,2712012.095356612,180800.80635710747,9
11,4,0,4,5,25.0,960.1666666666666,680.5416666666666,0.5000000000000094,1.4306903927824655,959.6666666666666,678.1666666666666,961.0,682.0,2.3333333333333712,4.833333333333371,1289.67529296875,1279.104736328125,0.2751323062951783,0.06878307657379458,275132.3062951783,68783.07657379458,10
12,4,0,3,4,20.0,1225.4791666666667,670.3333333333334,1.0903220090107795,1.3385315336840842,1224.25,669.0,1227.0,672.5,3.75,4.5,1325.490478515625,1306.1282348632812,0.39304622321356864,0.09826155580339216,393046.2232135686,98261.55580339216,11
13,8,0,7,8,40.0,2020.5682017543859,795.0773624401913,0.6322997075194969,1.5407652994669903,2019.375,792.65,2021.3,797.625,2.9249999999999545,5.975000000000023,1335.436767578125,1327.3031158447266,4.362805817696975,0.5453507272121219,4362805.817696975,545350.7272121218,12
14,3,0,2,3,15.0,96.33333333333333,1014.8333333333334,0.4714045207910317,2.094967514996089,96.0,1012.0,97.0,1017.0,2.0,6.0,1292.935791015625,1289.6222330729167,0.15721850466000187,0.052406168220000625,157218.50466000187,52406.168220000625,13
15,5,0,4,5,25.0,1979.3561111111114,1108.0205555555553,1.9449462844465821,2.148842352707694,1976.75,1106.2,1982.6,1110.875,6.849999999999909,5.6749999999999545,1327.9483642578125,1313.8436767578125,1.6507924156730631,0.3301584831346126,1650792.4156730631,330158.4831346126,15
16,2,0,1,2,10.0,565.0,1142.5833333333335,1.0,1.9166666666666288,564.0,1140.6666666666667,566.0,1144.5,3.0,4.8333333333332575,1315.14111328125,1308.369140625,0.19652320769584408,0.09826160384792204,196523.2076958441,98261.60384792204,16
17,7,0,6,7,35.0,1950.3333333333333,1136.7619047619048,1.6402671094904409,1.7680074491178155,1947.5,1134.0,1953.3333333333333,1140.0,6.8333333333332575,7.0,1293.167236328125,1274.4455392020088,0.5109590255904497,0.07299414651292138,510959.0255904497,72994.14651292138,17
18,8,0,7,8,40.0,1855.0944888692657,1159.8693426311438,1.3029377091373244,1.5112210713759435,1852.8265306122448,1157.2826086956522,1857.5108695652175,1162.179487179487,5.6843389529726664,5.896878483834826,1333.586669921875,1320.521713256836,14.424762098481644,1.8030952623102054,14424762.098481644,1803095.2623102055,18
19,25,0,24,25,125.0,1688.1860153701646,1290.798271989019,0.7198301182207192,1.9007863480887723,1686.03125,1287.157894736842,1689.142857142857,1294.5,4.11160714285711,8.342105263157919,1318.0859375,1311.3174853515625,11.083831057742076,0.44335324230968304,11083831.057742076,443353.24230968306,20
28,4,1,4,4,20.0,655.3333333333334,94.20833333333333,0.456435464587628,1.1748226816559746,654.8333333333334,93.0,656.0,96.0,2.1666666666666288,4.0,1325.112060546875,1293.234619140625,0.4716548221605426,0.11791370554013565,471654.8221605426,117913.70554013565,33
29,3,1,3,3,15.0,156.5,369.1666666666667,1.224744871391589,1.6499158227686108,155.0,367.0,158.0,371.0,4.0,5.0,1278.00244140625,1272.345703125,0.19652290021084556,0.06550763340361519,196522.90021084558,65507.63340361519,34
30,6,1,6,6,30.0,1267.0400271512115,1534.8842366332499,1.1910957091894343,1.9986723268327027,1265.4166666666667,1532.2631578947369,1268.6842105263158,1538.2,4.267543859649095,6.9368421052631675,1342.008056640625,1337.0631917317708,3.9697570963561004,0.6616261827260167,3969757.0963561004,661626.1827260167,35
31,5,1,5,5,25.0,259.3172355276717,1583.1748535794388,1.4818873889122945,1.3093739537110314,257.3125,1581.9791666666667,261.46153846153845,1585.4326923076924,5.149038461538453,4.453525641025635,1339.4842529296875,1332.83388671875,9.47239461307721,1.894478922615442,9472394.61307721,1894478.922615442,36
32,3,1,3,3,15.0,946.8333333333334,1799.138888888889,1.4337208778404378,1.4180276686778295,945.0,1797.25,948.5,1800.6666666666667,4.5,4.4166666666667425,1295.271240234375,1287.9038492838542,0.3144367018338372,0.1048122339446124,314436.7018338372,104812.23394461241,37
33,2,1,3,3,15.0,1156.9373015873016,1889.357142857143,0.15158730158736944,0.3571428571428896,1156.7857142857142,1889.0,1157.088888888889,1889.7142857142858,1.3031746031747389,1.7142857142857792,1325.510498046875,1323.8233032226562,1.4542694769259101,0.7271347384629551,1454269.4769259102,727134.7384629551,38
34,2,2,3,2,10.0,704.0357142857142,101.3125,0.6071428571428328,1.4017857142857224,703.4285714285714,99.91071428571428,704.6428571428571,102.71428571428572,2.2142857142856656,3.803571428571445,1332.882568359375,1328.05419921875,0.7467868593730879,0.37339342968654393,746786.8593730879,373393.42968654394,39
35,5,2,6,5,25.0,341.52818181818185,101.18206060606062,0.7378819612899313,1.8238012292416341,340.26666666666665,98.8,342.55,104.21666666666667,3.28333333333336,6.416666666666671,1344.284912109375,1334.7085693359375,2.436879904285604,0.4873759808571208,2436879.904285604,487375.9808571208,40
36,21,2,22,21,105.0,1550.8535732125015,287.3595743542172,1.072517090620215,1.7708055883297449,1549.4166666666667,284.2307692307692,1552.6666666666667,290.85714285714283,4.25,7.626373626373606,1333.1536865234375,1323.3107096354167,6.7603406269270065,0.32192098223461935,6760340.626927007,321920.9822346193,41
37,2,2,4,3,15.0,981.5,657.0,1.5,0.0,980.0,657.0,983.0,657.0,4.0,1.0,1274.47021484375,1268.3246459960938,0.0786090985990934,0.0393045492995467,78609.0985990934,39304.5492995467,42
38,31,2,32,31,155.0,533.8795698924731,1424.0516129032258,1.21615993039478,1.9693500685378338,531.5,1420.0,536.0,1427.5,5.5,8.5,1347.355224609375,1330.9633592174898,3.222924695402283,0.10396531275491236,3222924.695402283,103965.31275491236,43
39,5,2,7,6,30.0,1581.1666666666665,1422.6666666666665,0.21081851067787996,0.5577733510226989,1581.0,1422.0,1581.5,1423.3333333333333,1.5,2.3333333333332575,1332.1328125,1296.3348876953125,0.3144357410351125,0.0628871482070225,314435.7410351125,62887.1482070225,44
40,3,2,4,3,15.0,1577.0,1438.5,0.408248290463863,0.7071067811865476,1576.5,1438.0,1577.5,1439.5,2.0,2.5,1279.83984375,1274.3734130859375,0.19652274649152973,0.06550758216384324,196522.74649152975,65507.58216384324,45
41,7,2,9,8,40.0,62.952380952380956,1496.1190476190475,0.11664236870396169,1.4439646857196315,62.666666666666664,1494.0,63.0,1498.3333333333333,1.3333333333333357,5.3333333333332575,1303.56689453125,1290.6043875558037,0.3930445706090061,0.056149224372715155,393044.5706090061,56149.22437271516,46
42,6,2,7,6,30.0,1361.0674603174602,1515.9742063492065,1.4973311270074,0.6262710683044446,1358.75,1515.0,1363.25,1517.0,5.5,3.0,1323.734130859375,1289.5575358072917,1.0219164370153506,0.1703194061692251,1021916.4370153507,170319.4061692251,47
43,7,2,8,7,35.0,1676.0714285714287,1570.9880952380952,1.3703410039549098,2.3198712725253494,1674.0,1566.5,1678.3333333333333,1574.0,5.3333333333332575,8.5,1310.447021484375,1287.0186418805804,0.7467844766300862,0.10668349666144088,746784.4766300862,106683.49666144088,48
44,2,2,3,2,10.0,1460.4783333333335,1582.4899999999998,0.3950000000000955,0.2433333333332257,1460.0833333333333,1582.2466666666667,1460.8733333333334,1582.7333333333331,1.790000000000191,1.4866666666664514,1317.0093994140625,1316.2627563476562,1.690096349903916,0.845048174951958,1690096.349903916,845048.174951958,49
45,2,2,3,2,10.0,1997.5,1819.0,0.5,0.0,1997.0,1819.0,1998.0,1819.0,2.0,1.0,1277.7354736328125,1265.5596313476562,0.07860913702301062,0.03930456851150531,78609.13702301061,39304.568511505306,50
46,2,2,4,3,15.0,1009.8333333333333,1880.0,0.16666666666668561,1.0,1009.6666666666666,1879.0,1010.0,1881.0,1.3333333333333712,3.0,1294.8681640625,1277.6790161132812,0.15721812033794486,0.07860906016897243,157218.12033794486,78609.06016897243,51
47,2,2,4,3,15.0,543.0,1950.75,0.0,0.75,543.0,1950.0,543.0,1951.5,1.0,2.5,1298.4156494140625,1293.4352416992188,0.11791360946851913,0.058956804734259564,117913.60946851913,58956.80473425957,52
48,6,3,9,7,35.0,535.1111111111111,58.27777777777777,0.6502611061510946,1.4423061095274632,534.5,56.0,536.0,60.0,2.5,5.0,1356.856201171875,1297.566385904948,0.47165366919440743,0.07860894486573457,471653.6691944074,78608.94486573456,53
49,2,3,4,2,10.0,619.5,106.5,0.5,0.5,619.0,106.0,620.0,107.0,2.0,2.0,1293.312744140625,1282.92529296875,0.07860906016276868,0.03930453008138434,78609.06016276868,39304.53008138434,54
50,9,3,12,10,50.0,537.3267195767196,297.1600529100529,1.2794663878208503,1.7736551467844708,534.5,294.16666666666663,539.0,300.0,5.5,6.833333333333371,1326.3489990234375,1285.8759223090278,0.9826079676244708,0.10917866306938565,982607.9676244708,109178.66306938564,55
51,2,3,4,2,10.0,551.4166666666667,1183.1666666666665,0.08333333333331439,0.8333333333333712,551.3333333333334,1182.3333333333333,551.5,1184.0,1.1666666666666288,2.6666666666667425,1287.16259765625,1281.4574584960938,0.19652266961888032,0.09826133480944016,196522.66961888032,98261.33480944016,56
52,6,3,8,6,30.0,700.9666666666667,2006.3999999999999,0.07453559925000994,1.190238071423821,700.8,2004.0,701.0,2007.5,1.2000000000000455,4.5,1328.646240234375,1315.6349690755208,0.7074799657652079,0.11791332762753465,707479.9657652079,117913.32762753464,58
53,2,3,4,2,10.0,954.25,2006.5,0.25,0.5,954.0,2006.0,954.5,2007.0,1.5,2.0,1287.83984375,1274.135986328125,0.11791360945611162,0.05895680472805581,117913.60945611162,58956.80472805581,59
54,12,3,16,14,70.0,1213.7791666666667,2020.6208333333334,0.7977725065594984,1.1824160176895786,1212.5,2019.0,1215.75,2022.5,4.25,4.5,1340.671630859375,1334.4993896484375,1.3756527304060582,0.11463772753383818,1375652.7304060583,114637.72753383817,60
55,2,4,5,2,10.0,746.0,105.0,0.0,1.0,746.0,104.0,746.0,106.0,1.0,3.0,1284.60205078125,1269.3099975585938,0.07860898330557502,0.03930449165278751,78608.98330557502,39304.49165278751,62
56,8,4,11,8,40.0,703.4334935897435,110.11356837606837,0.43669207240296937,1.7094439464600277,702.75,106.73076923076923,703.9,112.0,2.1499999999999773,6.269230769230774,1346.170654296875,1333.6854248046875,2.712000527203502,0.33900006590043774,2712000.527203502,339000.06590043777,63
57,5,4,8,5,25.0,212.7750562300019,138.30287000439176,0.3641252591452661,1.3307080979321682,212.21980676328502,137.03571428571428,213.24485930735932,140.67874396135267,2.025052544074299,4.643029675638388,1344.452392578125,1338.182958984375,5.738447325913195,1.147689465182639,5738447.325913195,1147689.465182639,64
58,2,4,5,2,10.0,1580.0416666666665,405.42857142857144,1.9583333333333712,0.5714285714285836,1578.0833333333333,404.85714285714283,1582.0,406.0,4.9166666666667425,2.142857142857167,1308.3890380859375,1307.0729370117188,0.5109584107028758,0.2554792053514379,510958.4107028758,255479.2053514379,65
59,4,4,7,4,20.0,587.5,530.875,1.1726039399558574,0.21650635094610965,585.5,530.5,588.5,531.0,4.0,1.5,1300.970458984375,1279.4048461914062,0.27513123018334007,0.06878280754583502,275131.2301833401,68782.80754583502,66
60,10,4,14,11,55.0,1401.5636904761905,616.8314814814814,1.435334182949121,2.4525870275225823,1399.7,613.3703703703703,1403.5,622.1,4.7999999999999545,9.729629629629699,1328.70556640625,1318.9530395507813,3.9697339987394216,0.39697339987394215,3969733.9987394214,396973.39987394214,67
61,4,4,7,4,20.0,559.0805555555555,1147.1055555555556,0.9789568333085454,0.5076270138450109,558.0,1146.5555555555557,560.6,1147.9,3.6000000000000227,2.3444444444444343,1302.724365234375,1288.91064453125,0.7860891412476729,0.19652228531191823,786089.141247673,196522.28531191824,68
62,2,4,5,2,10.0,1869.4318181818182,1393.1525974025974,0.43181818181824383,0.4383116883116145,1869.0,1392.7142857142858,1869.8636363636365,1393.590909090909,1.8636363636364877,1.876623376623229,1333.922119140625,1330.560302734375,1.0219168214057517,0.5109584107028758,1021916.8214057516,510958.4107028758,69
63,2,4,5,2,10.0,1049.5,1439.5,0.0,0.5,1049.5,1439.0,1049.5,1440.0,1.0,2.0,1333.22900390625,1330.183349609375,0.15721796661115003,0.07860898330557502,157217.96661115004,78608.98330557502,70
64,2,4,5,2,10.0,1456.1388888888887,1572.9444444444443,1.8611111111111995,1.055555555555543,1454.2777777777776,1571.888888888889,1458.0,1574.0,4.722222222222399,3.111111111111086,1294.6552734375,1284.806640625,0.43234931209747146,0.21617465604873573,432349.31209747144,216174.65604873572,71
65,2,4,5,2,10.0,1465.2055555555555,1589.9388888888889,1.5055555555554747,0.5722222222220807,1463.7,1589.3666666666668,1466.711111111111,1590.511111111111,4.011111111110949,2.1444444444441615,1314.89404296875,1313.6876220703125,1.2970482053253496,0.6485241026626748,1297048.2053253497,648524.1026626748,72
66,39,5,44,40,200.0,973.4137878147493,43.94514335379721,2.7421609125745356,2.5781534419840257,969.5,38.8125,981.4285714285714,49.666666666666664,12.928571428571445,11.854166666666664,1335.96630859375,1311.7734844501201,13.009596595599156,0.33357939988715785,13009596.595599156,333579.39988715784,73
67,2,5,6,2,10.0,6.4375,316.0,0.0625,0.25,6.375,315.75,6.5,316.25,1.125,1.5,1338.8560791015625,1337.8201904296875,0.35374002131867127,0.17687001065933564,353740.0213186713,176870.01065933565,74
68,2,5,7,3,15.0,555.0,524.0,0.0,0.0,555.0,524.0,555.0,524.0,1.0,1.0,1264.83837890625,1261.3241577148438,0.0786088680049315,0.03930443400246575,78608.8680049315,39304.43400246575,75
69,7,5,11,7,35.0,549.8,1185.1523809523808,2.2640040383608566,1.3994167881438409,547.0,1183.5,552.0,1187.4,6.0,4.900000000000091,1296.584228515625,1280.8544049944196,0.8646963950794447,0.12352805643992068,864696.3950794447,123528.05643992068,77
70,2,5,7,3,15.0,469.5,1269.5,0.5,0.5,469.0,1269.0,470.0,1270.0,2.0,2.0,1280.7947998046875,1267.2236328125,0.0786088680049315,0.03930443400246575,78608.8680049315,39304.43400246575,78
71,2,5,7,3,15.0,1854.5,1509.0,0.5,1.0,1854.0,1508.0,1855.0,1510.0,2.0,3.0,1263.3310546875,1263.0489501953125,0.0786088680049315,0.03930443400246575,78608.8680049315,39304.43400246575,79
72,3,5,7,3,15.0,1513.5,1573.1666666666667,0.408248290463863,0.23570226039551584,1513.0,1573.0,1514.0,1573.5,2.0,1.5,1305.5848388671875,1277.1442464192708,0.15721773600833933,0.052405912002779775,157217.73600833933,52405.912002779776,80
73,3,5,7,3,15.0,674.6855396065922,1943.5746943115364,0.11185203541322311,1.5278713308338714,674.530303030303,1941.421052631579,674.7894736842105,1944.8030303030303,1.2591706539075176,4.3819776714512955,1326.5966796875,1326.4834798177083,2.515483622407837,0.8384945408026123,2515483.622407837,838494.5408026123,81
74,9,6,15,10,50.0,1729.5,118.22222222222223,0.408248290463863,1.003081671403766,1729.0,116.5,1730.0,120.0,2.0,4.5,1317.677490234375,1297.3564860026042,0.6681724572273031,0.07424138413636701,668172.4572273031,74241.384136367,82
75,2,6,7,2,10.0,687.0,473.0,0.0,0.0,687.0,473.0,687.0,473.0,1.0,1.0,1331.05419921875,1308.4296875,0.07860882957048612,0.03930441478524306,78608.82957048612,39304.41478524306,83
76,4,6,9,4,20.0,1225.875,671.0,0.21650635094610965,1.8371173070873836,1225.5,668.5,1226.0,673.0,1.5,5.5,1316.475830078125,1305.5223693847656,0.2751305768175873,0.06878264420439682,275130.5768175873,68782.64420439683,84
77,6,6,11,6,30.0,1776.25,1182.5833333333333,0.6922186552431729,1.5388487760516156,1775.0,1181.0,1777.0,1185.0,3.0,5.0,1307.2049560546875,1273.5373128255208,0.3144346265048677,0.05240577108414462,314434.6265048677,52405.77108414462,85
78,2,6,7,2,10.0,1863.9326923076924,1400.0801282051284,1.9326923076923777,0.977564102564088,1862.0,1399.1025641025642,1865.8653846153848,1401.0576923076924,4.865384615384755,2.955128205128176,1334.585693359375,1333.5008544921875,1.1791324435572919,0.5895662217786459,1179132.4435572918,589566.2217786459,87
79,2,6,7,2,10.0,1460.481913919414,1583.739697802198,0.42834249084239673,0.15315934065927195,1460.0535714285716,1583.5865384615386,1460.9102564102564,1583.892857142857,1.8566849816847935,1.306318681318544,1315.829833984375,1315.0313720703125,1.4149589707016719,0.7074794853508359,1414958.970701672,707479.485350836,88
80,2,6,7,2,10.0,325.1166666666667,1968.822222222222,0.21666666666666856,0.37777777777785104,324.9,1968.4444444444443,325.3333333333333,1969.2,1.4333333333333371,1.755555555555702,1309.1771240234375,1307.6907348632812,0.7467839001360791,0.37339195006803955,746783.900136079,373391.9500680395,89
81,2,7,8,2,10.0,706.5,90.25,0.0,1.25,706.5,89.0,706.5,91.5,1.0,3.5,1299.1629638671875,1298.9446411132812,0.15721750540905588,0.07860875270452794,157217.50540905588,78608.75270452794,90
82,8,7,14,8,40.0,9.55625,310.425,1.5449949995424292,1.4284558484990524,6.666666666666667,308.2,11.0,312.83333333333337,5.333333333333333,5.633333333333383,1361.6959228515625,1332.6783142089844,1.2577375836702738,0.15721719795878422,1257737.583670274,157217.19795878424,91
83,2,7,8,2,10.0,1571.5971104231166,395.16238390092883,0.24798761609918074,1.6604231166150782,1571.3491228070175,393.5019607843137,1571.8450980392158,396.8228070175439,1.4959752321983615,4.3208462332301565,1327.26318359375,1326.9514770507812,2.1617407185910364,1.0808703592955182,2161740.7185910363,1080870.3592955181,92
84,7,7,13,7,35.0,1981.2824404761905,1104.1270833333333,1.612779082969771,2.480974480924797,1978.0,1100.5,1982.6666666666667,1107.15625,5.6666666666667425,7.65625,1331.056396484375,1308.453404017857,1.3363469512776878,0.19090670732538398,1336346.9512776877,190906.707325384,93
85,2,7,8,2,10.0,1955.0,1136.0,1.0,2.0,1954.0,1134.0,1956.0,1138.0,3.0,5.0,1283.055908203125,1270.0609130859375,0.07860875270452794,0.03930437635226397,78608.75270452794,39304.37635226397,94
86,8,7,15,9,45.0,1271.0567270658262,1534.8464708800188,1.338015708828115,1.5795862829383265,1269.4888888888888,1533.404761904762,1273.357142857143,1537.6216931216932,4.868253968254066,5.216931216931243,1339.6407470703125,1338.0753479003906,7.782233390441446,0.9727791738051808,7782233.390441446,972779.1738051807,95
87,6,7,13,7,35.0,255.9881203337725,1582.3900997553171,0.9577810173366773,2.024371236787409,254.72619047619048,1580.4333333333334,257.4666666666667,1586.404761904762,3.7404761904762154,6.9714285714285325,1342.836669921875,1338.5948079427083,4.913039377048035,0.8188398961746725,4913039.377048035,818839.8961746724,96
88,9,7,15,9,45.0,904.3145502645502,1741.2362433862434,1.3328705000003673,1.091702239170392,902.5,1739.1666666666665,906.0,1742.142857142857,4.5,3.9761904761905953,1320.469970703125,1303.2138671875,1.3756473116547834,0.15284970129497594,1375647.3116547833,152849.70129497594,97
89,9,7,15,9,45.0,1155.939349303925,1890.5429464990234,1.3009735471399704,1.9934192599182974,1154.2395833333333,1887.517117117117,1157.4468085106382,1892.86,4.207225177304963,6.3428828828828046,1325.646484375,1324.2837049696182,14.26743045085744,1.585270050095271,14267430.45085744,1585270.050095271,98
90,2,8,9,2,10.0,343.1130952380953,97.22619047619048,0.6369047619047308,1.2261904761904816,342.47619047619054,96.0,343.75,98.45238095238096,2.2738095238094616,3.452380952380963,1342.775146484375,1323.0222778320312,0.5109565274676985,0.25547826373384924,510956.5274676985,255478.26373384925,99
91,6,8,14,7,35.0,980.5,657.8333333333334,0.5,1.2133516482134197,980.0,656.0,981.0,659.0,2.0,4.0,1284.114501953125,1268.5873209635417,0.2358254510653392,0.0393042418442232,235825.4510653392,39304.2418442232,100
92,18,8,25,18,90.0,563.2854901888236,1142.945352526921,1.2261723046808852,1.5951217511138933,560.843137254902,1140.5,564.875,1145.4,5.03186274509801,5.900000000000091,1333.762939453125,1322.9476860894097,9.865323926803216,0.5480735514890676,9865323.926803216,548073.5514890676,101
93,3,8,11,4,20.0,1840.6666666666667,1162.5,0.6236095644623235,0.408248290463863,1840.0,1162.0,1841.5,1163.0,2.5,2.0,1309.4976806640625,1297.4434407552083,0.3144344727760054,0.10481149092533514,314434.4727760054,104811.49092533514,102
94,5,8,12,5,25.0,1868.0099999999998,1392.3166666666666,0.6560487786742649,1.162373051610859,1867.0,1390.75,1868.75,1394.0,2.75,4.25,1330.554443359375,1306.7411376953125,0.9826077370262809,0.19652154740525618,982607.737026281,196521.5474052562,103
95,2,8,10,3,15.0,1593.0,1421.5,0.0,0.5,1593.0,1421.0,1593.0,1422.0,1.0,2.0,1315.5677490234375,1296.181884765625,0.0786086374110428,0.0393043187055214,78608.6374110428,39304.3187055214,104
96,6,8,13,6,30.0,1049.2333333333333,1438.7250000000001,0.3726779962499717,1.1685995892520389,1049.0,1437.25,1050.0,1440.25,2.0,4.0,1342.6246337890625,1321.4450073242188,0.8253893092902864,0.1375648848817144,825389.3092902864,137564.8848817144,105
97,2,8,9,2,10.0,675.3129984051036,1938.6686602870814,0.2779106858054661,1.8050239234451055,675.0350877192982,1936.8636363636363,675.5909090909091,1940.4736842105265,1.5558213716109321,4.610047846890211,1325.2442626953125,1325.1787719726562,1.6900865497580946,0.8450432748790473,1690086.5497580946,845043.2748790473,106
98,2,8,9,2,10.0,671.7916666666667,1969.2083333333335,0.041666666666685614,0.04166666666662877,671.75,1969.1666666666667,671.8333333333334,1969.25,1.0833333333333712,1.0833333333332575,1322.287109375,1300.202392578125,0.31443466492430594,0.15721733246215297,314434.6649243059,157217.33246215296,108
99,4,9,12,4,20.0,213.0324561351347,136.63059988126952,0.44740781625706355,2.352242497657578,212.625,133.56875,213.75,140.1465677179963,2.125,7.577817717996311,1346.476318359375,1333.211181640625,3.6552960285206137,0.9138240071301534,3655296.028520614,913824.0071301535,109
100,2,9,11,3,15.0,2022.0,791.0,0.0,1.0,2022.0,790.0,2022.0,792.0,1.0,3.0,1301.5648193359375,1282.686279296875,0.07860856054462792,0.03930428027231396,78608.56054462792,39304.28027231396,110
101,12,9,20,12,60.0,1949.0416666666667,1136.6527777777776,1.0744830798523024,1.1740014143891324,1948.0,1134.3333333333333,1951.0,1139.0,4.0,5.6666666666667425,1294.39501953125,1267.1511840820312,0.8253863500593169,0.06878219583827641,825386.350059317,68782.19583827641,111
102,2,9,10,2,10.0,1638.0,1176.0,1.0,2.0,1637.0,1174.0,1639.0,1178.0,3.0,5.0,1271.124267578125,1266.5109252929688,0.07860859897871084,0.03930429948935542,78608.59897871084,39304.29948935542,112
103,3,9,12,4,20.0,1898.1666666666667,1563.1666666666667,0.6236095644623235,0.6236095644623235,1897.5,1562.5,1899.0,1564.0,2.5,2.5,1274.958740234375,1272.2876790364583,0.15721712109089664,0.05240570703029888,157217.12109089663,52405.70703029888,113
104,4,10,14,5,25.0,340.6895833333333,101.86875,0.8142689077735213,0.6697422545278152,339.5833333333333,101.25,341.8,103.0,3.216666666666697,2.75,1343.49560546875,1313.7998352050781,0.7467800185921025,0.18669500464802563,746780.0185921026,186695.00464802564,114
105,16,10,26,17,85.0,1565.2939897486772,390.9246507109788,1.0448607261623186,1.6603037952149904,1563.4761904761904,387.0357142857143,1567.2857142857142,393.46875,4.809523809523853,7.433035714285722,1327.61767578125,1314.3288955688477,6.603071815184416,0.412691988449026,6603071.815184416,412691.988449026,115
106,17,10,27,18,90.0,563.4470588235295,459.1794117647059,0.908730984987161,1.1690386169695897,562.0,457.0,565.0,461.6666666666667,4.0,5.666666666666686,1340.8819580078125,1322.3661965762867,2.0438039349361334,0.12022376087859608,2043803.9349361334,120223.76087859608,116
107,3,10,13,4,20.0,561.8333333333334,528.5,1.649915822768611,1.4719601443879744,559.5,526.5,563.0,530.0,4.5,4.5,1280.155517578125,1269.0249430338542,0.1572168136603727,0.05240560455345757,157216.81366037272,52405.604553457575,117
108,11,10,20,11,55.0,1365.1325757575758,1514.1098484848483,2.1567970270699854,1.5353857236790691,1360.0,1510.0,1367.5,1516.0,8.5,7.0,1329.8140869140625,1292.7285600142045,1.2184270006580684,0.1107660909689153,1218427.0006580683,110766.0909689153,118
109,2,10,11,2,10.0,1254.0,1524.0,0.0,1.0,1254.0,1523.0,1254.0,1525.0,1.0,3.0,1270.9443359375,1265.3818359375,0.07860852211651125,0.03930426105825562,78608.52211651125,39304.26105825562,119
110,4,10,15,6,30.0,1458.1307422470315,1577.1938100301259,1.775112100868169,1.1363451931458273,1456.5227272727273,1575.2314814814813,1461.0925925925924,1577.989898989899,5.56986531986513,3.7584175084177787,1319.009521484375,1315.5556335449219,4.755805769304246,1.1889514423260614,4755805.769304246,1188951.4423260614,120
111,5,10,14,5,25.0,1131.9,1703.4,0.19999999999999998,0.8,1131.5,1702.0,1132.0,1704.0,1.5,3.0,1326.0966796875,1306.3852294921876,0.23582522047616591,0.047165044095233186,235825.2204761659,47165.044095233185,121
112,12,10,21,12,60.0,744.1712962962962,1740.3191287878788,1.7258710351309419,1.455032113091055,740.3888888888889,1738.0,746.5,1743.7878787878788,7.111111111111086,6.787878787878753,1311.1353759765625,1295.9791158040364,2.987105201140654,0.24892543342838783,2987105.201140654,248925.43342838783,122
113,10,10,20,11,55.0,1720.5583333333336,1782.2333333333336,1.0408663592305119,1.84421015914974,1719.0,1778.5,1722.0,1785.0,4.0,7.5,1311.0753173828125,1287.57705078125,1.021907059694561,0.10219070596945609,1021907.059694561,102190.70596945609,123
114,2,11,12,2,10.0,922.0,561.5,0.0,0.5,922.0,561.0,922.0,562.0,1.0,2.0,1268.73193359375,1264.30517578125,0.07860844524998621,0.039304222624993106,78608.44524998621,39304.222624993105,124
115,4,11,14,4,20.0,1363.5,586.25,0.6123724356957945,0.5590169943749475,1363.0,585.5,1364.5,587.0,2.5,2.5,1323.6697998046875,1281.0451965332031,0.23582502833420738,0.058956257083551844,235825.02833420737,58956.25708355184,125
116,2,11,12,2,10.0,92.0,998.0,1.0,1.0,91.0,997.0,93.0,999.0,3.0,3.0,1265.916015625,1264.6637573242188,0.07860844524998621,0.039304222624993106,78608.44524998621,39304.222624993105,126
117,4,11,14,4,20.0,1781.125,1151.375,0.739509972887452,0.960143218483576,1780.0,1150.0,1782.0,1152.5,3.0,3.5,1290.6121826171875,1274.1883544921875,0.19652094020086883,0.04913023505021721,196520.94020086882,49130.235050217205,127
118,10,11,20,10,50.0,470.25,1271.0166666666669,2.112463017427761,1.4091959882618628,467.0,1269.0,474.0,1274.0,8.0,6.0,1330.16845703125,1285.6760131835938,0.7074732786730878,0.07074732786730878,707473.2786730878,70747.32786730878,129
119,13,12,24,13,65.0,534.467032967033,60.041666666666664,0.8023974445071188,1.3029388215298414,533.3333333333334,58.25,535.75,62.5,3.4166666666666288,5.25,1356.5081787109375,1340.8167255108174,2.1224170304740415,0.16326284849800318,2122417.0304740416,163262.84849800318,130
120,3,12,15,4,20.0,1481.6666666666667,343.5,0.4714045207910317,0.408248290463863,1481.0,343.0,1482.0,344.0,2.0,2.0,1288.3282470703125,1275.1489664713542,0.15721654463926726,0.052405514879755755,157216.54463926726,52405.514879755756,131
121,2,12,14,3,15.0,311.5,444.5,0.5,0.5,311.0,444.0,312.0,445.0,2.0,2.0,1291.9007568359375,1285.4329223632812,0.07860832996273084,0.03930416498136542,78608.32996273084,39304.16498136542,132
122,3,12,15,4,20.0,960.6666666666666,672.6666666666666,0.4714045207910317,0.9428090415820634,960.0,672.0,961.0,674.0,2.0,3.0,1278.8206787109375,1266.2510579427083,0.11791241808530846,0.039304139361769484,117912.41808530845,39304.139361769485,133
123,3,12,14,3,15.0,1573.8472222222224,1262.9623015873015,1.652836133423571,2.0255147655615637,1571.6666666666667,1260.3333333333333,1575.6666666666667,1265.2619047619048,5.0,5.9285714285715585,1315.45947265625,1311.0828043619792,0.903995410344843,0.301331803448281,903995.4103448429,301331.80344828096,134
124,2,12,13,2,10.0,1592.0,1425.5,1.0,0.5,1591.0,1425.0,1593.0,1426.0,3.0,2.0,1284.94921875,1270.1787109375,0.07860836839692384,0.03930418419846192,78608.36839692383,39304.18419846192,135
125,3,12,14,3,15.0,1156.3333333333333,1805.3333333333333,0.4714045207910317,0.4714045207910317,1156.0,1805.0,1157.0,1806.0,2.0,2.0,1319.943359375,1294.1444905598958,0.11791249495088263,0.03930416498362754,117912.49495088262,39304.16498362755,136
126,3,12,14,3,15.0,965.8333333333334,1884.75,1.247219128924647,0.3535533905932738,964.5,1884.25,967.5,1885.0,4.0,1.75,1287.9619140625,1281.4727783203125,0.27512915488991707,0.09170971829663903,275129.15488991706,91709.71829663902,137
127,6,12,18,7,35.0,211.5,2037.8333333333333,0.408248290463863,0.6871842709362768,211.0,2037.0,212.0,2039.0,2.0,3.0,1288.728515625,1279.7521158854167,0.31443274338570726,0.05240545723095121,314432.74338570726,52405.457230951215,138
128,2,13,14,2,10.0,655.5,96.0,1.5,1.0,654.0,95.0,657.0,97.0,4.0,3.0,1278.4803466796875,1266.7982177734375,0.07860829154211059,0.039304145771055295,78608.29154211059,39304.14577105529,139
132,4,13,17,5,25.0,1397.5359848484848,621.5974747474747,0.8906902786074767,1.2246822329806044,1396.7272727272727,620.5454545454545,1399.0333333333333,623.6111111111111,3.306060606060555,4.065656565656582,1317.41162109375,1315.557373046875,2.594068509240286,0.6485171273100715,2594068.509240286,648517.1273100715,143
135,2,13,14,2,10.0,940.5,1798.5,0.5,1.5,940.0,1797.0,941.0,1800.0,2.0,4.0,1284.207275390625,1279.4595947265625,0.07860829154211059,0.039304145771055295,78608.29154211059,39304.14577105529,146
134,3,13,15,3,15.0,1677.2222222222224,1573.611111111111,1.4294089255853997,1.847587683146214,1675.5,1571.5,1679.0,1576.0,4.5,5.5,1304.00830078125,1298.3039143880208,0.2751289243147164,0.0917096414382388,275128.9243147164,91709.6414382388,145
133,4,13,16,4,20.0,999.5833333333333,687.7916666666667,1.0897247358851727,1.2767961205037042,998.0,686.0,1001.0,689.0,4.0,4.0,1278.4727783203125,1270.1061706542969,0.275128693719874,0.0687821734299685,275128.69371987396,68782.17342996849,144
130,2,13,14,2,10.0,534.1125,290.9625,0.8625000000000114,0.21250000000000568,533.25,290.75,534.975,291.175,2.7250000000000227,1.4250000000000114,1326.497314453125,1324.4459228515625,0.5109537989382363,0.25547689946911817,510953.7989382363,255476.89946911816,141
131,4,13,17,5,25.0,1402.125,603.7083333333334,1.1265421528829784,0.7671646933134293,1401.1666666666667,603.0,1404.0,604.8333333333334,3.8333333333332575,2.8333333333333712,1319.76025390625,1293.4346923828125,0.4323444696856675,0.10808611742141687,432344.4696856675,108086.11742141687,142
129,23,13,38,26,130.0,702.6119685990338,111.47536059351276,0.9241175601750693,2.0296618184704633,700.75,106.69841269841271,703.8412698412699,115.4,4.091269841269877,9.701587301587296,1347.19873046875,1325.9588623046875,5.777640308671016,0.2512017525509137,5777640.308671015,251201.7525509137,140
136,8,14,21,8,40.0,212.03849021044053,139.29770527339252,1.2349697383055624,1.8887034119032162,209.81845238095238,136.97474747474746,213.92929292929296,142.8422619047619,5.110840548340576,6.867514430014438,1346.2235107421875,1339.3582000732422,9.236434958056272,1.154554369757034,9236434.958056271,1154554.369757034,147
140,2,14,15,2,10.0,1981.5,1107.0,0.5,0.0,1981.0,1107.0,1982.0,1107.0,2.0,1.0,1264.57958984375,1260.4434814453125,0.07860821467653642,0.03930410733826821,78608.21467653642,39304.10733826821,151
139,3,14,16,3,15.0,51.0,1055.0,0.0,0.0,51.0,1055.0,51.0,1055.0,1.0,1.0,1287.1112060546875,1269.4095865885417,0.11791226436398936,0.03930408812132979,117912.26436398935,39304.08812132979,150
142,4,14,18,5,25.0,261.875,1596.25,1.1388041973930374,1.0307764064044151,260.0,1595.5,263.0,1598.0,4.0,3.5,1318.584228515625,1312.3390502929688,0.31443262810558315,0.07860815702639579,314432.62810558314,78608.15702639578,153
141,9,14,22,9,45.0,238.62962962962962,1573.282098765432,1.01463907642983,1.0341951065278245,237.5,1572.0,240.66666666666666,1575.0,4.166666666666657,4.0,1343.71630859375,1311.1814371744792,1.1791209909956202,0.1310134434439578,1179120.9909956201,131013.44344395779,152
138,5,14,18,5,25.0,108.9280634920635,1047.9763174603174,0.5107293003552599,1.031721123753077,107.97999999999999,1046.861111111111,109.4047619047619,1049.58,2.4247619047619082,3.7188888888888414,1312.3475341796875,1309.61640625,4.284141031564063,0.8568282063128126,4284141.031564063,856828.2063128126,149
137,2,14,15,2,10.0,1631.1666666666665,860.1666666666667,0.16666666666662877,0.16666666666668561,1631.0,860.0,1631.3333333333333,860.3333333333334,1.3333333333332575,1.3333333333333712,1315.496826171875,1302.2643432617188,0.15721646778445403,0.07860823389222701,157216.46778445403,78608.23389222701,148
144,3,15,17,3,15.0,1234.5,836.8333333333334,0.408248290463863,0.8498365855987975,1234.0,836.0,1235.0,838.0,2.0,3.0,1309.833984375,1290.467041015625,0.15721619874958004,0.052405399583193346,157216.19874958004,52405.39958319334,155
143,2,15,16,2,10.0,1527.0,270.0,0.0,0.5,1527.0,269.5,1527.0,270.5,1.0,2.0,1315.9163818359375,1315.8413696289062,0.15721627562006113,0.07860813781003056,157216.27562006112,78608.13781003056,154
145,4,15,18,4,20.0,994.625,1080.75,0.414578098794425,1.479019945774904,994.0,1079.0,995.0,1083.0,2.0,5.0,1321.034423828125,1300.5564270019531,0.1965201331341258,0.04913003328353145,196520.13313412582,49130.033283531455,156
146,2,15,16,2,10.0,552.0,1186.0,0.0,0.0,552.0,1186.0,552.0,1186.0,1.0,1.0,1278.049072265625,1271.2530517578125,0.07860813781003056,0.03930406890501528,78608.13781003056,39304.06890501528,157
147,3,15,17,3,15.0,1569.0527777777777,1257.6972222222223,0.5374982055669536,0.7637727184393109,1568.3333333333333,1256.8,1569.625,1258.6666666666667,2.2916666666667425,2.866666666666788,1314.248046875,1301.5460611979167,0.6288648718688012,0.20962162395626707,628864.8718688013,209621.62395626708,158
148,27,15,41,27,135.0,1578.0953556731333,1271.9836272780715,1.8882652242048674,1.8774101636268765,1573.0,1268.1666666666667,1581.2857142857142,1274.6666666666667,9.28571428571422,7.5,1319.109130859375,1308.6104555483219,5.738326266638404,0.21253060246808902,5738326.266638404,212530.60246808903,159
149,3,16,19,4,20.0,708.6666666666666,92.83333333333333,1.649915822768611,1.0274023338281628,707.5,91.5,711.0,94.0,4.5,3.5,1274.599853515625,1268.8088785807292,0.23582399065334886,0.07860799688444962,235823.99065334885,78607.99688444962,160
150,4,16,19,4,20.0,531.2864583333334,293.51822916666663,0.6925908421663836,2.0169955907506676,530.1666666666667,291.66666666666663,532.0625,296.65625,2.8958333333332575,5.989583333333371,1334.9403076171875,1326.3417358398438,1.4149434827211125,0.3537358706802781,1414943.4827211124,353735.8706802781,161
151,3,16,18,3,15.0,1476.6666666666667,357.3888888888889,0.4714045207910317,1.6235154662447089,1476.0,355.1666666666667,1477.0,359.0,2.0,4.833333333333314,1331.278076171875,1295.16796875,0.23582395221915808,0.0786079840730527,235823.9522191581,78607.98407305269,162
152,4,16,19,4,20.0,1856.0,1399.375,1.3693063937629153,0.960143218483576,1854.5,1398.0,1858.0,1400.5,4.5,3.5,1325.43408203125,1311.0368347167969,0.2751278866057002,0.06878197165142505,275127.8866057002,68781.97165142505,163
153,2,16,17,2,10.0,1257.625,1533.625,0.375,0.875,1257.25,1532.75,1258.0,1534.5,1.75,2.75,1298.5595703125,1297.9454345703125,0.23582418281864845,0.11791209140932422,235824.18281864843,117912.09140932422,164
154,4,16,19,4,20.0,1510.5,1574.5,1.0606601717798212,1.118033988749895,1509.0,1573.0,1512.0,1576.0,4.0,4.0,1308.68212890625,1274.8433837890625,0.23582402908612607,0.05895600727153152,235824.02908612607,58956.00727153152,165
155,3,17,19,3,15.0,1674.638888888889,1572.361111111111,0.7886149759210065,1.686456581851149,1674.0,1570.0,1675.75,1573.8333333333333,2.75,4.8333333333332575,1315.398681640625,1298.7667643229167,0.3537358322429253,0.1179119440809751,353735.8322429253,117911.94408097511,166
156,5,18,22,5,25.0,1398.6692880752607,615.1285176709891,0.8448855304187958,2.312647953934781,1397.075,611.5032608695652,1399.5666666666666,618.0416666666666,3.4916666666665606,7.5384057971014045,1326.2723388671875,1322.01953125,5.18811307467031,1.0376226149340622,5188113.07467031,1037622.6149340621,168
157,2,18,19,2,10.0,1858.1957236842104,1160.5699404761904,0.38322368421052033,0.9032738095238528,1857.8125,1159.6666666666665,1858.578947368421,1161.4732142857142,1.7664473684210407,2.8065476190477057,1320.30859375,1320.2208251953125,4.51995464518767,2.259977322593835,4519954.645187669,2259977.3225938347,169
158,2,18,20,3,15.0,543.5,1187.9166666666667,0.5,1.0833333333332575,543.0,1186.8333333333335,544.0,1189.0,2.0,3.166666666666515,1299.0162353515625,1291.8165893554688,0.23582352945767235,0.11791176472883617,235823.52945767235,117911.76472883618,170
159,5,18,24,7,35.0,948.0,1802.8,0.6324555320336759,1.9131126469708992,947.0,1800.0,949.0,1805.5,3.0,6.5,1282.9844970703125,1271.9930419921875,0.27512704109204955,0.05502540821840991,275127.04109204956,55025.40821840991,171
160,13,19,32,14,70.0,9.984981684981685,311.496336996337,0.5459773006421492,2.151097022034893,9.0,308.1666666666667,11.0,314.3333333333333,3.0,7.166666666666629,1347.2713623046875,1339.7536996694712,2.2796109389741095,0.17535468761339304,2279610.9389741095,175354.68761339303,172
161,3,19,21,3,15.0,1967.2083333333333,1115.638888888889,0.9759847828200987,0.6608542918538727,1965.8333333333333,1114.75,1968.0,1116.3333333333333,3.1666666666667425,2.5833333333332575,1314.4122314453125,1301.6182861328125,0.6288621815416761,0.20962072718055869,628862.181541676,209620.7271805587,174
162,2,19,20,2,10.0,1273.230574912892,1537.528106852497,1.3372822299652398,0.6578687572589388,1271.8932926829268,1536.8702380952382,1274.5678571428573,1538.185975609756,3.6745644599304796,2.3157375145178776,1339.710693359375,1338.7017822265625,3.773175779531098,1.886587889765549,3773175.779531098,1886587.889765549,175
163,7,20,27,8,40.0,529.8163699408335,289.165159099354,0.8715862779628968,1.51748564255857,528.7239583333334,286.6666666666667,531.7,291.1810924369748,3.9760416666666742,5.514425770308094,1336.074462890625,1331.6988002232142,5.306003625591449,0.7580005179416356,5306003.625591449,758000.5179416356,176
164,6,20,25,6,30.0,959.0,681.8333333333334,0.0,0.6871842709362769,959.0,681.0,959.0,683.0,1.0,3.0,1286.4588623046875,1280.297139485677,0.23582279925480248,0.03930379987580041,235822.7992548025,39303.79987580041,177
165,2,20,21,2,10.0,1777.5,1184.5,1.5,0.5,1776.0,1184.0,1779.0,1185.0,4.0,2.0,1258.497314453125,1257.9265747070312,0.07860775347639545,0.03930387673819773,78607.75347639545,39303.87673819772,178
166,2,20,21,2,10.0,953.5,1821.5,0.5,0.5,953.0,1821.0,954.0,1822.0,2.0,2.0,1275.498291015625,1266.3427124023438,0.07860775347639545,0.03930387673819773,78607.75347639545,39303.87673819772,179
167,9,20,28,9,45.0,1341.8175373073204,1930.4257436892885,0.9740292189589311,1.5731956845521882,1340.0,1929.0,1343.4642857142858,1934.0,4.464285714285779,6.0,1317.578369140625,1303.59765625,3.0656918170449554,0.34063242411610617,3065691.817044955,340632.4241161062,180
168,2,20,21,2,10.0,674.75,2006.0833333333335,0.25,0.41666666666662877,674.5,2005.6666666666667,675.0,2006.5,1.5,1.8333333333332575,1305.97265625,1294.7951049804688,0.19651936447471938,0.09825968223735969,196519.3644747194,98259.6822373597,181
169,4,21,25,5,25.0,710.125,92.0,0.5448623679425842,0.0,709.5,92.0,711.0,92.0,2.5,1.0,1297.40185546875,1279.8758239746094,0.27512661834781543,0.06878165458695386,275126.6183478154,68781.65458695385,182
170,12,21,33,13,65.0,335.3201388888889,116.81805555555555,1.6435742524457013,1.912960890160579,333.5,113.5,338.65,119.0,6.149999999999977,6.5,1338.6240234375,1305.748311360677,2.1223899748283577,0.17686583123569646,2122389.974828358,176865.83123569647,183
171,6,21,26,6,30.0,50.61111111111111,1054.2777777777778,0.44790320823880825,0.7797593804232235,50.0,1053.0,51.0,1055.0,2.0,3.0,1299.5096435546875,1287.4264119466145,0.3144300531220681,0.05240500885367802,314430.0531220681,52405.00885367802,184
172,2,21,22,2,10.0,1955.2833333333333,1137.25,1.883333333333212,0.25,1953.4,1137.0,1957.1666666666665,1137.5,4.766666666666424,1.5,1294.477783203125,1291.5372314453125,0.3537345255452068,0.1768672627726034,353734.5255452068,176867.2627726034,185
173,2,21,22,2,10.0,453.75,1213.1666666666665,0.25,0.16666666666662877,453.5,1213.0,454.0,1213.3333333333333,1.5,1.3333333333332575,1327.981689453125,1327.72900390625,0.19651917231835267,0.09825958615917633,196519.17231835268,98259.58615917634,186
174,2,21,22,2,10.0,471.65,1222.75,0.09999999999999432,0.049999999999954525,471.55,1222.7,471.75,1222.8,1.1999999999999886,1.099999999999909,1333.8131103515625,1333.1284790039062,0.8646844427476974,0.4323422213738487,864684.4427476974,432342.2213738487,187
175,3,21,23,3,15.0,1673.2222222222224,1566.0,0.3142696805273902,0.7071067811865476,1673.0,1565.5,1673.6666666666667,1567.0,1.6666666666667425,2.5,1310.12841796875,1309.5564371744792,0.27512677206694575,0.09170892402231524,275126.77206694573,91708.92402231524,188
176,6,21,26,6,30.0,536.75,1798.25,0.6291528696058958,0.3818813079129867,535.5,1798.0,537.5,1799.0,3.0,2.0,1317.455810546875,1292.031229654948,0.35373383379426643,0.05895563896571107,353733.83379426645,58955.63896571107,189
177,2,21,23,3,15.0,1009.0,1882.0,1.0,0.0,1008.0,1882.0,1010.0,1882.0,3.0,1.0,1261.77880859375,1258.68017578125,0.07860763818101006,0.03930381909050503,78607.63818101006,39303.81909050503,190
178,11,22,32,11,55.0,673.930506306559,112.26779423792581,1.2807001728832035,2.416676347238933,671.5833333333334,108.82456140350877,676.0,115.875,5.416666666666629,8.050438596491233,1333.4718017578125,1321.1235795454545,5.659723893359232,0.5145203539417484,5659723.893359233,514520.35394174844,191
179,5,22,27,6,30.0,155.3,371.6,0.4,1.3564659966250536,155.0,370.0,156.0,374.0,2.0,5.0,1297.19384765625,1275.94482421875,0.2358224149575752,0.04716448299151504,235822.41495757518,47164.48299151504,192
180,5,22,26,5,25.0,1970.9633333333336,1110.9633333333334,1.237937352570368,1.6952351524854494,1968.75,1108.0666666666666,1972.1666666666667,1112.75,4.4166666666667425,5.683333333333394,1323.6513671875,1296.8303955078125,1.1398087936695784,0.2279617587339157,1139808.7936695784,227961.7587339157,193
181,3,22,24,3,15.0,1365.25,1512.4166666666667,1.6708281379802852,1.1960583412006103,1363.0,1510.75,1367.0,1513.5,5.0,3.75,1300.8173828125,1277.32275390625,0.23582272238363472,0.07860757412787824,235822.7223836347,78607.57412787824,194
182,2,22,23,2,10.0,1271.7164141414141,1536.6916666666666,0.25580808080803763,1.7583333333333258,1271.460606060606,1534.9333333333334,1271.9722222222222,1538.45,1.5116161616160753,4.5166666666666515,1339.243408203125,1338.7413940429688,3.222911628206205,1.6114558141031026,3222911.628206205,1611455.8141031025,195
183,7,22,28,7,35.0,340.33895625883207,1974.1359289931754,1.4368994435497546,1.3341434947797075,337.0144927536232,1972.6666666666667,342.0,1977.0833333333335,5.985507246376812,5.4166666666667425,1321.79052734375,1315.0402134486608,4.28410924809437,0.6120156068706243,4284109.24809437,612015.6068706242,197
184,3,23,26,4,20.0,920.3333333333334,564.0833333333334,0.4714045207910317,0.9646530752325189,920.0,562.75,921.0,565.0,2.0,3.25,1269.554931640625,1268.035400390625,0.27512592661362495,0.09170864220454165,275125.92661362496,91708.64220454165,198
185,5,23,27,5,25.0,1396.7263603501674,621.1423447494082,0.8260947828701523,1.6379999011832789,1395.515625,619.2280701754386,1397.8620689655172,623.7931034482758,3.34644396551721,5.5650332728372405,1325.603759765625,1321.4805908203125,11.358768438288273,2.2717536876576547,11358768.438288273,2271753.6876576548,199
186,3,23,26,4,20.0,551.3333333333334,1186.0,1.247219128924647,0.816496580927726,550.0,1185.0,553.0,1187.0,4.0,3.0,1266.2366943359375,1261.4419759114583,0.11791118825578564,0.03930372941859522,117911.18825578564,39303.72941859522,200
187,27,23,49,27,135.0,1863.7600574322796,1394.4477219282776,2.401561358728772,2.7633695438214656,1859.7884615384614,1389.8846153846152,1869.8076923076924,1398.6666666666667,11.019230769230944,9.782051282051498,1344.1314697265625,1315.4347104673031,8.253646327418199,0.30569060471919257,8253646.327418199,305690.60471919255,201
188,2,23,25,3,15.0,1898.8333333333335,1563.8333333333335,1.3333333333333712,0.33333333333337123,1897.5,1563.5,1900.1666666666667,1564.1666666666667,3.6666666666667425,1.6666666666667425,1309.38818359375,1302.8660278320312,0.23582237652935584,0.11791118826467792,235822.37652935582,117911.18826467791,202
189,2,23,24,2,10.0,1509.5,1572.5,0.5,0.5,1509.0,1572.0,1510.0,1573.0,2.0,2.0,1299.5859375,1286.6370239257812,0.07860752288411027,0.039303761442055135,78607.52288411027,39303.76144205513,203
190,10,24,33,10,50.0,1553.7916666666665,290.75944444444445,1.1136775914859112,1.8813477733913169,1551.25,287.2,1556.0833333333335,293.25,5.833333333333485,7.050000000000011,1330.512451171875,1325.2104858398438,2.3975171312646064,0.23975171312646065,2397517.1312646065,239751.71312646064,204
191,2,24,25,2,10.0,1952.0,1132.5,1.0,1.5,1951.0,1131.0,1953.0,1134.0,3.0,4.0,1269.0869140625,1265.896728515625,0.11791118825285549,0.05895559412642774,117911.18825285549,58955.59412642774,205
192,15,24,38,15,75.0,1775.8301322751324,1184.3425925925924,2.1899322059879998,1.8154012657894387,1771.5,1180.8333333333333,1780.6666666666667,1186.5,10.166666666666742,6.6666666666667425,1323.22900390625,1298.0183349609374,3.104974576211196,0.2069983050807464,3104974.576211196,206998.30508074642,206
196,3,24,27,4,20.0,1935.0,1570.3333333333333,0.0,1.247219128924647,1935.0,1569.0,1935.0,1572.0,1.0,4.0,1294.541748046875,1282.0410563151042,0.1179110729688497,0.039303690989616565,117911.0729688497,39303.69098961657,210
195,9,24,32,9,45.0,1450.013888888889,1560.2222222222222,1.3494397557212257,2.6860550953598676,1447.0,1555.0,1452.0,1564.875,6.0,10.875,1293.9459228515625,1276.6318223741318,1.2577129108167455,0.1397458789796384,1257712.9108167456,139745.8789796384,209
194,4,24,27,4,20.0,1576.7083333333335,1440.3333333333333,0.8196798155376864,1.136515141415513,1575.3333333333335,1438.8333333333333,1577.5,1442.0,3.166666666666515,4.1666666666667425,1312.352294921875,1292.7196044921875,0.47164448402960174,0.11791112100740044,471644.48402960174,117911.12100740043,208
197,10,24,33,10,50.0,1212.9916666666668,2023.8583333333331,1.4712287004028228,1.7756258677498031,1210.1666666666665,2021.0,1214.6666666666667,2026.0,5.500000000000227,6.0,1345.1029052734375,1329.5875610351563,0.9825885213683551,0.09825885213683551,982588.521368355,98258.85213683551,211
193,10,24,33,10,50.0,463.3187841707656,1221.1148918474887,2.2900379238944004,2.994528853744437,460.425,1216.1274509803923,467.25,1224.7571428571428,7.824999999999989,9.629691876750485,1339.7591552734375,1334.3823120117188,7.821414651320449,0.7821414651320449,7821414.651320449,782141.4651320449,207
200,5,25,29,5,25.0,238.1333333333333,173.93333333333334,0.2666666666666629,1.668665468104513,238.0,171.66666666666666,238.66666666666666,176.0,1.6666666666666572,5.333333333333343,1302.7591552734375,1286.0070068359375,0.35373279618610287,0.07074655923722058,353732.79618610285,70746.55923722057,214
198,13,25,38,14,70.0,616.8846153846154,126.4423076923077,1.0902336756198743,1.803185872266314,615.0,123.0,618.5,129.0,4.5,7.0,1347.9276123046875,1293.0304048978364,0.9432835877772724,0.0725602759828671,943283.5877772724,72560.2759828671,212
199,4,25,28,4,20.0,254.375,169.5,0.21650635094610965,1.9039432764659772,254.0,167.0,254.5,172.0,1.5,6.0,1316.5771484375,1306.3747863769531,0.4323401653644225,0.10808504134110562,432340.1653644225,108085.04134110562,213
204,2,25,26,2,10.0,672.0416666666667,1967.3333333333335,0.2916666666666856,1.1666666666666288,671.75,1966.1666666666667,672.3333333333334,1968.5,1.5833333333333712,3.3333333333332575,1314.120361328125,1310.0638427734375,0.3930368458723676,0.1965184229361838,393036.8458723676,196518.4229361838,218
203,2,25,26,2,10.0,674.6825396825398,1941.0396825396826,0.12698412698415495,0.5158730158730123,674.5555555555555,1940.5238095238096,674.8095238095239,1941.5555555555557,1.25396825396831,2.0317460317460245,1326.801025390625,1326.5318603515625,1.5328437565489177,0.7664218782744588,1532843.7565489176,766421.8782744588,217
202,3,25,27,3,15.0,1298.1666666666667,1552.0,1.8408935028645437,1.4142135623730951,1296.0,1550.0,1300.5,1553.0,5.5,4.0,1284.4534912109375,1271.7102864583333,0.15721469991829454,0.052404899972764846,157214.69991829453,52404.89997276485,216
201,3,25,28,4,20.0,1272.4449479891339,1538.3643344596833,1.4682145531691144,1.395053267901716,1271.3162393162393,1536.5279069767444,1274.5186046511628,1539.906976744186,4.20236533492357,4.379069767441706,1339.587890625,1337.8127034505208,5.227386187717388,1.7424620625724627,5227386.187717388,1742462.0625724627,215
206,2,26,27,2,10.0,1361.75,1515.6666666666665,0.75,0.33333333333337123,1361.0,1515.3333333333333,1362.5,1516.0,2.5,1.6666666666667425,1295.7545166015625,1285.4530029296875,0.2358218385074422,0.1179109192537211,235821.8385074422,117910.9192537211,220
205,14,26,39,14,70.0,1953.914527932385,3.5074469181612042,0.8120734383097398,1.398795779921763,1952.6666666666667,0.5,1955.3333333333333,5.333333333333333,3.666666666666515,5.833333333333333,1340.412109375,1321.2828020368304,2.8298483421875193,0.20213202444196568,2829848.342187519,202132.02444196568,219
208,6,27,33,7,35.0,1566.9312073586743,395.43903204191037,1.0011604190194465,1.0238914570444697,1565.75,394.3055555555556,1568.1754385964912,397.1041666666667,3.425438596491176,3.798611111111086,1324.76318359375,1321.6287841796875,4.480601288581555,0.7467668814302592,4480601.288581555,746766.8814302592,222
207,4,27,30,4,20.0,1540.875,128.5,0.739509972887452,0.5,1540.0,128.0,1542.0,129.0,3.0,2.0,1293.16845703125,1285.2977294921875,0.1965178656865975,0.04912946642164937,196517.86568659748,49129.46642164937,221
209,11,27,37,11,55.0,1218.030303030303,844.2121212121212,0.8221006040151899,1.3353978506988309,1217.0,841.5,1219.5,846.0,3.5,5.5,1326.39013671875,1320.185147372159,0.864674873506738,0.07860680668243072,864674.873506738,78606.80668243073,223
210,3,27,30,4,20.0,992.8333333333334,1083.3333333333333,0.23570226039551584,0.4714045207910317,992.5,1083.0,993.0,1084.0,1.5,2.0,1309.81396484375,1287.1020100911458,0.1572143540423188,0.05240478468077293,157214.3540423188,52404.78468077293,224
211,5,27,31,5,25.0,1972.3833333333332,1108.3166666666666,1.4236104336041386,1.0728984626287525,1971.0,1107.0,1974.3333333333333,1110.0,4.3333333333332575,4.0,1290.9398193359375,1284.73330078125,0.5502498548380707,0.11004997096761412,550249.8548380707,110049.97096761412,225
212,2,27,28,2,10.0,224.0,1436.5,0.0,0.5,224.0,1436.0,224.0,1437.0,1.0,2.0,1297.944091796875,1286.3096923828125,0.07860721544905608,0.03930360772452804,78607.21544905608,39303.60772452804,228
213,2,27,28,2,10.0,712.9583333333333,1485.8333333333335,0.2916666666666856,0.8333333333333712,712.6666666666666,1485.0,713.25,1486.6666666666667,1.5833333333333712,2.6666666666667425,1321.7059326171875,1319.7771606445312,0.27512527328819114,0.13756263664409557,275125.2732881911,137562.63664409556,229
214,2,27,28,2,10.0,672.8534829721362,1961.3027863777088,0.2876934984520858,0.24984520123837228,672.5657894736842,1961.0529411764705,673.1411764705883,1961.5526315789473,1.5753869969041716,1.4996904024767446,1328.475830078125,1328.4671630859375,1.7293587398792336,0.8646793699396168,1729358.7398792335,864679.3699396168,230
215,2,28,30,3,15.0,7.5,342.5,0.5,0.5,7.0,342.0,8.0,343.0,2.0,2.0,1270.8448486328125,1269.7357788085938,0.07860710016027304,0.03930355008013652,78607.10016027304,39303.55008013652,231
216,2,28,29,2,10.0,920.5,567.875,0.5,0.125,920.0,567.75,921.0,568.0,2.0,1.25,1271.163330078125,1268.9044799804688,0.2358213773251399,0.11791068866256996,235821.3773251399,117910.68866256996,232
217,4,28,31,4,20.0,1397.8332418573489,627.6167332633157,0.8705650430310936,1.351755991169555,1396.75,625.3310657596372,1399.1609977324263,628.6896551724137,3.4109977324262672,4.358589412776496,1326.7030029296875,1326.0760498046875,9.590061838307573,2.3975154595768933,9590061.838307573,2397515.459576893,233
218,3,28,31,4,20.0,51.5,1058.3333333333333,0.408248290463863,0.4714045207910317,51.0,1058.0,52.0,1059.0,2.0,2.0,1300.7435302734375,1289.6822509765625,0.15721404659901927,0.05240468219967309,157214.04659901926,52404.682199673094,234
219,21,28,49,22,110.0,1689.791439909297,1291.8473201401773,1.4738207709251565,2.2805387490976208,1687.4285714285713,1288.2,1693.6,1296.7142857142858,7.171428571428578,9.514285714285734,1318.873291015625,1311.0016450427827,6.445709117833581,0.3069385294206467,6445709.117833581,306938.5294206467,235
220,9,28,36,9,45.0,1361.2180589472255,1519.1350054266723,1.4793203101296486,1.25690368885797,1359.3333333333335,1517.8611111111113,1364.2115384615386,1521.0,5.878205128205082,4.138888888888687,1336.31591796875,1316.4468722873264,3.5373052106601985,0.3930339122955776,3537305.2106601987,393033.9122955776,236
221,4,28,32,5,25.0,1300.625,1555.125,1.9803724397193574,0.5448623679425842,1298.0,1554.5,1303.0,1556.0,6.0,2.5,1289.9031982421875,1272.7390747070312,0.19651759667722626,0.049129399169306566,196517.59667722628,49129.39916930657,237
222,2,28,30,3,15.0,1588.5,1934.5,0.5,0.5,1588.0,1934.0,1589.0,1935.0,2.0,2.0,1302.955078125,1298.567138671875,0.07860710016027304,0.03930355008013652,78607.10016027304,39303.55008013652,238
223,4,29,32,4,20.0,632.94375,97.43068181818181,0.5674435544615823,0.3297471953025795,632.0,97.2,633.4,98.0,2.3999999999999773,1.7999999999999972,1350.571044921875,1334.915283203125,0.9825866767553473,0.24564666918883682,982586.6767553473,245646.66918883682,239
224,4,29,32,4,20.0,513.125,307.33333333333337,1.1388041973930374,0.7359800721939873,512.0,306.5,514.5,308.5,3.5,3.0,1316.8695068359375,1295.9681091308594,0.35373141269986397,0.08843285317496599,353731.41269986395,88432.85317496599,240
232,5,29,35,7,35.0,701.0,2010.3,0.6324555320336759,1.32664991614216,700.0,2008.5,702.0,2012.0,3.0,4.5,1316.1104736328125,1285.9081787109376,0.23582041654424513,0.047164083308849025,235820.41654424512,47164.083308849025,248
231,2,29,30,2,10.0,671.75,1976.625,0.25,1.625,671.5,1975.0,672.0,1978.25,1.5,4.25,1287.62255859375,1278.4541015625,0.23582118518852463,0.11791059259426231,235821.18518852463,117910.59259426231,247
230,4,29,32,4,20.0,337.52083333333337,1974.9166666666667,1.0742810903628193,0.6291528696058882,336.25,1974.5,339.1666666666667,1976.0,3.9166666666666856,2.5,1306.8935546875,1288.5604858398438,0.5502489709384871,0.13756224273462178,550248.9709384871,137562.24273462177,246
229,12,29,40,12,60.0,674.6828357984607,1944.790618987494,0.8667272339493003,2.1976840105346,673.4,1940.5,675.9090909090909,1947.7083333333335,3.509090909090901,8.208333333333485,1328.808349609375,1317.2559814453125,4.834318251227297,0.40285985426894144,4834318.251227297,402859.85426894145,245
228,10,29,40,12,60.0,941.875,1803.9166666666665,2.1367323182841598,1.8016196416928123,939.25,1801.0,946.0,1806.5,7.75,6.5,1289.8685302734375,1279.6279418945312,0.7467621095777842,0.07467621095777842,746762.1095777842,74676.21095777841,244
227,3,29,32,4,20.0,1902.1666666666667,1571.9166666666667,1.5456030825826175,0.6561673228343176,1900.0,1571.0,1903.5,1572.5,4.5,2.5,1295.5159912109375,1271.1002604166667,0.2358211083237298,0.07860703610790994,235821.1083237298,78607.03610790994,243
226,5,29,33,5,25.0,1584.6855128205127,1439.4544444444446,1.7959924889546268,1.183133858541039,1581.4583333333333,1438.05,1586.2,1441.5833333333333,5.741666666666788,4.533333333333303,1321.753662109375,1321.060400390625,2.7119389217518064,0.5423877843503613,2711938.9217518065,542387.7843503613,242
225,7,29,35,7,35.0,660.7857142857143,1177.4285714285713,0.7491491772643939,1.2657175104763823,659.5,1175.0,662.0,1178.5,3.5,4.5,1303.315185546875,1290.035923549107,0.39303434785049624,0.056147763978642316,393034.34785049624,56147.76397864232,241
236,6,30,35,6,30.0,1345.0694444444446,1933.0416666666667,1.4801281434347648,1.1504326883265992,1343.0,1931.0,1347.0,1934.25,5.0,4.25,1303.8717041015625,1290.2244059244792,1.0218891122631961,0.170314852043866,1021889.1122631961,170314.852043866,253
235,9,30,39,10,50.0,741.3564814814815,1743.337962962963,2.0236936716849176,1.120867658231889,738.5,1741.5,744.3333333333334,1745.0,6.833333333333371,4.5,1306.188720703125,1295.0124104817708,1.2970104271715337,0.14411226968572596,1297010.4271715337,144112.26968572597,252
234,2,30,32,3,15.0,153.75,373.0,0.25,0.0,153.5,373.0,154.0,373.0,1.5,1.0,1277.4119873046875,1271.6508178710938,0.11791045809192466,0.05895522904596233,117910.45809192465,58955.229045962325,250
233,2,30,32,3,15.0,1483.5,349.0,0.5,1.0,1483.0,348.0,1484.0,350.0,2.0,3.0,1263.9725341796875,1261.0517578125,0.07860694643968483,0.039303473219842414,78606.94643968483,39303.47321984242,249
238,3,31,33,3,15.0,567.6111111111112,467.5555555555556,0.28327886186625345,0.4157397096415507,567.3333333333334,467.0,568.0,468.0,1.6666666666666288,2.0,1318.458740234375,1311.5977783203125,0.23582064715039822,0.07860688238346607,235820.6471503982,78606.88238346607,255
239,19,31,49,19,95.0,2021.107484148916,795.6636333045466,1.2480865845276066,1.6942326850079548,2019.090909090909,793.25,2023.7826086956522,799.8,5.691699604743235,7.5499999999999545,1336.451416015625,1325.1639854029606,9.393411656130711,0.4943900871647743,9393411.65613071,494390.0871647743,256
237,3,31,33,3,15.0,1891.7222222222224,396.77777777777777,0.20786985482076778,0.5152010275275445,1891.5,396.3333333333333,1892.0,397.5,1.5,2.1666666666666856,1317.320556640625,1309.328369140625,0.35373087463647734,0.11791029154549244,353730.8746364773,117910.29154549244,254
240,3,32,35,4,20.0,7.5,345.8333333333333,1.0801234497346435,0.23570226039551584,6.5,345.5,9.0,346.0,3.5,1.5,1338.3477783203125,1299.7757568359375,0.19651698176309296,0.06550566058769765,196516.98176309295,65505.66058769765,257
244,4,32,38,7,35.0,958.625,685.625,0.960143218483576,1.192424001771182,957.0,684.0,959.5,687.0,3.5,4.0,1284.88037109375,1275.0949401855469,0.2358200706782308,0.0589550176695577,235820.0706782308,58955.0176695577,261
243,5,32,36,5,25.0,1400.3447831978322,623.1919119998654,0.7388951043979146,2.342306846088832,1399.6666666666667,620.6014492753624,1401.6825396825398,627.1666666666666,3.0158730158730123,7.565217391304259,1330.790283203125,1321.12548828125,6.5243622188064645,1.3048724437612929,6524362.218806464,1304872.4437612928,260
242,3,32,34,3,15.0,920.375,567.125,0.5303300858899106,0.770551750371122,920.0,566.125,921.125,568.0,2.125,2.875,1276.60400390625,1272.6996663411458,0.7074610190370009,0.2358203396790003,707461.0190370008,235820.3396790003,259
241,2,32,34,3,15.0,366.0,470.0,0.0,1.0,366.0,469.0,366.0,471.0,1.0,3.0,1288.0555419921875,1273.7601928710938,0.07860679270659382,0.03930339635329691,78606.79270659381,39303.39635329691,258
247,3,32,35,4,20.0,1643.2166666666665,1681.8999999999999,0.7487025815071938,1.5121728296284938,1642.5,1680.5,1644.25,1684.0,2.75,4.5,1309.0244140625,1307.4617513020833,0.5109436145376276,0.1703145381792092,510943.6145376276,170314.5381792092,264
245,18,32,49,18,90.0,966.818819143819,1085.799903799904,1.6284436237972253,2.532753777133195,964.5,1082.7142857142858,969.7857142857142,1090.25,6.285714285714221,8.53571428571422,1321.806884765625,1311.5020548502605,4.716363175288002,0.262020176404889,4716363.175288002,262020.176404889,262
246,8,32,40,9,45.0,1272.1036504833921,1538.2289333411768,1.7424430939986646,2.0489560972979253,1269.4482758620688,1534.016129032258,1274.8225806451615,1540.6206896551726,6.374304783092612,7.604560622914505,1341.785400390625,1338.107925415039,9.786515984882776,1.223314498110347,9786515.984882776,1223314.498110347,263
248,3,33,36,4,20.0,660.0,125.0,0.816496580927726,0.816496580927726,659.0,124.0,661.0,126.0,3.0,3.0,1266.452880859375,1259.7154134114583,0.11790999690273789,0.03930333230091263,117909.99690273788,39303.33230091263,265
249,2,33,35,3,15.0,367.5,475.0,0.5,1.0,367.0,474.0,368.0,476.0,2.0,3.0,1309.1622314453125,1283.6769409179688,0.07860671583888594,0.03930335791944297,78606.71583888594,39303.35791944297,266
250,2,33,34,2,10.0,1980.5,1109.0,0.5,1.0,1980.0,1108.0,1981.0,1110.0,2.0,3.0,1254.9248046875,1254.7820434570312,0.07860675426846589,0.039303377134232945,78606.75426846588,39303.37713423294,267
251,3,33,35,3,15.0,718.8888888888888,1478.7777777777776,0.955813918560308,1.0999438818457048,717.6666666666666,1478.0,720.0,1480.3333333333333,3.3333333333333712,3.3333333333332575,1310.6622314453125,1309.8887532552083,0.27512350543580666,0.09170783514526888,275123.50543580664,91707.83514526888,269
252,2,33,34,2,10.0,1843.75,1504.25,0.75,1.75,1843.0,1502.5,1844.5,1506.0,2.5,4.5,1264.703369140625,1259.881591796875,0.11791011218761471,0.058955056093807356,117910.11218761471,58955.056093807354,270
262,2,34,35,2,10.0,1458.5,1611.5,1.5,1.5,1457.0,1610.0,1460.0,1613.0,4.0,4.0,1263.129150390625,1262.548583984375,0.07860667740871774,0.03930333870435887,78606.67740871773,39303.33870435887,280
261,2,34,35,2,10.0,1152.75,1517.5,1.75,0.5,1151.0,1517.0,1154.5,1518.0,4.5,2.0,1315.7777099609375,1286.4213256835938,0.11790999689828663,0.058954998449143314,117909.99689828663,58954.99844914331,279
258,2,34,35,2,10.0,984.5,655.5,1.5,0.5,983.0,655.0,986.0,656.0,4.0,2.0,1270.185791015625,1268.61865234375,0.07860667740871774,0.03930333870435887,78606.67740871773,39303.33870435887,276
257,3,34,36,3,15.0,1565.9454545454546,389.44006734006734,0.37688816553099297,1.5577260499779177,1565.6000000000001,387.59999999999997,1566.4696969696968,391.4090909090909,1.8696969696966335,4.809090909090912,1328.7607421875,1326.3120930989583,2.2402896336771625,0.7467632112257209,2240289.6336771627,746763.2112257208,275
256,7,34,40,7,35.0,1545.9642857142858,288.39285714285717,1.777201933382371,2.048380257179934,1544.0,285.0,1549.1666666666665,291.5,6.166666666666515,7.5,1332.013427734375,1314.97265625,0.7467621095674483,0.10668030136677832,746762.1095674483,106680.30136677832,274
255,3,34,37,4,20.0,1525.0,186.5,0.816496580927726,1.0801234497346435,1524.0,185.5,1526.0,188.0,3.0,3.5,1282.121826171875,1271.2841389973958,0.15721327796038698,0.05240442598679566,157213.27796038697,52404.42598679566,273
254,2,34,35,2,10.0,337.9083333333333,112.31666666666666,0.09166666666666856,0.6833333333333371,337.81666666666666,111.63333333333333,338.0,113.0,1.1833333333333371,2.3666666666666742,1304.5313720703125,1304.3067016601562,0.6681568156184707,0.33407840780923537,668156.8156184708,334078.4078092354,272
253,3,34,36,3,15.0,667.4973412698413,105.95730158730159,1.1267905727485494,2.5656413148593,666.2866666666666,103.19333333333334,669.0,109.375,3.7133333333333667,7.181666666666658,1331.201416015625,1318.6832682291667,1.7293458654588028,0.5764486218196009,1729345.8654588028,576448.6218196009,271
260,13,34,46,13,65.0,1767.0463369963372,1346.7199633699634,1.8844365688688514,2.2086429220235613,1764.5,1344.8,1770.4,1351.6666666666667,6.900000000000091,7.866666666666788,1312.27197265625,1305.7623666616587,2.0044586103405235,0.15418912387234796,2004458.6103405235,154189.12387234796,278
259,6,34,39,6,30.0,470.7291666666667,1223.4375,1.2256305066735604,1.7614949853273307,469.25,1221.125,472.625,1226.0,4.375,5.875,1333.29345703125,1317.1309000651042,1.13979526605204,0.18996587767534,1139795.26605204,189965.87767534002,277
265,15,35,49,15,75.0,452.61777777777775,1756.708888888889,1.3839217847020246,1.5568470828909855,450.5,1755.3333333333333,455.2,1760.5,5.699999999999989,6.1666666666667425,1316.198974609375,1302.337060546875,1.7686348888997592,0.11790899259331727,1768634.8888997592,117908.99259331728,283
263,2,35,36,2,10.0,154.5,369.5,1.5,1.5,153.0,368.0,156.0,371.0,4.0,4.0,1270.40234375,1264.767333984375,0.07860660055342084,0.03930330027671042,78606.60055342084,39303.30027671042,281
264,15,35,49,15,75.0,1893.0846663467253,396.67985403485403,1.6594417855447041,2.4161472427339667,1890.3333333333335,393.5,1895.7916666666667,402.22222222222223,6.4583333333332575,9.722222222222229,1327.7100830078125,1317.1533203125,5.384518722590572,0.35896791483937146,5384518.722590572,358967.91483937146,282
269,13,36,49,14,70.0,452.71153846153845,1193.179487179487,1.7700666921544388,2.233640945579048,450.0,1191.0,456.0,1198.5,7.0,8.5,1318.4537353515625,1301.812002328726,1.2576976921561656,0.09674597631970504,1257697.6921561656,96745.97631970503,288
270,2,36,38,3,15.0,324.0,1974.0,1.0,1.0,323.0,1973.0,325.0,1975.0,3.0,3.0,1297.4783935546875,1288.41552734375,0.07860648526504316,0.03930324263252158,78606.48526504316,39303.24263252158,289
266,4,36,39,4,20.0,333.5861111111111,118.88402777777777,0.6887152558958567,0.9589136226210093,332.65,117.625,334.4444444444444,120.3,2.794444444444423,3.674999999999997,1333.7291259765625,1318.7546691894531,0.9039741193492262,0.22599352983730656,903974.1193492262,225993.52983730656,284
267,2,36,37,2,10.0,464.5833333333333,378.6666666666667,0.5833333333333144,0.8333333333333144,464.0,377.83333333333337,465.16666666666663,379.5,2.1666666666666288,2.6666666666666288,1318.9852294921875,1314.8123168945312,0.23581960952044864,0.11790980476022432,235819.60952044863,117909.80476022432,285
268,5,36,40,5,25.0,919.6305555555555,568.8138888888889,0.4817342641276215,2.878019080402438,918.875,565.0,920.2777777777778,573.625,2.4027777777778283,9.625,1277.91748046875,1272.0072265625,0.7074583289418988,0.14149166578837974,707458.3289418988,141491.66578837973,286
279,10,37,46,10,50.0,248.5,1574.3,1.91049731745428,2.193171219946131,246.0,1573.0,252.0,1579.0,7.0,7.0,1339.451416015625,1312.524658203125,0.707454985448818,0.0707454985448818,707454.9854488181,70745.49854488179,298
280,2,37,38,2,10.0,1060.5,1736.0,0.5,0.0,1060.0,1736.0,1061.0,1736.0,2.0,1.0,1309.1112060546875,1294.3224487304688,0.07860644683371162,0.03930322341685581,78606.44683371163,39303.22341685581,299
271,2,37,38,2,10.0,1563.049107142857,393.8675595238095,0.4866071428571104,0.471726190476204,1562.5625,393.3958333333333,1563.5357142857142,394.3392857142857,1.9732142857142208,1.943452380952408,1325.9501953125,1325.6173706054688,1.3756127235116304,0.6878063617558152,1375612.7235116304,687806.3617558152,290
272,9,37,46,10,50.0,1398.2427496190608,625.1252106578792,2.208651501361395,1.6683264721467557,1395.1666666666665,622.5862068965517,1401.8992248062016,627.1428571428571,7.732558139535058,5.556650246305367,1328.135986328125,1319.7025960286458,11.083446745617966,1.2314940828464407,11083446.745617965,1231494.0828464406,291
276,9,37,45,9,45.0,1362.5342084815768,1517.8038880709933,2.646609588518562,2.7781360283818413,1359.1025641025642,1513.171052631579,1366.8947368421054,1522.9,8.792172739541229,10.728947368421132,1337.50244140625,1334.9918755425347,6.013369720599561,0.6681521911777291,6013369.720599561,668152.191177729,295
275,6,37,42,6,30.0,712.8972120472121,1484.8536426536423,1.536274473145163,2.386609115383397,711.4444444444445,1482.0,716.0,1488.3333333333333,5.555555555555543,7.3333333333332575,1323.799560546875,1319.2581787109375,2.0437635822792597,0.34062726371320995,2043763.5822792598,340627.26371320995,294
277,2,37,38,2,10.0,1154.5,1522.5,0.5,0.5,1154.0,1522.0,1155.0,1523.0,2.0,2.0,1313.92236328125,1313.3394775390625,0.07860644683371162,0.03930322341685581,78606.44683371163,39303.22341685581,296
278,3,37,39,3,15.0,1933.75,1572.1666666666667,0.5400617248673217,1.5456030825826172,1933.0,1570.0,1934.25,1573.5,2.25,4.5,1321.55859375,1281.4573160807292,0.1965160978640531,0.06550536595468437,196516.0978640531,65505.36595468437,297
273,2,37,38,2,10.0,1883.25,794.6,0.25,0.39999999999997726,1883.0,794.2,1883.5,795.0,1.5,1.7999999999999545,1322.090087890625,1321.3348388671875,0.4323354768010786,0.2161677384005393,432335.4768010786,216167.7384005393,292
274,5,37,41,5,25.0,1987.0,1106.5,0.8944271909999159,1.6733200530681511,1986.0,1104.0,1988.0,1109.0,3.0,6.0,1298.6728515625,1276.0096923828125,0.23581899460632558,0.04716379892126511,235818.99460632558,47163.798921265115,293
281,7,38,46,9,45.0,1301.9047619047617,1551.0238095238094,2.06608506189681,2.649391321873233,1299.0,1547.3333333333333,1304.5,1556.3333333333333,6.5,10.0,1317.10595703125,1286.0657784598213,0.6288489997891096,0.08983557139844423,628848.9997891096,89835.57139844423,300
282,2,38,39,2,10.0,1900.3611111111113,1571.5833333333335,0.8611111111111995,0.08333333333337123,1899.5,1571.5,1901.2222222222224,1571.6666666666667,2.722222222222399,1.1666666666667425,1291.073974609375,1274.9563598632812,0.2751222372288856,0.1375611186144428,275122.23722888564,137561.11861444282,301
283,2,38,39,2,10.0,1519.0,1577.5,1.0,0.5,1518.0,1577.0,1520.0,1578.0,3.0,2.0,1262.477783203125,1259.4492797851562,0.07860636996649184,0.03930318498324592,78606.36996649184,39303.18498324592,302
285,6,38,45,8,40.0,674.5,2003.4166666666667,2.449489742783178,1.7892425461319907,672.0,2002.0,678.5,2007.0,7.5,6.0,1305.052490234375,1283.5657755533855,0.3144245959650075,0.05240409932750125,314424.5959650075,52404.09932750125,304
284,2,38,39,2,10.0,1703.5,1765.0,0.5,1.0,1703.0,1764.0,1704.0,1766.0,2.0,3.0,1275.7001953125,1273.2930297851562,0.07860636996649184,0.03930318498324592,78606.36996649184,39303.18498324592,303
289,10,39,48,10,50.0,488.88339285714284,277.56642857142856,1.6745948432473505,0.8738260346175969,487.0,276.4,491.57142857142856,279.0,5.571428571428555,3.6000000000000227,1338.4005126953125,1310.5098388671875,2.554695936785236,0.2554695936785236,2554695.936785236,255469.5936785236,308
290,8,39,46,8,40.0,1565.1643383237133,390.06484036796536,1.213796267019448,1.9741407655512089,1563.7285714285715,386.69523809523804,1567.1814935064936,392.6713203463204,4.4529220779220395,6.976082251082346,1326.98193359375,1322.5647583007812,8.017816917040836,1.0022271146301045,8017816.917040836,1002227.1146301045,309
292,2,39,40,2,10.0,191.5,1104.0,0.5,1.0,191.0,1103.0,192.0,1105.0,2.0,3.0,1278.6561279296875,1270.701904296875,0.07860629310079795,0.039303146550398974,78606.29310079795,39303.146550398975,311
287,10,39,48,10,50.0,706.3416666666667,106.41666666666666,1.8106360147135552,1.019940085386284,704.0,105.0,709.5,108.0,6.5,4.0,1342.7847900390625,1301.4032592773438,0.8253621001112282,0.08253621001112282,825362.1001112282,82536.21001112282,306
288,8,39,48,10,50.0,617.7291666666667,122.5625,1.69954548662608,0.7680128579652817,614.3333333333334,121.5,619.5,124.0,6.166666666666629,3.5,1344.3359375,1290.32666015625,0.43233317095540286,0.05404164636942536,432333.17095540283,54041.646369425354,307
286,3,39,41,3,15.0,638.800925925926,104.14814814814815,1.5472801261412819,0.8752816517108506,637.0,102.94444444444444,640.7777777777778,105.0,4.777777777777828,3.055555555555557,1318.58984375,1287.7815348307292,0.6288496915079407,0.20961656383598024,628849.6915079406,209616.56383598023,305
291,6,39,44,6,30.0,62.083333333333336,782.5,2.4902587995806558,1.2583057392117916,59.0,780.5,66.0,784.5,8.0,5.0,1303.63134765625,1278.494140625,0.3930308122020757,0.06550513536701262,393030.8122020757,65505.13536701262,310
293,10,39,49,11,55.0,1776.3666666666668,1181.0041666666668,2.4207436873820325,1.631126272446925,1773.25,1176.6666666666667,1782.0,1183.125,9.75,7.4583333333332575,1297.8551025390625,1282.8983520507813,1.0611816327414165,0.10611816327414166,1061181.6327414166,106118.16327414165,312
301,10,40,49,10,50.0,747.7083333333333,1737.5158333333334,2.377291292393295,0.9463853014966401,744.0,1736.0,751.0,1738.6,8.0,3.599999999999909,1306.8692626953125,1296.8267822265625,2.004453460719044,0.2004453460719044,2004453.460719044,200445.3460719044,321
296,5,40,44,5,25.0,479.5,1120.0,1.8439088914585775,0.0,477.0,1120.0,482.0,1120.0,6.0,1.0,1315.317626953125,1310.5981689453124,0.23581830285937522,0.04716366057187504,235818.30285937522,47163.66057187504,316
295,5,40,44,5,25.0,1220.7333333333331,840.4333333333334,1.8547236990991391,0.3265986323710858,1218.0,840.0,1223.0,841.0,6.0,2.0,1325.896484375,1319.8796142578126,0.39303050476601237,0.07860610095320247,393030.50476601237,78606.10095320248,315
299,2,40,41,2,10.0,1521.5,1498.5,0.5,0.5,1521.0,1498.0,1522.0,1499.0,2.0,2.0,1265.427734375,1261.5289306640625,0.07860621624201267,0.03930310812100633,78606.21624201267,39303.108121006335,319
298,2,40,41,2,10.0,1583.25,1419.75,0.25,0.25,1583.0,1419.5,1583.5,1420.0,1.5,1.5,1318.025634765625,1295.1304931640625,0.15721243248402533,0.07860621624201267,157212.43248402534,78606.21624201267,318
300,2,40,41,2,10.0,1156.0,1517.0,0.0,0.0,1156.0,1517.0,1156.0,1517.0,1.0,1.0,1299.145751953125,1287.4833984375,0.07860621624201267,0.03930310812100633,78606.21624201267,39303.108121006335,320
297,2,40,41,2,10.0,1840.5,1164.0,1.0,0.0,1839.5,1164.0,1841.5,1164.0,3.0,1.0,1297.1275634765625,1291.7623901367188,0.23581861029705603,0.11790930514852802,235818.61029705603,117909.30514852802,317
294,5,40,44,5,25.0,1124.9666666666667,728.6333333333333,1.6478942792410662,0.22110831935701408,1123.0,728.3333333333334,1127.3333333333333,729.0,5.3333333333332575,1.6666666666666288,1331.58837890625,1327.154638671875,0.4716364135704659,0.09432728271409317,471636.41357046587,94327.28271409318,314
303,9,41,49,9,45.0,957.1129629629629,1821.3407407407406,0.8213124763532293,0.818426339706488,955.8,1820.6666666666667,958.3333333333334,1823.5,3.5333333333334167,3.8333333333332575,1296.271484375,1291.9756944444443,1.4542081024686533,0.1615786780520726,1454208.1024686533,161578.6780520726,323
302,8,41,48,8,40.0,337.16666666666663,113.15104166666666,1.5673535728170018,0.9943279896702426,335.0,111.16666666666667,339.5,114.5,5.5,4.333333333333329,1322.9310302734375,1297.8727264404297,1.1790882094044703,0.1473860261755588,1179088.2094044704,147386.0261755588,322
304,6,42,47,6,30.0,443.5416666666667,365.73611111111114,1.044994683665371,0.35491478719946157,442.0,365.0,445.0,366.0,4.0,2.0,1311.5777587890625,1294.6060384114583,0.4323324023549961,0.07205540039249934,432332.40235499607,72055.40039249934,324
308,7,42,49,8,40.0,1646.542857142857,1679.1380952380953,0.7537660547584589,0.7746844870150503,1645.8,1678.0,1648.0,1680.0,3.2000000000000455,3.0,1308.8670654296875,1286.665004185268,0.7074532945497396,0.10106475636424851,707453.2945497396,101064.75636424852,328
307,3,42,45,4,20.0,1274.9986984448951,1534.9516227180527,0.7088818872557607,0.06486470574834632,1274.1176470588234,1534.9,1275.853448275862,1535.0431034482758,2.73580121703867,1.143103448275724,1345.250244140625,1344.5264485677083,4.166116356301417,1.3887054521004725,4166116.3563014176,1388705.4521004725,327
310,2,42,43,2,10.0,1323.25,1929.0,1.25,0.0,1322.0,1929.0,1324.5,1929.0,3.5,1.0,1305.5419921875,1304.5734252929688,0.11790907457032306,0.05895453728516153,117909.07457032305,58954.537285161525,330
309,3,42,44,3,15.0,1708.4166666666667,1762.5166666666667,1.0474837574980445,0.22484562605384825,1707.0,1762.25,1709.5,1762.8,3.5,1.5499999999999545,1312.979248046875,1299.2420247395833,0.39303023575824503,0.13101007858608169,393030.23575824505,131010.07858608168,329
306,2,42,43,2,10.0,606.5,533.0,1.5,0.0,605.0,533.0,608.0,533.0,4.0,1.0,1280.949951171875,1273.0834350585938,0.07860606252351984,0.03930303126175992,78606.06252351984,39303.03126175992,326
305,8,42,49,8,40.0,34.2625,480.925,2.536702803071561,1.0125342929720647,30.875,479.375,37.5,482.0,7.625,3.625,1343.5054931640625,1334.6083221435547,1.139783775521071,0.14247297194013386,1139783.775521071,142472.97194013387,325
313,6,43,48,6,30.0,1579.3333333333333,1268.25,2.7028791233711424,1.5206906325745548,1574.5,1265.5,1582.0,1270.0,8.5,5.5,1300.669189453125,1281.873799641927,0.3144232893680137,0.05240388156133562,314423.28936801373,52403.88156133562,334
314,2,43,44,2,10.0,454.5,1425.25,0.5,0.25,454.0,1425.0,455.0,1425.5,2.0,1.5,1324.666259765625,1316.6719970703125,0.11790899771073253,0.058954498855366265,117908.99771073252,58954.49885536626,335
311,7,43,49,7,35.0,467.07142857142856,375.57142857142856,1.2079667518062687,0.5624291338579865,465.5,374.5,469.0,376.0,4.5,2.5,1319.7470703125,1303.6569301060267,0.35372607085059765,0.050532295835799663,353726.07085059764,50532.29583579966,331
317,2,43,44,2,10.0,953.625,1803.875,0.375,0.125,953.25,1803.75,954.0,1804.0,1.75,1.25,1289.294189453125,1285.0623168945312,0.23581795699178795,0.11790897849589398,235817.95699178794,117908.97849589397,338
316,2,43,44,2,10.0,1907.25,1567.5,0.75,0.5,1906.5,1567.0,1908.0,1568.0,2.5,2.0,1271.9224853515625,1270.3206176757812,0.15721197132785864,0.07860598566392932,157211.97132785863,78605.98566392931,337
315,3,43,45,3,15.0,1145.0,1515.6666666666667,0.408248290463863,0.23570226039551584,1144.5,1515.5,1145.5,1516.0,2.0,1.5,1331.01318359375,1324.8457845052083,0.19651490651495984,0.06550496883831995,196514.90651495985,65504.968838319954,336
312,6,43,48,6,30.0,1843.8527777777779,1163.627777777778,1.0527924361336556,0.3068155838107602,1842.5,1163.0,1845.2,1164.0,3.7000000000000455,2.0,1303.6025390625,1299.5529378255208,0.7860586653445825,0.1310097775574304,786058.6653445825,131009.7775574304,333
320,4,44,47,4,20.0,998.7083333333334,660.1666666666666,1.293010054098587,0.35355339059328716,997.0,659.6666666666666,1000.3333333333334,660.5,4.333333333333371,1.8333333333333712,1279.0628662109375,1272.9639282226562,0.43233217178092315,0.10808304294523079,432332.17178092315,108083.04294523079,341
319,2,44,45,2,10.0,564.0,523.5,0.0,0.5,564.0,523.0,564.0,524.0,1.0,2.0,1283.9913330078125,1281.7489013671875,0.07860590880422733,0.03930295440211366,78605.90880422732,39302.95440211366,340
321,2,44,46,3,15.0,339.66666666666663,1966.8333333333335,1.3333333333333428,0.16666666666662877,338.3333333333333,1966.6666666666667,341.0,1967.0,3.6666666666666856,1.3333333333332575,1305.404296875,1301.8033447265625,0.15721166389011443,0.07860583194505721,157211.66389011443,78605.83194505722,342
318,5,44,49,6,30.0,214.3666666666667,376.0,1.0974718422102867,0.21081851067787996,213.0,375.6666666666667,216.0,376.3333333333333,4.0,1.6666666666666288,1298.9139404296875,1289.2864013671874,0.393028468052609,0.0786056936105218,393028.468052609,78605.6936105218,339
323,3,45,47,3,15.0,948.0,1801.5,0.7359800721939872,0.2041241452319315,947.25,1801.25,949.0,1801.75,2.75,1.5,1294.35693359375,1282.7706298828125,0.35372607083301355,0.11790869027767119,353726.07083301357,117908.6902776712,344
322,2,45,46,2,10.0,227.25,1432.0,0.75,0.0,226.5,1432.0,228.0,1432.0,2.5,1.0,1292.848388671875,1281.2796630859375,0.11790872870242676,0.05895436435121338,117908.72870242676,58954.36435121338,343
324,3,46,48,3,15.0,251.66666666666666,440.5,1.247219128924647,1.4719601443879744,250.0,438.5,253.0,442.0,4.0,4.5,1280.2403564453125,1267.6410319010417,0.15721139489985708,0.05240379829995236,157211.39489985708,52403.79829995237,345
325,3,46,49,4,20.0,1450.527777777778,1559.3333333333333,0.9867955371294728,0.2721655269759396,1449.3333333333335,1559.0,1451.75,1559.6666666666667,3.416666666666515,1.6666666666667425,1288.4931640625,1278.0896402994792,0.4323311726749175,0.14411039089163916,432331.1726749175,144110.39089163917,346
327,4,46,49,4,20.0,1066.2122023809525,1727.9327380952382,0.29170113377494683,0.38637647082972953,1065.857142857143,1727.6666666666667,1066.6666666666667,1728.6,1.8095238095238528,1.9333333333331666,1327.8216552734375,1326.2359313964844,0.9039652036816703,0.22599130092041758,903965.2036816704,225991.3009204176,348
326,4,46,49,4,20.0,733.3333333333334,1720.4166666666667,1.0206207261596576,1.0307764064044196,732.5,1719.5,735.0,1722.0,3.5,3.5,1314.30224609375,1296.0347595214844,0.31442267453083933,0.07860566863270983,314422.6745308393,78605.66863270983,347
334,2,47,48,2,10.0,1152.319368131868,1888.1717032967033,0.20627289377284797,0.030677655677664006,1152.1130952380952,1888.1410256410256,1152.5256410256409,1888.202380952381,1.412545787545696,1.061355311355328,1321.536865234375,1321.2532958984375,1.257690851800812,0.628845425900406,1257690.8518008122,628845.4259004061,355
332,3,47,49,3,15.0,452.1111111111111,1424.8333333333333,0.1571348402636683,0.23570226039551584,452.0,1424.5,452.3333333333333,1425.0,1.3333333333333144,1.5,1325.176025390625,1312.7264404296875,0.23581684258994612,0.0786056141966487,235816.8425899461,78605.6141966487,353
330,3,47,49,3,15.0,110.0,1039.5,0.0,2.1213203435596424,110.0,1038.0,110.0,1042.5,1.0,5.5,1301.512451171875,1288.5531005859375,0.15721131805304187,0.05240377268434729,157211.31805304188,52403.77268434729,351
333,3,47,49,3,15.0,1157.7222222222224,1517.111111111111,0.20786985482076778,0.43744488188953223,1157.5,1516.5,1158.0,1517.5,1.5,2.0,1317.45458984375,1316.14208984375,0.3537253407321404,0.11790844691071346,353725.3407321404,117908.44691071346,354
329,3,47,49,3,15.0,1398.3411041476259,621.7428928928929,0.5327377707039158,1.5080451322961332,1397.6739130434783,619.8175675675675,1398.9777777777779,623.5,2.303864734299623,4.682432432432506,1320.0118408203125,1319.3273518880208,5.148669100373786,1.7162230334579285,5148669.100373786,1716223.0334579286,350
328,2,47,49,3,15.0,212.75,148.0,0.25,0.0,212.5,148.0,213.0,148.0,1.5,1.0,1309.84423828125,1306.1266479492188,0.19651413796388945,0.09825706898194472,196514.13796388946,98257.06898194473,349
331,3,47,49,3,15.0,662.3888888888889,1173.1666666666667,0.07856742013182075,0.36004114991150105,662.3333333333334,1172.6666666666667,662.5,1173.5,1.1666666666666288,1.8333333333332575,1305.80712890625,1300.9898274739583,0.39302816064298796,0.13100938688099598,393028.16064298793,131009.38688099598,352
335,2,48,49,2,10.0,723.6785714285714,41.75,0.1785714285714448,0.25,723.5,41.5,723.8571428571429,42.0,1.3571428571428896,1.5,1322.748779296875,1306.3214721679688,0.3537251101873746,0.1768625550936873,353725.11018737464,176862.55509368732,356
336,2,48,49,2,10.0,552.375,1183.125,0.375,0.125,552.0,1183.0,552.75,1183.25,1.75,1.25,1316.919677734375,1287.5892333984375,0.19651406110115813,0.09825703055057906,196514.06110115812,98257.03055057906,357
340,2,48,49,2,10.0,1590.0,1928.25,0.0,0.25,1590.0,1928.0,1590.0,1928.5,1.0,1.5,1319.7725830078125,1297.5350341796875,0.11790838286981142,0.05895419143490571,117908.38286981142,58954.19143490571,361
339,2,48,49,2,10.0,1901.75,1570.25,2.25,0.25,1899.5,1570.0,1904.0,1570.5,5.5,1.5,1272.446044921875,1266.748046875,0.11790842129187104,0.05895421064593552,117908.42129187104,58954.21064593552,360
337,2,48,49,2,10.0,1840.0,1484.0,1.0,0.0,1839.0,1484.0,1841.0,1484.0,3.0,1.0,1316.098388671875,1293.4443359375,0.07860560138722748,0.03930280069361374,78605.60138722748,39302.80069361374,358
338,2,48,49,2,10.0,1275.5248015873017,1533.607142857143,0.7609126984126533,0.7321428571428896,1274.763888888889,1532.875,1276.2857142857142,1534.3392857142858,2.5218253968253066,2.4642857142857792,1341.60791015625,1340.471435546875,2.711893113382139,1.3559465566910696,2711893.1133821392,1355946.5566910696,359
