frame,x,y,area_px,area_Mm2,intensity,bbox
0,538.1111111111112,63.12222222222223,19.0,0.7467886274130244,1265.7314453125,"(np.int64(61), np.int64(531), np.int64(66), np.int64(544))"
0,1991.5833333333335,414.0,11.0,0.4323513106075405,1154.1278076171875,"(np.int64(411), np.int64(1988), np.int64(418), np.int64(1996))"
0,1224.1536458333333,671.8645833333334,37.0,1.4542725902253637,1324.690673828125,"(np.int64(655), np.int64(1218), np.int64(688), np.int64(1236))"
0,1257.7777777777778,690.611111111111,11.0,0.4323513106075405,1205.0662841796875,"(np.int64(681), np.int64(1251), np.int64(698), np.int64(1275))"
0,572.5,822.5,2.0,0.078609329201371,1129.843994140625,"(np.int64(820), np.int64(571), np.int64(826), np.int64(575))"
0,536.0,881.0,2.0,0.078609329201371,1143.3153076171875,"(np.int64(880), np.int64(536), np.int64(883), np.int64(537))"
0,534.5,1427.0,2.0,0.078609329201371,1338.0069580078125,"(np.int64(1427), np.int64(534), np.int64(1428), np.int64(536))"
0,62.0,1500.0,2.0,0.078609329201371,1149.6964111328125,"(np.int64(1499), np.int64(61), np.int64(1502), np.int64(64))"
0,509.25,1662.75,4.0,0.157218658402742,1165.0289306640625,"(np.int64(1662), np.int64(509), np.int64(1665), np.int64(511))"
0,541.0,1954.5,2.0,0.078609329201371,1236.728271484375,"(np.int64(1954), np.int64(541), np.int64(1956), np.int64(542))"
0,510.1666666666667,2012.3333333333333,6.0,0.235827987604113,1327.7705078125,"(np.int64(2011), np.int64(509), np.int64(2015), np.int64(512))"
0,952.5,2011.5,4.0,0.157218658402742,1309.5576171875,"(np.int64(2011), np.int64(952), np.int64(2013), np.int64(954))"
1,535.625,61.34375,18.0,0.7074832709668384,1325.582275390625,"(np.int64(60), np.int64(531), np.int64(64), np.int64(539))"
1,1366.0,320.5,2.0,0.07860925232964872,1176.4788818359375,"(np.int64(320), np.int64(1366), np.int64(322), np.int64(1367))"
1,1992.625,412.4375,8.0,0.31443700931859486,1192.882568359375,"(np.int64(408), np.int64(1990), np.int64(418), np.int64(1997))"
1,1222.3695652173913,668.0072463768116,27.0,1.0612249064502577,1325.490478515625,"(np.int64(662), np.int64(1221), np.int64(675), np.int64(1226))"
1,1256.9166666666667,688.8333333333334,7.0,0.27513238315377053,1134.343994140625,"(np.int64(683), np.int64(1252), np.int64(694), np.int64(1266))"
1,574.0,819.5,2.0,0.07860925232964872,1137.1927490234375,"(np.int64(818), np.int64(573), np.int64(822), np.int64(576))"
1,534.5,883.5,2.0,0.07860925232964872,1128.117919921875,"(np.int64(882), np.int64(534), np.int64(886), np.int64(536))"
1,535.0,1425.5,2.0,0.07860925232964872,1247.2857666015625,"(np.int64(1425), np.int64(535), np.int64(1427), np.int64(536))"
1,61.666666666666664,1499.3333333333333,3.0,0.11791387849447307,1226.379150390625,"(np.int64(1499), np.int64(61), np.int64(1501), np.int64(63))"
1,1583.2,1562.6,6.0,0.23582775698894615,1174.2962646484375,"(np.int64(1555), np.int64(1578), np.int64(1570), np.int64(1590))"
1,542.0,1952.5,2.0,0.07860925232964872,1228.676513671875,"(np.int64(1952), np.int64(542), np.int64(1954), np.int64(543))"
1,953.0,2009.5,2.0,0.07860925232964872,1192.8365478515625,"(np.int64(2009), np.int64(953), np.int64(2011), np.int64(954))"
2,537.1538461538462,58.53846153846154,14.0,0.5502642282153472,1242.0107421875,"(np.int64(57), np.int64(532), np.int64(60), np.int64(541))"
2,1728.5,116.5,2.0,0.07860917545933532,1152.1307373046875,"(np.int64(116), np.int64(1728), np.int64(118), np.int64(1730))"
2,1367.0,316.5,2.0,0.07860917545933532,1225.684326171875,"(np.int64(316), np.int64(1367), np.int64(318), np.int64(1368))"
2,1993.0,408.5,4.0,0.15721835091867065,1159.9915771484375,"(np.int64(404), np.int64(1990), np.int64(413), np.int64(1998))"
2,1225.6666666666667,662.7894736842105,21.0,0.8253963423230208,1302.962890625,"(np.int64(659), np.int64(1223), np.int64(671), np.int64(1229))"
2,1255.0416666666667,682.7916666666666,7.0,0.27513211410767363,1150.9697265625,"(np.int64(677), np.int64(1253), np.int64(692), np.int64(1259))"
2,536.0,1422.5,2.0,0.07860917545933532,1336.607421875,"(np.int64(1422), np.int64(536), np.int64(1424), np.int64(537))"
2,62.666666666666664,1495.6666666666667,3.0,0.11791376318900298,1282.234375,"(np.int64(1495), np.int64(62), np.int64(1497), np.int64(64))"
2,543.0,1949.5,2.0,0.07860917545933532,1298.4156494140625,"(np.int64(1949), np.int64(543), np.int64(1951), np.int64(544))"
2,953.6666666666666,2006.3333333333333,3.0,0.11791376318900298,1196.054931640625,"(np.int64(2006), np.int64(953), np.int64(2008), np.int64(955))"
3,534.7,57.5,10.0,0.3930454929334295,1277.107177734375,"(np.int64(56), np.int64(533), np.int64(60), np.int64(538))"
3,746.3333333333334,102.66666666666667,3.0,0.11791364788002884,1201.181396484375,"(np.int64(102), np.int64(746), np.int64(104), np.int64(748))"
3,1728.3333333333333,115.66666666666667,3.0,0.11791364788002884,1161.86376953125,"(np.int64(115), np.int64(1728), np.int64(117), np.int64(1730))"
3,548.3333333333334,358.3333333333333,3.0,0.11791364788002884,1129.9844970703125,"(np.int64(358), np.int64(548), np.int64(360), np.int64(550))"
3,1993.0,408.0,5.0,0.19652274646671475,1165.104736328125,"(np.int64(404), np.int64(1991), np.int64(413), np.int64(1998))"
3,1228.175,663.625,19.0,0.7467864365735161,1271.368896484375,"(np.int64(654), np.int64(1222), np.int64(672), np.int64(1242))"
3,1254.0,678.25,3.0,0.11791364788002884,1169.2225341796875,"(np.int64(677), np.int64(1254), np.int64(681), np.int64(1255))"
3,1751.5,1349.0,2.0,0.0786090985866859,1292.72802734375,"(np.int64(1349), np.int64(1751), np.int64(1350), np.int64(1753))"
3,536.0,1421.5,2.0,0.0786090985866859,1308.6942138671875,"(np.int64(1421), np.int64(536), np.int64(1423), np.int64(537))"
3,1049.25,1437.0,4.0,0.1572181971733718,1227.0302734375,"(np.int64(1436), np.int64(1048), np.int64(1439), np.int64(1051))"
3,63.6,1494.6,5.0,0.19652274646671475,1297.6693115234375,"(np.int64(1493), np.int64(63), np.int64(1497), np.int64(65))"
3,543.0,1950.5,2.0,0.0786090985866859,1226.684814453125,"(np.int64(1950), np.int64(543), np.int64(1952), np.int64(544))"
3,954.5,2006.0,2.0,0.0786090985866859,1287.83984375,"(np.int64(2006), np.int64(954), np.int64(2007), np.int64(956))"
3,1215.0,2019.4,5.0,0.19652274646671475,1319.34716796875,"(np.int64(2019), np.int64(1213), np.int64(2021), np.int64(1218))"
4,534.3846153846154,58.84615384615385,13.0,0.5109586413025345,1339.283447265625,"(np.int64(58), np.int64(532), np.int64(61), np.int64(538))"
4,745.6666666666666,104.0,3.0,0.1179135326082772,1284.60205078125,"(np.int64(103), np.int64(745), np.int64(106), np.int64(747))"
4,1730.1,116.9,6.0,0.23582706521655442,1194.74267578125,"(np.int64(116), np.int64(1728), np.int64(120), np.int64(1732))"
4,548.0,359.5,2.0,0.07860902173885147,1214.36572265625,"(np.int64(359), np.int64(548), np.int64(361), np.int64(549))"
4,1993.475,408.825,9.0,0.35374059782483164,1150.61474609375,"(np.int64(404), np.int64(1990), np.int64(415), np.int64(1998))"
4,1230.28125,660.96875,14.0,0.5502631521719603,1224.17724609375,"(np.int64(651), np.int64(1223), np.int64(673), np.int64(1241))"
4,1254.0,682.3333333333334,3.0,0.1179135326082772,1134.07861328125,"(np.int64(677), np.int64(1253), np.int64(691), np.int64(1256))"
4,1631.5,859.5,2.0,0.07860902173885147,1190.3634033203125,"(np.int64(859), np.int64(1631), np.int64(861), np.int64(1633))"
4,1049.5,1438.5,6.0,0.2358270652165544,1333.22900390625,"(np.int64(1438), np.int64(1048), np.int64(1440), np.int64(1052))"
4,63.2,1496.2,5.0,0.19652255434712868,1296.040771484375,"(np.int64(1495), np.int64(63), np.int64(1499), np.int64(65))"
4,1584.25,1560.0,4.0,0.15721804347770293,1188.903564453125,"(np.int64(1554), np.int64(1581), np.int64(1565), np.int64(1590))"
4,543.0,1951.5,2.0,0.07860902173885147,1288.454833984375,"(np.int64(1951), np.int64(543), np.int64(1953), np.int64(544))"
4,954.3333333333334,2007.6666666666667,3.0,0.1179135326082772,1260.43212890625,"(np.int64(2007), np.int64(954), np.int64(2009), np.int64(956))"
4,1214.4,2020.6,5.0,0.19652255434712868,1335.1673583984375,"(np.int64(2020), np.int64(1213), np.int64(2022), np.int64(1217))"
5,539.2727272727273,60.5,12.0,0.4716536692337914,1356.856201171875,"(np.int64(59), np.int64(532), np.int64(62), np.int64(545))"
5,234.5,92.0,2.0,0.07860894487229857,1139.0731201171875,"(np.int64(91), np.int64(233), np.int64(94), np.int64(237))"
5,745.6666666666666,105.33333333333333,3.0,0.11791341730844784,1254.0179443359375,"(np.int64(105), np.int64(745), np.int64(107), np.int64(747))"
5,1729.3,118.4,6.0,0.23582683461689571,1231.312255859375,"(np.int64(117), np.int64(1728), np.int64(121), np.int64(1732))"
5,488.25,278.25,3.0,0.11791341730844784,1136.8116455078125,"(np.int64(277), np.int64(487), np.int64(281), np.int64(490))"
5,1992.5,412.0,2.0,0.07860894487229857,1185.2840576171875,"(np.int64(409), np.int64(1990), np.int64(416), np.int64(1996))"
5,687.5,473.5,2.0,0.07860894487229857,1158.9462890625,"(np.int64(473), np.int64(687), np.int64(475), np.int64(689))"
5,1225.6,671.1,10.0,0.39304472436149285,1228.4569091796875,"(np.int64(669), np.int64(1224), np.int64(675), np.int64(1228))"
5,1634.5,858.5,2.0,0.07860894487229857,1147.593505859375,"(np.int64(856), np.int64(1630), np.int64(862), np.int64(1640))"
5,535.5,1424.0,2.0,0.07860894487229857,1331.066650390625,"(np.int64(1424), np.int64(535), np.int64(1425), np.int64(537))"
5,1049.4,1439.6,5.0,0.19652236218074642,1327.1376953125,"(np.int64(1439), np.int64(1048), np.int64(1441), np.int64(1052))"
5,63.0,1497.5,4.0,0.15721788974459713,1303.244140625,"(np.int64(1496), np.int64(63), np.int64(1500), np.int64(64))"
5,954.5,2009.0,2.0,0.07860894487229857,1203.07861328125,"(np.int64(2009), np.int64(954), np.int64(2010), np.int64(956))"
5,1214.25,2021.875,8.0,0.31443577948919427,1338.741943359375,"(np.int64(2021), np.int64(1212), np.int64(2024), np.int64(1218))"
6,534.7777777777778,60.55555555555556,9.0,0.35373990601533517,1295.02978515625,"(np.int64(59), np.int64(533), np.int64(63), np.int64(537))"
6,745.0,105.5,2.0,0.07860886800340781,1197.3292236328125,"(np.int64(105), np.int64(745), np.int64(107), np.int64(746))"
6,1729.5,119.5,8.0,0.31443547201363126,1260.060791015625,"(np.int64(118), np.int64(1728), np.int64(122), np.int64(1732))"
6,547.5,361.5,2.0,0.07860886800340781,1181.4967041015625,"(np.int64(361), np.int64(547), np.int64(363), np.int64(549))"
6,1992.0,410.3333333333333,3.0,0.11791330200511171,1141.82666015625,"(np.int64(406), np.int64(1991), np.int64(417), np.int64(1995))"
6,687.5,473.5,4.0,0.15721773600681563,1285.80517578125,"(np.int64(473), np.int64(687), np.int64(475), np.int64(689))"
6,1227.3653846153848,663.4423076923076,18.0,0.7074798120306703,1306.560546875,"(np.int64(652), np.int64(1222), np.int64(675), np.int64(1237))"
6,1634.5,858.5,2.0,0.07860886800340781,1169.9881591796875,"(np.int64(856), np.int64(1630), np.int64(862), np.int64(1640))"
6,534.6666666666666,1424.3333333333333,3.0,0.11791330200511171,1337.5382080078125,"(np.int64(1424), np.int64(534), np.int64(1426), np.int64(536))"
6,1049.0,1440.25,4.0,0.15721773600681563,1248.24169921875,"(np.int64(1440), np.int64(1048), np.int64(1442), np.int64(1051))"
6,62.5,1498.5,4.0,0.15721773600681563,1303.56689453125,"(np.int64(1498), np.int64(62), np.int64(1500), np.int64(64))"
6,1585.6666666666665,1559.7666666666667,11.0,0.43234877401874294,1160.7857666015625,"(np.int64(1553), np.int64(1580), np.int64(1569), np.int64(1591))"
6,1214.0,2022.5,6.0,0.23582660401022343,1339.489501953125,"(np.int64(2022), np.int64(1212), np.int64(2024), np.int64(1217))"
7,535.1,59.8,10.0,0.39304395568782224,1232.4951171875,"(np.int64(58), np.int64(533), np.int64(62), np.int64(538))"
7,1729.8181818181818,118.72727272727273,11.0,0.4323483512566044,1275.94970703125,"(np.int64(117), np.int64(1728), np.int64(121), np.int64(1732))"
7,547.3333333333333,360.16666666666663,4.0,0.1572175822751289,1142.8939208984375,"(np.int64(359), np.int64(547), np.int64(363), np.int64(549))"
7,1991.0,409.0,3.0,0.11791318670634666,1150.62451171875,"(np.int64(408), np.int64(1991), np.int64(411), np.int64(1992))"
7,687.2,472.6,5.0,0.19652197784391112,1331.05419921875,"(np.int64(472), np.int64(686), np.int64(474), np.int64(689))"
7,1228.2291666666667,665.8125,15.0,0.5895659335317334,1316.475830078125,"(np.int64(657), np.int64(1223), np.int64(675), np.int64(1241))"
7,1262.0,683.0,2.0,0.07860879113756444,1128.6602783203125,"(np.int64(681), np.int64(1254), np.int64(686), np.int64(1271))"
7,1632.5,859.75,4.0,0.1572175822751289,1173.622314453125,"(np.int64(859), np.int64(1631), np.int64(862), np.int64(1635))"
7,534.5,1424.0,2.0,0.07860879113756444,1330.731201171875,"(np.int64(1424), np.int64(534), np.int64(1425), np.int64(536))"
7,1048.5,1440.0,2.0,0.07860879113756444,1166.150146484375,"(np.int64(1440), np.int64(1048), np.int64(1441), np.int64(1050))"
7,62.333333333333336,1497.6666666666667,3.0,0.11791318670634666,1209.6048583984375,"(np.int64(1497), np.int64(62), np.int64(1499), np.int64(64))"
7,1214.6666666666667,2022.3333333333333,3.0,0.11791318670634666,1338.3970947265625,"(np.int64(2022), np.int64(1214), np.int64(2024), np.int64(1216))"
8,534.4545454545455,57.90909090909091,11.0,0.43234792849320297,1263.615234375,"(np.int64(57), np.int64(532), np.int64(60), np.int64(538))"
8,1729.9,117.5,10.0,0.39304357135745727,1313.2532958984375,"(np.int64(116), np.int64(1729), np.int64(120), np.int64(1732))"
8,488.25,264.125,5.0,0.19652178567872863,1165.127197265625,"(np.int64(262), np.int64(486), np.int64(268), np.int64(492))"
8,547.6,358.8,5.0,0.19652178567872863,1218.0645751953125,"(np.int64(358), np.int64(547), np.int64(361), np.int64(549))"
8,687.6,470.2,5.0,0.19652178567872863,1231.779052734375,"(np.int64(469), np.int64(687), np.int64(472), np.int64(689))"
8,1225.5,670.5,14.0,0.5502609999004402,1300.3267822265625,"(np.int64(668), np.int64(1224), np.int64(675), np.int64(1228))"
8,1269.125,678.0,5.0,0.19652178567872863,1191.3004150390625,"(np.int64(672), np.int64(1254), np.int64(683), np.int64(1276))"
8,1633.25,857.5,3.0,0.11791307140723717,1145.552734375,"(np.int64(857), np.int64(1632), np.int64(859), np.int64(1636))"
8,534.6666666666666,1421.3333333333333,3.0,0.11791307140723717,1328.76513671875,"(np.int64(1421), np.int64(534), np.int64(1423), np.int64(536))"
8,63.0,1495.5,2.0,0.07860871427149145,1286.267578125,"(np.int64(1495), np.int64(63), np.int64(1497), np.int64(64))"
8,1584.888888888889,1559.6666666666667,7.0,0.27513049995022004,1177.733642578125,"(np.int64(1554), np.int64(1580), np.int64(1569), np.int64(1590))"
8,1214.5555555555557,2020.111111111111,9.0,0.3537392142217115,1333.812744140625,"(np.int64(2019), np.int64(1212), np.int64(2022), np.int64(1218))"
9,535.0833333333334,56.25,12.0,0.471651824440965,1253.5064697265625,"(np.int64(55), np.int64(533), np.int64(58), np.int64(538))"
9,1730.090909090909,115.9090909090909,11.0,0.4323475057375512,1307.7332763671875,"(np.int64(114), np.int64(1729), np.int64(119), np.int64(1732))"
9,491.1666666666667,267.3333333333333,6.0,0.2358259122204825,1231.7681884765625,"(np.int64(266), np.int64(490), np.int64(270), np.int64(493))"
9,548.0,358.5,2.0,0.0786086374068275,1160.2669677734375,"(np.int64(358), np.int64(548), np.int64(360), np.int64(549))"
9,1992.5,406.5,2.0,0.0786086374068275,1123.684326171875,"(np.int64(403), np.int64(1992), np.int64(411), np.int64(1994))"
9,687.6666666666666,469.6666666666667,3.0,0.11791295611024125,1188.18603515625,"(np.int64(469), np.int64(687), np.int64(471), np.int64(689))"
9,1227.7222222222224,663.4444444444445,8.0,0.31443454962731,1298.726318359375,"(np.int64(653), np.int64(1223), np.int64(671), np.int64(1235))"
9,1273.5,675.5,2.0,0.0786086374068275,1128.121826171875,"(np.int64(670), np.int64(1273), np.int64(682), np.int64(1275))"
9,1632.2857142857142,857.0,7.0,0.2751302309238962,1245.66162109375,"(np.int64(856), np.int64(1631), np.int64(859), np.int64(1635))"
9,534.5,1420.0,2.0,0.0786086374068275,1332.1129150390625,"(np.int64(1420), np.int64(534), np.int64(1421), np.int64(536))"
9,1049.4444444444443,1437.111111111111,9.0,0.35373886833072377,1333.9354248046875,"(np.int64(1436), np.int64(1048), np.int64(1439), np.int64(1052))"
9,63.0,1494.5,2.0,0.0786086374068275,1265.2076416015625,"(np.int64(1494), np.int64(63), np.int64(1496), np.int64(64))"
9,1092.5,1718.0,2.0,0.0786086374068275,1192.70263671875,"(np.int64(1718), np.int64(1092), np.int64(1719), np.int64(1094))"
9,1215.2,2019.0,10.0,0.3930431870341375,1338.610595703125,"(np.int64(2018), np.int64(1212), np.int64(2021), np.int64(1219))"
10,538.8928571428571,57.10714285714286,9.0,0.35373852247767373,1194.89208984375,"(np.int64(56), np.int64(534), np.int64(59), np.int64(544))"
10,1729.9,116.2,10.0,0.3930428027529708,1306.21728515625,"(np.int64(114), np.int64(1729), np.int64(119), np.int64(1732))"
10,490.9,267.7,10.0,0.3930428027529708,1206.3851318359375,"(np.int64(266), np.int64(490), np.int64(271), np.int64(493))"
10,547.6666666666666,358.3333333333333,3.0,0.11791284082589124,1205.95947265625,"(np.int64(358), np.int64(547), np.int64(360), np.int64(549))"
10,687.3333333333334,470.6666666666667,3.0,0.11791284082589124,1231.7501220703125,"(np.int64(470), np.int64(687), np.int64(472), np.int64(689))"
10,1229.25,663.25,5.0,0.1965214013764854,1201.2020263671875,"(np.int64(657), np.int64(1225), np.int64(671), np.int64(1234))"
10,1267.1666666666667,680.6111111111112,6.0,0.23582568165178247,1225.8157958984375,"(np.int64(678), np.int64(1254), np.int64(683), np.int64(1277))"
10,1634.3333333333333,856.3333333333334,5.0,0.19652140137648538,1195.16748046875,"(np.int64(855), np.int64(1631), np.int64(859), np.int64(1638))"
10,534.5,1421.0,2.0,0.07860856055059416,1340.7216796875,"(np.int64(1421), np.int64(534), np.int64(1422), np.int64(536))"
10,1050.2222222222222,1437.4444444444443,9.0,0.35373852247767373,1342.6246337890625,"(np.int64(1437), np.int64(1048), np.int64(1439), np.int64(1053))"
10,484.5,1687.5,2.0,0.07860856055059416,1131.74267578125,"(np.int64(1678), np.int64(483), np.int64(1698), np.int64(487))"
10,1131.5,1702.0,2.0,0.07860856055059416,1282.6802978515625,"(np.int64(1702), np.int64(1131), np.int64(1703), np.int64(1133))"
10,1094.5,1719.0,2.0,0.07860856055059416,1237.033447265625,"(np.int64(1719), np.int64(1094), np.int64(1720), np.int64(1096))"
10,1213.3333333333333,2019.0,5.0,0.19652140137648538,1340.671630859375,"(np.int64(2018), np.int64(1210), np.int64(2021), np.int64(1218))"
11,538.6,58.6,6.0,0.235825451047285,1213.392333984375,"(np.int64(58), np.int64(533), np.int64(60), np.int64(544))"
11,1729.4285714285713,117.57142857142857,7.0,0.27512969288849914,1277.610595703125,"(np.int64(116), np.int64(1728), np.int64(120), np.int64(1732))"
11,488.0740740740741,266.4259259259259,12.0,0.47165090209456995,1221.391845703125,"(np.int64(263), np.int64(486), np.int64(273), np.int64(492))"
11,1364.0,584.75,4.0,0.15721696736485666,1254.54541015625,"(np.int64(584), np.int64(1363), np.int64(587), np.int64(1366))"
11,1225.0,671.75,3.0,0.11791272552364249,1170.0615234375,"(np.int64(671), np.int64(1224), np.int64(673), np.int64(1227))"
11,1268.25,680.75,4.0,0.15721696736485666,1143.57421875,"(np.int64(677), np.int64(1253), np.int64(685), np.int64(1277))"
11,1633.6666666666667,857.4333333333334,8.0,0.3144339347297133,1241.43505859375,"(np.int64(856), np.int64(1630), np.int64(861), np.int64(1637))"
11,534.6666666666666,1422.3333333333333,3.0,0.11791272552364249,1337.918212890625,"(np.int64(1422), np.int64(534), np.int64(1424), np.int64(536))"
11,1049.1666666666667,1439.0,6.0,0.23582545104728497,1337.051513671875,"(np.int64(1438), np.int64(1048), np.int64(1441), np.int64(1052))"
11,1583.6666666666667,1559.6666666666667,3.0,0.11791272552364249,1166.9951171875,"(np.int64(1559), np.int64(1583), np.int64(1561), np.int64(1585))"
11,480.5,1693.5,2.0,0.07860848368242833,1129.7529296875,"(np.int64(1686), np.int64(480), np.int64(1702), np.int64(482))"
11,1131.5,1703.0,2.0,0.07860848368242833,1326.0966796875,"(np.int64(1703), np.int64(1131), np.int64(1704), np.int64(1133))"
11,1210.75,2019.5,3.0,0.11791272552364249,1336.1627197265625,"(np.int64(2019), np.int64(1209), np.int64(2021), np.int64(1214))"
12,538.984126984127,59.81746031746032,18.0,0.7074756613578969,1290.2969970703125,"(np.int64(57), np.int64(533), np.int64(62), np.int64(544))"
12,1729.1818181818182,118.72727272727273,11.0,0.43234623749649254,1300.6904296875,"(np.int64(117), np.int64(1728), np.int64(122), np.int64(1732))"
12,488.26666666666665,267.2,8.0,0.3144336272701764,1194.2381591796875,"(np.int64(263), np.int64(486), np.int64(273), np.int64(492))"
12,547.0,359.5,2.0,0.0786084068175441,1138.6312255859375,"(np.int64(359), np.int64(547), np.int64(361), np.int64(548))"
12,1363.5,586.0,6.0,0.23582522045263227,1266.87744140625,"(np.int64(585), np.int64(1362), np.int64(588), np.int64(1366))"
12,1266.1666666666667,680.8333333333334,4.0,0.1572168136350882,1188.6751708984375,"(np.int64(677), np.int64(1254), np.int64(686), np.int64(1274))"
12,1234.3333333333333,835.6666666666666,3.0,0.11791261022631613,1314.9298095703125,"(np.int64(835), np.int64(1234), np.int64(837), np.int64(1236))"
12,1631.8333333333333,859.5833333333334,12.0,0.47165044090526453,1229.4246826171875,"(np.int64(858), np.int64(1630), np.int64(862), np.int64(1636))"
12,155.5,898.0,2.0,0.0786084068175441,1132.9537353515625,"(np.int64(898), np.int64(155), np.int64(899), np.int64(157))"
12,534.1666666666666,1423.1666666666667,6.0,0.23582522045263227,1339.333740234375,"(np.int64(1422), np.int64(533), np.int64(1425), np.int64(536))"
12,1048.8,1440.0,5.0,0.19652101704386024,1327.31494140625,"(np.int64(1439), np.int64(1048), np.int64(1442), np.int64(1051))"
12,1131.5,1703.5,4.0,0.1572168136350882,1316.76123046875,"(np.int64(1703), np.int64(1131), np.int64(1705), np.int64(1133))"
12,1213.0,2021.0,3.0,0.11791261022631613,1335.716552734375,"(np.int64(2021), np.int64(1212), np.int64(2022), np.int64(1215))"
13,538.4642857142858,59.85714285714286,21.0,0.8253874647511876,1350.4495849609375,"(np.int64(58), np.int64(532), np.int64(62), np.int64(546))"
13,1729.3,118.5,10.0,0.3930416498815179,1247.387939453125,"(np.int64(117), np.int64(1728), np.int64(121), np.int64(1732))"
13,485.1666666666667,266.0,4.0,0.15721665995260717,1131.5740966796875,"(np.int64(264), np.int64(484), np.int64(269), np.int64(487))"
13,1702.0,319.0,5.0,0.19652082494075895,1248.338623046875,"(np.int64(319), np.int64(1700), np.int64(320), np.int64(1705))"
13,547.3333333333334,359.6666666666667,3.0,0.11791249496445538,1225.7786865234375,"(np.int64(359), np.int64(547), np.int64(361), np.int64(549))"
13,1364.0,585.5,6.0,0.23582498992891077,1323.6697998046875,"(np.int64(584), np.int64(1363), np.int64(588), np.int64(1366))"
13,1263.25,682.25,3.0,0.11791249496445538,1203.07958984375,"(np.int64(680), np.int64(1253), np.int64(685), np.int64(1274))"
13,1234.3333333333333,835.6666666666666,3.0,0.11791249496445538,1211.9134521484375,"(np.int64(835), np.int64(1234), np.int64(837), np.int64(1236))"
13,1631.1818181818182,860.0,11.0,0.4323458148696697,1243.701416015625,"(np.int64(859), np.int64(1629), np.int64(862), np.int64(1634))"
13,52.0,1054.5,2.0,0.07860832997630358,1203.3809814453125,"(np.int64(1054), np.int64(52), np.int64(1056), np.int64(53))"
13,534.1666666666666,1423.1666666666667,6.0,0.23582498992891077,1340.688232421875,"(np.int64(1422), np.int64(533), np.int64(1425), np.int64(536))"
13,1049.0,1440.25,4.0,0.15721665995260717,1327.796875,"(np.int64(1440), np.int64(1048), np.int64(1442), np.int64(1051))"
13,1585.8333333333333,1557.5,4.0,0.15721665995260717,1163.7098388671875,"(np.int64(1556), np.int64(1584), np.int64(1561), np.int64(1589))"
13,1131.3333333333333,1704.3333333333333,3.0,0.11791249496445538,1299.9969482421875,"(np.int64(1704), np.int64(1131), np.int64(1706), np.int64(1133))"
14,539.7380952380953,59.904761904761905,17.0,0.6681701514172995,1351.806640625,"(np.int64(58), np.int64(533), np.int64(62), np.int64(544))"
14,1729.4,119.1,10.0,0.39304126553958796,1317.0155029296875,"(np.int64(117), np.int64(1728), np.int64(122), np.int64(1732))"
14,1527.5,269.5,2.0,0.0786082531079176,1153.0767822265625,"(np.int64(269), np.int64(1527), np.int64(271), np.int64(1529))"
14,1702.8,319.2,5.0,0.19652063276979398,1202.1878662109375,"(np.int64(319), np.int64(1701), np.int64(321), np.int64(1705))"
14,547.5,360.0,4.0,0.1572165062158352,1197.7630615234375,"(np.int64(359), np.int64(547), np.int64(362), np.int64(549))"
14,1364.4,585.4,5.0,0.19652063276979398,1279.088134765625,"(np.int64(584), np.int64(1363), np.int64(588), np.int64(1367))"
14,1266.875,683.75,5.0,0.19652063276979398,1199.02734375,"(np.int64(680), np.int64(1256), np.int64(687), np.int64(1274))"
14,1234.5,835.5,2.0,0.0786082531079176,1221.856689453125,"(np.int64(835), np.int64(1234), np.int64(837), np.int64(1236))"
14,1631.3333333333333,859.9166666666666,12.0,0.4716495186475056,1289.0318603515625,"(np.int64(859), np.int64(1629), np.int64(862), np.int64(1635))"
14,51.666666666666664,1054.6666666666667,3.0,0.1179123796618764,1287.1112060546875,"(np.int64(1054), np.int64(51), np.int64(1056), np.int64(53))"
14,534.1666666666666,1423.1666666666667,6.0,0.2358247593237528,1341.0118408203125,"(np.int64(1422), np.int64(533), np.int64(1425), np.int64(536))"
14,1131.6666666666667,1703.6666666666667,3.0,0.1179123796618764,1306.3909912109375,"(np.int64(1703), np.int64(1131), np.int64(1705), np.int64(1133))"
15,539.4,59.56666666666666,16.0,0.6288654099612419,1353.7705078125,"(np.int64(58), np.int64(533), np.int64(62), np.int64(544))"
15,1729.107142857143,119.78571428571428,9.0,0.3537367931031985,1317.677490234375,"(np.int64(118), np.int64(1728), np.int64(122), np.int64(1732))"
15,486.5,268.0,2.0,0.07860817624515523,1134.66455078125,"(np.int64(268), np.int64(486), np.int64(269), np.int64(488))"
15,1527.2,269.6,5.0,0.1965204406128881,1315.766357421875,"(np.int64(268), np.int64(1526), np.int64(272), np.int64(1529))"
15,1702.0,319.0,3.0,0.11791226436773285,1168.356201171875,"(np.int64(319), np.int64(1701), np.int64(320), np.int64(1704))"
15,1264.9,685.5,6.0,0.23582452873546572,1185.6798095703125,"(np.int64(684), np.int64(1259), np.int64(687), np.int64(1273))"
15,1234.5,836.0,4.0,0.15721635249031046,1296.555908203125,"(np.int64(835), np.int64(1234), np.int64(838), np.int64(1236))"
15,1631.5555555555557,860.1111111111111,9.0,0.35373679310319855,1315.496826171875,"(np.int64(859), np.int64(1630), np.int64(862), np.int64(1634))"
15,534.2,1423.4,5.0,0.1965204406128881,1341.81298828125,"(np.int64(1423), np.int64(533), np.int64(1425), np.int64(536))"
15,1583.5,1561.0,2.0,0.07860817624515523,1126.1619873046875,"(np.int64(1559), np.int64(1583), np.int64(1564), np.int64(1585))"
15,1591.5,1926.5,2.0,0.07860817624515523,1135.1055908203125,"(np.int64(1926), np.int64(1591), np.int64(1928), np.int64(1593))"
16,538.5769230769231,60.34615384615385,14.0,0.5502566956243412,1356.5081787109375,"(np.int64(58), np.int64(533), np.int64(62), np.int64(543))"
16,1729.1666666666667,118.83333333333333,6.0,0.23582429812471767,1242.7373046875,"(np.int64(118), np.int64(1728), np.int64(121), np.int64(1731))"
16,1526.8,270.2,5.0,0.1965202484372647,1315.9163818359375,"(np.int64(269), np.int64(1526), np.int64(273), np.int64(1528))"
16,1263.3,682.6,6.0,0.23582429812471767,1167.108154296875,"(np.int64(677), np.int64(1253), np.int64(687), np.int64(1274))"
16,1234.5,836.5,4.0,0.15721619874981177,1309.833984375,"(np.int64(836), np.int64(1234), np.int64(838), np.int64(1236))"
16,1630.3636363636363,860.9090909090909,11.0,0.43234454656198235,1242.716064453125,"(np.int64(860), np.int64(1629), np.int64(863), np.int64(1633))"
16,51.0,1054.5,2.0,0.07860809937490588,1258.914794921875,"(np.int64(1054), np.int64(51), np.int64(1056), np.int64(52))"
16,533.5,1423.5,4.0,0.15721619874981177,1346.053955078125,"(np.int64(1423), np.int64(533), np.int64(1425), np.int64(535))"
16,7.5,1636.0,2.0,0.07860809937490588,1154.373046875,"(np.int64(1636), np.int64(7), np.int64(1637), np.int64(9))"
16,537.75,1798.25,5.0,0.1965202484372647,1150.9940185546875,"(np.int64(1796), np.int64(535), np.int64(1800), np.int64(541))"
16,1591.5,1926.5,2.0,0.07860809937490588,1128.712890625,"(np.int64(1926), np.int64(1591), np.int64(1928), np.int64(1593))"
17,538.71875,61.59375,17.0,0.6681681912856412,1354.4888916015625,"(np.int64(60), np.int64(532), np.int64(64), np.int64(544))"
17,1728.6,120.2,5.0,0.1965200562604827,1207.8746337890625,"(np.int64(119), np.int64(1728), np.int64(122), np.int64(1731))"
17,381.0,221.5,2.0,0.07860802250419308,1133.7432861328125,"(np.int64(218), np.int64(381), np.int64(226), np.int64(382))"
17,1525.75,270.75,4.0,0.15721604500838615,1184.611328125,"(np.int64(270), np.int64(1525), np.int64(273), np.int64(1527))"
17,1265.1666666666667,683.3333333333334,4.0,0.15721604500838615,1149.135986328125,"(np.int64(681), np.int64(1253), np.int64(687), np.int64(1274))"
17,1232.25,836.75,3.0,0.11791203375628961,1265.01123046875,"(np.int64(836), np.int64(1231), np.int64(839), np.int64(1235))"
17,1630.0,862.75,3.0,0.11791203375628961,1214.2127685546875,"(np.int64(862), np.int64(1629), np.int64(865), np.int64(1632))"
17,50.0,1056.5,2.0,0.07860802250419308,1198.9361572265625,"(np.int64(1056), np.int64(50), np.int64(1058), np.int64(51))"
17,533.0,1425.0,3.0,0.11791203375628961,1315.948974609375,"(np.int64(1425), np.int64(532), np.int64(1426), np.int64(535))"
17,537.9166666666667,1800.4166666666665,7.0,0.27512807876467577,1203.0455322265625,"(np.int64(1799), np.int64(534), np.int64(1802), np.int64(541))"
18,533.4545454545455,62.36363636363637,11.0,0.43234370101892367,1355.9954833984375,"(np.int64(61), np.int64(531), np.int64(65), np.int64(537))"
18,1727.5,122.0,2.0,0.0786079456398043,1207.930908203125,"(np.int64(122), np.int64(1727), np.int64(123), np.int64(1729))"
18,1986.5,410.0,2.0,0.0786079456398043,1132.341796875,"(np.int64(409), np.int64(1985), np.int64(412), np.int64(1989))"
18,724.5,439.0,2.0,0.0786079456398043,1261.916259765625,"(np.int64(439), np.int64(724), np.int64(440), np.int64(726))"
18,1264.6666666666667,680.0,3.0,0.11791191845970646,1120.989013671875,"(np.int64(676), np.int64(1252), np.int64(685), np.int64(1273))"
18,1231.4,837.8,5.0,0.19651986409951078,1244.264404296875,"(np.int64(837), np.int64(1230), np.int64(840), np.int64(1234))"
18,1628.5,864.5,4.0,0.1572158912796086,1191.3328857421875,"(np.int64(864), np.int64(1628), np.int64(866), np.int64(1630))"
18,100.0,1169.5,2.0,0.0786079456398043,1125.49169921875,"(np.int64(1169), np.int64(100), np.int64(1171), np.int64(101))"
18,531.2,1426.4,5.0,0.19651986409951078,1329.07470703125,"(np.int64(1426), np.int64(530), np.int64(1428), np.int64(533))"
18,534.4285714285714,1799.0,8.0,0.3144317825592172,1216.0262451171875,"(np.int64(1797), np.int64(533), np.int64(1803), np.int64(539))"
19,538.4333333333333,63.06666666666666,12.0,0.47164721264549936,1355.04150390625,"(np.int64(61), np.int64(532), np.int64(65), np.int64(544))"
19,379.6,223.4,5.0,0.19651967193562475,1175.902587890625,"(np.int64(221), np.int64(377), np.int64(226), np.int64(383))"
19,1261.75,681.5,3.0,0.11791180316137484,1135.183837890625,"(np.int64(679), np.int64(1253), np.int64(685), np.int64(1272))"
19,1232.6666666666667,838.3333333333334,3.0,0.11791180316137484,1140.924072265625,"(np.int64(838), np.int64(1232), np.int64(840), np.int64(1234))"
19,129.66666666666666,1028.6666666666667,3.0,0.11791180316137484,1275.2841796875,"(np.int64(1028), np.int64(129), np.int64(1030), np.int64(131))"
19,49.5,1057.5,2.0,0.0786078687742499,1141.6942138671875,"(np.int64(1057), np.int64(49), np.int64(1059), np.int64(51))"
19,911.0,1329.5,2.0,0.0786078687742499,1178.539306640625,"(np.int64(1329), np.int64(910), np.int64(1331), np.int64(913))"
19,531.6666666666666,1426.3333333333333,3.0,0.11791180316137484,1344.6575927734375,"(np.int64(1426), np.int64(531), np.int64(1428), np.int64(533))"
19,535.8333333333334,1799.8333333333333,4.0,0.1572157375484998,1146.0577392578125,"(np.int64(1798), np.int64(534), np.int64(1802), np.int64(539))"
20,537.05,61.35,11.0,0.4323428554991371,1349.720458984375,"(np.int64(60), np.int64(532), np.int64(63), np.int64(541))"
20,381.0,221.0,3.0,0.11791168786340103,1204.496826171875,"(np.int64(218), np.int64(380), np.int64(225), np.int64(383))"
20,1889.0,402.5,2.0,0.07860779190893402,1179.0194091796875,"(np.int64(402), np.int64(1889), np.int64(404), np.int64(1890))"
20,1989.5,411.5,2.0,0.07860779190893402,1175.283447265625,"(np.int64(409), np.int64(1988), np.int64(415), np.int64(1992))"
20,726.0,437.5,2.0,0.07860779190893402,1181.02001953125,"(np.int64(437), np.int64(726), np.int64(439), np.int64(727))"
20,1255.6,683.6,5.0,0.19651947977233505,1155.5426025390625,"(np.int64(678), np.int64(1244), np.int64(689), np.int64(1271))"
20,1631.0,862.0,2.0,0.07860779190893402,1130.61962890625,"(np.int64(861), np.int64(1631), np.int64(864), np.int64(1632))"
20,155.5,900.0,2.0,0.07860779190893402,1136.0428466796875,"(np.int64(900), np.int64(155), np.int64(901), np.int64(157))"
20,50.5,1055.0,2.0,0.07860779190893402,1236.12060546875,"(np.int64(1054), np.int64(50), np.int64(1057), np.int64(52))"
20,913.0,1328.5,2.0,0.07860779190893402,1136.6695556640625,"(np.int64(1328), np.int64(911), np.int64(1330), np.int64(916))"
20,532.2,1424.4,5.0,0.19651947977233505,1332.149169921875,"(np.int64(1424), np.int64(531), np.int64(1426), np.int64(534))"
20,494.25,1671.5,3.0,0.11791168786340103,1167.1123046875,"(np.int64(1668), np.int64(489), np.int64(1676), np.int64(500))"
20,534.25,1800.5,5.0,0.19651947977233505,1167.37744140625,"(np.int64(1798), np.int64(533), np.int64(1803), np.int64(537))"
21,536.5,61.214285714285715,8.0,0.3144308601754276,1348.88525390625,"(np.int64(59), np.int64(533), np.int64(63), np.int64(540))"
21,382.6666666666667,222.83333333333334,4.0,0.1572154300877138,1137.314697265625,"(np.int64(219), np.int64(380), np.int64(227), np.int64(388))"
21,1889.0,400.5,2.0,0.0786077150438569,1261.390625,"(np.int64(400), np.int64(1889), np.int64(402), np.int64(1890))"
21,353.0,968.5,2.0,0.0786077150438569,1143.28076171875,"(np.int64(968), np.int64(352), np.int64(970), np.int64(355))"
21,50.666666666666664,1054.6666666666667,3.0,0.11791157256578536,1266.706298828125,"(np.int64(1054), np.int64(50), np.int64(1056), np.int64(52))"
21,914.5,1328.0,2.0,0.0786077150438569,1200.7208251953125,"(np.int64(1328), np.int64(914), np.int64(1329), np.int64(916))"
21,532.5,1424.0,2.0,0.0786077150438569,1344.6910400390625,"(np.int64(1424), np.int64(532), np.int64(1425), np.int64(534))"
21,1581.5,1564.5,2.0,0.0786077150438569,1125.068603515625,"(np.int64(1564), np.int64(1581), np.int64(1566), np.int64(1583))"
21,535.075,1798.425,10.0,0.3930385752192845,1311.38427734375,"(np.int64(1795), np.int64(533), np.int64(1802), np.int64(540))"
22,534.5,60.5,6.0,0.23582291454899154,1350.91845703125,"(np.int64(59), np.int64(534), np.int64(63), np.int64(536))"
22,308.5,95.5,2.0,0.07860763818299718,1149.638916015625,"(np.int64(95), np.int64(308), np.int64(97), np.int64(310))"
22,380.5,220.75,5.0,0.19651909545749296,1175.399169921875,"(np.int64(218), np.int64(380), np.int64(223), np.int64(383))"
22,1889.0,400.5,2.0,0.07860763818299718,1207.9482421875,"(np.int64(400), np.int64(1889), np.int64(402), np.int64(1890))"
22,1261.0,685.5,2.0,0.07860763818299718,1114.9844970703125,"(np.int64(685), np.int64(1259), np.int64(687), np.int64(1264))"
22,353.5,968.0,2.0,0.07860763818299718,1164.6834716796875,"(np.int64(968), np.int64(353), np.int64(969), np.int64(355))"
22,51.0,1054.5,4.0,0.15721527636599436,1268.1026611328125,"(np.int64(1054), np.int64(50), np.int64(1056), np.int64(53))"
22,912.75,1328.25,4.0,0.15721527636599436,1232.6912841796875,"(np.int64(1328), np.int64(912), np.int64(1330), np.int64(915))"
22,533.0,1424.0,3.0,0.11791145727449577,1345.71435546875,"(np.int64(1424), np.int64(532), np.int64(1425), np.int64(535))"
22,491.0,1675.6666666666667,3.0,0.11791145727449577,1127.02490234375,"(np.int64(1667), np.int64(482), np.int64(1689), np.int64(501))"
22,534.140625,1798.203125,20.0,0.7860763818299719,1271.035888671875,"(np.int64(1794), np.int64(532), np.int64(1802), np.int64(541))"
22,1410.5,1833.0,2.0,0.07860763818299718,1171.1175537109375,"(np.int64(1833), np.int64(1410), np.int64(1834), np.int64(1412))"
23,533.8333333333334,60.666666666666664,6.0,0.2358226839544897,1336.982177734375,"(np.int64(60), np.int64(533), np.int64(63), np.int64(536))"
23,1889.0,401.5,2.0,0.07860756131816322,1153.5823974609375,"(np.int64(401), np.int64(1889), np.int64(403), np.int64(1890))"
23,726.0,437.5,2.0,0.07860756131816322,1122.7430419921875,"(np.int64(437), np.int64(726), np.int64(439), np.int64(727))"
23,1261.3333333333333,682.0,3.0,0.11791134197724484,1147.2939453125,"(np.int64(677), np.int64(1255), np.int64(686), np.int64(1272))"
23,50.8,1054.8,5.0,0.19651890329540805,1299.5096435546875,"(np.int64(1054), np.int64(50), np.int64(1057), np.int64(53))"
23,913.3333333333334,1328.0,3.0,0.11791134197724484,1181.040771484375,"(np.int64(1327), np.int64(913), np.int64(1330), np.int64(915))"
23,532.6,1424.2,5.0,0.19651890329540805,1345.0150146484375,"(np.int64(1424), np.int64(531), np.int64(1426), np.int64(535))"
23,5.0,1637.5,2.0,0.07860756131816322,1151.6226806640625,"(np.int64(1637), np.int64(5), np.int64(1639), np.int64(6))"
23,534.2357142857143,1799.942857142857,19.0,0.7467718325225505,1278.0599365234375,"(np.int64(1795), np.int64(531), np.int64(1803), np.int64(540))"
23,1212.5,2022.0,2.0,0.07860756131816322,1170.638916015625,"(np.int64(2022), np.int64(1212), np.int64(2023), np.int64(1214))"
24,534.0,59.6,5.0,0.19651871112514332,1275.7532958984375,"(np.int64(59), np.int64(533), np.int64(62), np.int64(536))"
24,381.25,220.5,3.0,0.117911226675086,1133.9580078125,"(np.int64(219), np.int64(380), np.int64(223), np.int64(383))"
24,50.8,1053.8,5.0,0.19651871112514332,1297.584228515625,"(np.int64(1053), np.int64(50), np.int64(1056), np.int64(53))"
24,98.0,1158.0,2.0,0.07860748445005733,1188.311767578125,"(np.int64(1153), np.int64(93), np.int64(1164), np.int64(104))"
24,914.25,1328.0,3.0,0.117911226675086,1204.91455078125,"(np.int64(1327), np.int64(913), np.int64(1330), np.int64(916))"
24,532.75,1423.0,8.0,0.3144299378002293,1342.8475341796875,"(np.int64(1422), np.int64(531), np.int64(1425), np.int64(535))"
24,1433.5,1647.0,2.0,0.07860748445005733,1129.624755859375,"(np.int64(1646), np.int64(1433), np.int64(1649), np.int64(1435))"
24,490.5,1672.0,2.0,0.07860748445005733,1134.735107421875,"(np.int64(1671), np.int64(490), np.int64(1674), np.int64(492))"
24,1061.5,1731.5,2.0,0.07860748445005733,1161.370361328125,"(np.int64(1731), np.int64(1061), np.int64(1733), np.int64(1063))"
24,533.9027777777777,1797.3472222222222,17.0,0.6681636178254873,1279.709716796875,"(np.int64(1793), np.int64(531), np.int64(1802), np.int64(540))"
24,1212.5,2021.0,2.0,0.07860748445005733,1335.3822021484375,"(np.int64(2021), np.int64(1212), np.int64(2022), np.int64(1214))"
25,534.3333333333334,59.0,3.0,0.11791111140839444,1203.071044921875,"(np.int64(58), np.int64(534), np.int64(61), np.int64(536))"
25,380.33333333333337,220.5,4.0,0.1572148152111926,1169.2960205078125,"(np.int64(219), np.int64(379), np.int64(222), np.int64(383))"
25,488.0,275.25,4.0,0.1572148152111926,1217.60546875,"(np.int64(274), np.int64(487), np.int64(277), np.int64(490))"
25,1988.5,408.5,2.0,0.0786074076055963,1166.3839111328125,"(np.int64(408), np.int64(1988), np.int64(410), np.int64(1990))"
25,350.25,965.25,3.0,0.11791111140839444,1135.885009765625,"(np.int64(965), np.int64(347), np.int64(967), np.int64(354))"
25,50.833333333333336,1053.1666666666667,6.0,0.23582222281678888,1294.4637451171875,"(np.int64(1052), np.int64(50), np.int64(1055), np.int64(53))"
25,100.33333333333333,1163.8333333333333,4.0,0.1572148152111926,1141.55322265625,"(np.int64(1162), np.int64(99), np.int64(1167), np.int64(103))"
25,660.5,1174.0,2.0,0.0786074076055963,1161.33984375,"(np.int64(1173), np.int64(660), np.int64(1176), np.int64(662))"
25,913.5,1326.1666666666667,6.0,0.23582222281678888,1218.5675048828125,"(np.int64(1325), np.int64(912), np.int64(1328), np.int64(916))"
25,533.3333333333334,1422.6666666666667,6.0,0.23582222281678888,1343.9952392578125,"(np.int64(1422), np.int64(532), np.int64(1425), np.int64(535))"
25,5.0,1636.5,2.0,0.0786074076055963,1207.59521484375,"(np.int64(1636), np.int64(5), np.int64(1638), np.int64(6))"
25,1062.0,1730.25,3.0,0.11791111140839444,1180.372314453125,"(np.int64(1729), np.int64(1061), np.int64(1733), np.int64(1064))"
25,451.6666666666667,1754.6666666666667,3.0,0.11791111140839444,1219.529541015625,"(np.int64(1754), np.int64(451), np.int64(1756), np.int64(453))"
25,534.8194444444445,1797.2916666666667,15.0,0.5895555570419723,1294.541748046875,"(np.int64(1793), np.int64(532), np.int64(1802), np.int64(540))"
25,1212.0,2020.3333333333333,3.0,0.11791111140839444,1280.787353515625,"(np.int64(2020), np.int64(1211), np.int64(2022), np.int64(1214))"
26,533.5,61.0,4.0,0.15721466148670146,1206.8192138671875,"(np.int64(60), np.int64(533), np.int64(63), np.int64(535))"
26,380.1,220.4,6.0,0.2358219922300522,1195.15576171875,"(np.int64(220), np.int64(379), np.int64(223), np.int64(383))"
26,608.0,268.5,2.0,0.07860733074335073,1153.4249267578125,"(np.int64(268), np.int64(608), np.int64(270), np.int64(609))"
26,349.16666666666663,965.6666666666667,4.0,0.15721466148670146,1157.535888671875,"(np.int64(965), np.int64(346), np.int64(968), np.int64(353))"
26,51.0,1054.75,4.0,0.15721466148670146,1298.19189453125,"(np.int64(1054), np.int64(50), np.int64(1056), np.int64(53))"
26,913.0,1327.6666666666667,3.0,0.11791099611502609,1207.010498046875,"(np.int64(1327), np.int64(912), np.int64(1329), np.int64(915))"
26,533.0,1424.0,7.0,0.2751256576017276,1345.013427734375,"(np.int64(1423), np.int64(532), np.int64(1426), np.int64(535))"
26,5.0,1637.0,2.0,0.07860733074335073,1183.46826171875,"(np.int64(1636), np.int64(5), np.int64(1639), np.int64(6))"
26,1059.5,1734.5,2.0,0.07860733074335073,1180.385009765625,"(np.int64(1734), np.int64(1059), np.int64(1736), np.int64(1061))"
26,534.0625,1799.4375,9.0,0.35373298834507827,1317.455810546875,"(np.int64(1798), np.int64(532), np.int64(1801), np.int64(538))"
26,1213.6666666666667,2022.3333333333333,3.0,0.11791099611502609,1329.2628173828125,"(np.int64(2022), np.int64(1213), np.int64(2024), np.int64(1215))"
27,1540.5,128.0,2.0,0.07860725388204574,1281.676025390625,"(np.int64(128), np.int64(1540), np.int64(129), np.int64(1542))"
27,379.9166666666667,223.91666666666666,12.0,0.47164352329227444,1166.5357666015625,"(np.int64(222), np.int64(378), np.int64(228), np.int64(383))"
27,606.5,271.0,2.0,0.07860725388204574,1151.9700927734375,"(np.int64(271), np.int64(605), np.int64(272), np.int64(609))"
27,487.5,279.0,4.0,0.1572145077640915,1171.86962890625,"(np.int64(278), np.int64(487), np.int64(281), np.int64(489))"
27,1988.0,412.5,2.0,0.07860725388204574,1182.35791015625,"(np.int64(412), np.int64(1988), np.int64(414), np.int64(1989))"
27,1217.0,844.5,2.0,0.07860725388204574,1318.8594970703125,"(np.int64(844), np.int64(1217), np.int64(846), np.int64(1218))"
27,348.24,964.0,9.0,0.3537326424692058,1166.869140625,"(np.int64(950), np.int64(343), np.int64(970), np.int64(354))"
27,50.6,1057.2,5.0,0.19651813470511437,1239.8255615234375,"(np.int64(1056), np.int64(50), np.int64(1059), np.int64(52))"
27,660.0,1177.5,2.0,0.07860725388204574,1194.974609375,"(np.int64(1177), np.int64(660), np.int64(1179), np.int64(661))"
27,912.2,1330.4,5.0,0.19651813470511437,1182.7681884765625,"(np.int64(1330), np.int64(911), np.int64(1332), np.int64(914))"
27,532.8,1426.2,5.0,0.19651813470511437,1345.682861328125,"(np.int64(1425), np.int64(532), np.int64(1428), np.int64(535))"
27,226.5,1434.75,3.0,0.11791088082306861,1274.67529296875,"(np.int64(1434), np.int64(224), np.int64(1437), np.int64(230))"
27,489.25,1677.25,3.0,0.11791088082306861,1147.200439453125,"(np.int64(1675), np.int64(489), np.int64(1680), np.int64(491))"
27,534.8,1799.45,11.0,0.4323398963512516,1209.412109375,"(np.int64(1798), np.int64(533), np.int64(1804), np.int64(538))"
27,1213.6,2024.4,5.0,0.19651813470511437,1333.5533447265625,"(np.int64(2024), np.int64(1212), np.int64(2026), np.int64(1216))"
28,534.0,63.5,2.0,0.07860717701606641,1117.7962646484375,"(np.int64(63), np.int64(534), np.int64(65), np.int64(535))"
28,1540.5,129.0,2.0,0.07860717701606641,1284.870361328125,"(np.int64(129), np.int64(1540), np.int64(130), np.int64(1542))"
28,381.3333333333333,224.0,3.0,0.11791076552409963,1188.03564453125,"(np.int64(223), np.int64(381), np.int64(226), np.int64(383))"
28,486.8611111111111,276.3333333333333,8.0,0.31442870806426565,1232.183837890625,"(np.int64(269), np.int64(483), np.int64(283), np.int64(490))"
28,608.5,272.5,2.0,0.07860717701606641,1137.588623046875,"(np.int64(272), np.int64(608), np.int64(274), np.int64(610))"
28,1217.5,845.5,4.0,0.15721435403213282,1319.97607421875,"(np.int64(845), np.int64(1217), np.int64(847), np.int64(1219))"
28,348.75,968.25,5.0,0.19651794254016602,1173.814208984375,"(np.int64(968), np.int64(344), np.int64(970), np.int64(353))"
28,51.0,1058.5,4.0,0.15721435403213282,1300.7435302734375,"(np.int64(1058), np.int64(50), np.int64(1060), np.int64(53))"
28,660.6666666666666,1178.6666666666667,3.0,0.11791076552409963,1129.4141845703125,"(np.int64(1178), np.int64(660), np.int64(1180), np.int64(662))"
28,533.2,1427.4,5.0,0.19651794254016602,1347.355224609375,"(np.int64(1427), np.int64(532), np.int64(1429), np.int64(535))"
28,4.333333333333333,1641.3333333333333,3.0,0.11791076552409963,1184.9842529296875,"(np.int64(1641), np.int64(4), np.int64(1643), np.int64(6))"
28,1058.6666666666667,1738.0,3.0,0.11791076552409963,1158.808837890625,"(np.int64(1737), np.int64(1058), np.int64(1740), np.int64(1060))"
28,536.0555555555555,1801.5,9.0,0.3537322965722989,1185.26416015625,"(np.int64(1800), np.int64(533), np.int64(1804), np.int64(540))"
28,1210.7,2024.6333333333332,8.0,0.31442870806426565,1335.1494140625,"(np.int64(2023), np.int64(1207), np.int64(2027), np.int64(1216))"
29,563.0,65.66666666666667,3.0,0.11791065023180511,1121.9644775390625,"(np.int64(65), np.int64(562), np.int64(67), np.int64(565))"
29,1541.5,129.0,2.0,0.07860710015453674,1281.47607421875,"(np.int64(129), np.int64(1541), np.int64(130), np.int64(1543))"
29,380.375,224.25,5.0,0.19651775038634187,1175.854248046875,"(np.int64(222), np.int64(379), np.int64(226), np.int64(383))"
29,487.125,275.25,5.0,0.19651775038634187,1200.8515625,"(np.int64(270), np.int64(486), np.int64(283), np.int64(490))"
29,609.0,273.0,2.0,0.07860710015453674,1138.106201171875,"(np.int64(273), np.int64(608), np.int64(274), np.int64(611))"
29,1892.0,398.5,2.0,0.07860710015453674,1172.9117431640625,"(np.int64(398), np.int64(1892), np.int64(400), np.int64(1893))"
29,1989.5,413.5,2.0,0.07860710015453674,1192.640625,"(np.int64(413), np.int64(1989), np.int64(415), np.int64(1991))"
29,1264.0,683.0,2.0,0.07860710015453674,1117.0042724609375,"(np.int64(678), np.int64(1258), np.int64(689), np.int64(1271))"
29,1218.0,845.0,3.0,0.11791065023180511,1322.1947021484375,"(np.int64(844), np.int64(1218), np.int64(847), np.int64(1219))"
29,350.0,967.5,2.0,0.07860710015453674,1138.13427734375,"(np.int64(967), np.int64(347), np.int64(969), np.int64(354))"
29,52.166666666666664,1058.1666666666667,6.0,0.23582130046361022,1245.5775146484375,"(np.int64(1057), np.int64(51), np.int64(1060), np.int64(55))"
29,661.0,1178.5,2.0,0.07860710015453674,1262.4759521484375,"(np.int64(1178), np.int64(661), np.int64(1180), np.int64(662))"
29,534.0,1427.5,4.0,0.1572142003090735,1335.309814453125,"(np.int64(1427), np.int64(533), np.int64(1429), np.int64(536))"
29,224.5,1437.0,2.0,0.07860710015453674,1211.2484130859375,"(np.int64(1437), np.int64(224), np.int64(1438), np.int64(226))"
29,63.0,1499.5,2.0,0.07860710015453674,1212.5654296875,"(np.int64(1499), np.int64(63), np.int64(1501), np.int64(64))"
29,5.0,1640.5,2.0,0.07860710015453674,1159.2362060546875,"(np.int64(1640), np.int64(5), np.int64(1642), np.int64(6))"
29,537.2916666666667,1801.4583333333335,13.0,0.5109461510044888,1177.143310546875,"(np.int64(1800), np.int64(533), np.int64(1804), np.int64(540))"
29,1588.5,1935.0,2.0,0.07860710015453674,1204.8028564453125,"(np.int64(1935), np.int64(1588), np.int64(1936), np.int64(1590))"
29,1210.8,2024.2,6.0,0.23582130046361025,1334.1328125,"(np.int64(2023), np.int64(1208), np.int64(2027), np.int64(1216))"
30,563.5,65.0,2.0,0.07860702330447968,1162.21826171875,"(np.int64(65), np.int64(563), np.int64(66), np.int64(565))"
30,1541.5,128.5,4.0,0.15721404660895935,1293.16845703125,"(np.int64(128), np.int64(1541), np.int64(130), np.int64(1543))"
30,380.6666666666667,225.66666666666666,3.0,0.11791053495671952,1126.0662841796875,"(np.int64(223), np.int64(380), np.int64(229), np.int64(383))"
30,486.1666666666667,273.8333333333333,4.0,0.15721404660895935,1144.20703125,"(np.int64(269), np.int64(485), np.int64(282), np.int64(490))"
30,610.25,271.5,4.0,0.15721404660895935,1211.56103515625,"(np.int64(271), np.int64(609), np.int64(273), np.int64(612))"
30,1892.4,396.8,5.0,0.19651755826119918,1196.8411865234375,"(np.int64(396), np.int64(1892), np.int64(399), np.int64(1894))"
30,1271.5,677.0,2.0,0.07860702330447968,1119.354248046875,"(np.int64(677), np.int64(1271), np.int64(678), np.int64(1273))"
30,1218.5,844.5,4.0,0.15721404660895935,1298.0665283203125,"(np.int64(844), np.int64(1218), np.int64(846), np.int64(1220))"
30,350.0,968.25,3.0,0.11791053495671952,1142.626220703125,"(np.int64(968), np.int64(346), np.int64(970), np.int64(355))"
30,53.5,1057.8,6.0,0.235821069913439,1298.196044921875,"(np.int64(1057), np.int64(51), np.int64(1061), np.int64(56))"
30,661.3333333333334,1178.3333333333333,3.0,0.11791053495671952,1263.443603515625,"(np.int64(1178), np.int64(661), np.int64(1180), np.int64(663))"
30,534.5,1427.0,2.0,0.07860702330447968,1336.7840576171875,"(np.int64(1427), np.int64(534), np.int64(1428), np.int64(536))"
30,225.5,1436.5,4.0,0.15721404660895935,1174.4503173828125,"(np.int64(1436), np.int64(225), np.int64(1438), np.int64(227))"
30,1061.0,1736.0,3.0,0.11791053495671952,1252.688720703125,"(np.int64(1735), np.int64(1060), np.int64(1738), np.int64(1063))"
30,535.0,1801.3333333333333,5.0,0.19651755826119918,1197.463134765625,"(np.int64(1801), np.int64(532), np.int64(1804), np.int64(539))"
30,1211.75,2023.8333333333335,5.0,0.1965175582611992,1345.1029052734375,"(np.int64(2022), np.int64(1208), np.int64(2026), np.int64(1216))"
31,563.5,65.0,2.0,0.07860694643874623,1125.5640869140625,"(np.int64(65), np.int64(563), np.int64(66), np.int64(565))"
31,1541.0,128.5,2.0,0.07860694643874623,1135.8111572265625,"(np.int64(128), np.int64(1541), np.int64(130), np.int64(1542))"
31,609.5,272.0,2.0,0.07860694643874623,1135.0792236328125,"(np.int64(271), np.int64(608), np.int64(274), np.int64(612))"
31,488.77777777777777,278.3333333333333,5.0,0.1965173660968656,1159.314208984375,"(np.int64(276), np.int64(487), np.int64(283), np.int64(491))"
31,35.5,291.0,2.0,0.07860694643874623,1185.501220703125,"(np.int64(291), np.int64(35), np.int64(292), np.int64(37))"
31,1892.3333333333333,397.5,6.0,0.2358208393162387,1302.0682373046875,"(np.int64(396), np.int64(1892), np.int64(400), np.int64(1894))"
31,1990.3333333333333,413.6666666666667,3.0,0.11791041965811935,1163.9769287109375,"(np.int64(413), np.int64(1990), np.int64(415), np.int64(1992))"
31,1218.3333333333333,844.6666666666666,3.0,0.11791041965811935,1321.8575439453125,"(np.int64(844), np.int64(1218), np.int64(846), np.int64(1220))"
31,52.0,1058.1666666666667,6.0,0.2358208393162387,1270.107177734375,"(np.int64(1057), np.int64(51), np.int64(1060), np.int64(54))"
31,100.5,1164.5,2.0,0.07860694643874623,1123.124267578125,"(np.int64(1163), np.int64(97), np.int64(1167), np.int64(105))"
31,661.0,1178.25,4.0,0.15721389287749246,1303.315185546875,"(np.int64(1178), np.int64(660), np.int64(1180), np.int64(663))"
31,534.5,1427.0,2.0,0.07860694643874623,1255.8209228515625,"(np.int64(1427), np.int64(534), np.int64(1428), np.int64(536))"
31,224.5,1436.0,2.0,0.07860694643874623,1148.98583984375,"(np.int64(1436), np.int64(224), np.int64(1437), np.int64(226))"
31,5.0,1639.5,2.0,0.07860694643874623,1133.533935546875,"(np.int64(1639), np.int64(5), np.int64(1641), np.int64(6))"
31,1060.2,1736.2,5.0,0.19651736609686557,1203.013427734375,"(np.int64(1735), np.int64(1059), np.int64(1738), np.int64(1062))"
31,538.5,1802.5,2.0,0.07860694643874623,1122.229736328125,"(np.int64(1802), np.int64(536), np.int64(1804), np.int64(542))"
31,1211.75,2024.25,6.0,0.2358208393162387,1333.6768798828125,"(np.int64(2023), np.int64(1208), np.int64(2027), np.int64(1217))"
32,609.0,271.5,2.0,0.07860686957488998,1185.4632568359375,"(np.int64(271), np.int64(609), np.int64(273), np.int64(610))"
32,488.0,279.0,5.0,0.19651717393722495,1166.023193359375,"(np.int64(278), np.int64(487), np.int64(281), np.int64(490))"
32,35.0,291.0,3.0,0.11791030436233496,1347.124755859375,"(np.int64(291), np.int64(34), np.int64(292), np.int64(37))"
32,1891.5,397.5,8.0,0.3144274782995599,1317.320556640625,"(np.int64(396), np.int64(1891), np.int64(400), np.int64(1893))"
32,1989.0,413.0,2.0,0.07860686957488998,1149.6982421875,"(np.int64(412), np.int64(1989), np.int64(415), np.int64(1990))"
32,1217.3333333333333,844.6666666666666,3.0,0.11791030436233496,1322.862060546875,"(np.int64(844), np.int64(1217), np.int64(846), np.int64(1219))"
32,352.5,969.5,2.0,0.07860686957488998,1154.1314697265625,"(np.int64(969), np.int64(352), np.int64(971), np.int64(354))"
32,52.5,1057.8333333333335,4.0,0.15721373914977996,1220.5093994140625,"(np.int64(1057), np.int64(50), np.int64(1060), np.int64(55))"
32,660.3333333333334,1178.3333333333333,3.0,0.11791030436233496,1301.474853515625,"(np.int64(1178), np.int64(660), np.int64(1180), np.int64(662))"
32,1765.5,1350.0,2.0,0.07860686957488998,1161.64990234375,"(np.int64(1350), np.int64(1765), np.int64(1351), np.int64(1767))"
32,1060.6,1735.6,5.0,0.19651717393722495,1287.5462646484375,"(np.int64(1734), np.int64(1059), np.int64(1738), np.int64(1063))"
32,1214.0,2025.6666666666667,3.0,0.11791030436233496,1334.124755859375,"(np.int64(2025), np.int64(1213), np.int64(2027), np.int64(1216))"
33,488.0,277.91666666666663,7.0,0.27512377444521935,1212.781494140625,"(np.int64(276), np.int64(486), np.int64(283), np.int64(490))"
33,35.5,291.0,2.0,0.07860679269863409,1174.8226318359375,"(np.int64(291), np.int64(35), np.int64(292), np.int64(37))"
33,1890.0384615384614,400.8461538461538,14.0,0.5502475488904386,1308.5963134765625,"(np.int64(395), np.int64(1889), np.int64(405), np.int64(1893))"
33,1989.0,412.5,2.0,0.07860679269863409,1155.7352294921875,"(np.int64(412), np.int64(1989), np.int64(414), np.int64(1990))"
33,896.3333333333334,478.6666666666667,3.0,0.11791018904795114,1161.296875,"(np.int64(474), np.int64(893), np.int64(487), np.int64(904))"
33,1217.5,844.5,4.0,0.15721358539726818,1320.529296875,"(np.int64(844), np.int64(1217), np.int64(846), np.int64(1219))"
33,50.75,1058.25,4.0,0.15721358539726818,1229.8709716796875,"(np.int64(1058), np.int64(50), np.int64(1060), np.int64(53))"
33,659.6,1178.2,5.0,0.19651698174658522,1303.0347900390625,"(np.int64(1177), np.int64(659), np.int64(1180), np.int64(661))"
33,1765.0,1349.5,2.0,0.07860679269863409,1209.8927001953125,"(np.int64(1349), np.int64(1765), np.int64(1351), np.int64(1766))"
33,533.5,1427.0,2.0,0.07860679269863409,1186.944580078125,"(np.int64(1427), np.int64(533), np.int64(1428), np.int64(535))"
33,1061.0,1735.0,3.0,0.11791018904795114,1188.321533203125,"(np.int64(1734), np.int64(1060), np.int64(1737), np.int64(1063))"
33,1214.4,2025.6,5.0,0.19651698174658522,1334.703125,"(np.int64(2025), np.int64(1213), np.int64(2027), np.int64(1217))"
34,488.3888888888889,277.5,6.0,0.23582014751489302,1196.26806640625,"(np.int64(274), np.int64(486), np.int64(283), np.int64(491))"
34,466.0,376.5,2.0,0.07860671583829767,1196.1390380859375,"(np.int64(376), np.int64(466), np.int64(378), np.int64(467))"
34,1891.6458333333335,398.64583333333337,14.0,0.5502470108680837,1251.80078125,"(np.int64(393), np.int64(1890), np.int64(405), np.int64(1894))"
34,1990.1666666666665,410.16666666666663,4.0,0.15721343167659535,1172.966064453125,"(np.int64(409), np.int64(1990), np.int64(413), np.int64(1992))"
34,1218.4,841.8,5.0,0.1965167895957442,1324.7777099609375,"(np.int64(841), np.int64(1218), np.int64(844), np.int64(1220))"
34,51.5,1056.25,4.0,0.15721343167659535,1150.1800537109375,"(np.int64(1055), np.int64(51), np.int64(1058), np.int64(53))"
34,660.6666666666666,1175.6666666666667,3.0,0.11791007375744651,1295.66943359375,"(np.int64(1175), np.int64(660), np.int64(1177), np.int64(662))"
34,1765.75,1347.25,4.0,0.15721343167659535,1304.72705078125,"(np.int64(1346), np.int64(1765), np.int64(1349), np.int64(1767))"
34,1062.0,1732.5,4.0,0.15721343167659535,1213.505859375,"(np.int64(1732), np.int64(1061), np.int64(1734), np.int64(1064))"
34,453.0,1756.5,2.0,0.07860671583829767,1246.8719482421875,"(np.int64(1756), np.int64(453), np.int64(1758), np.int64(454))"
35,488.66666666666663,278.5,4.0,0.15721327795827558,1188.7320556640625,"(np.int64(276), np.int64(488), np.int64(281), np.int64(491))"
35,37.5,288.0,2.0,0.07860663897913779,1281.9007568359375,"(np.int64(288), np.int64(37), np.int64(289), np.int64(39))"
35,462.0,383.0,6.0,0.23581991693741336,1210.563232421875,"(np.int64(375), np.int64(458), np.int64(390), np.int64(468))"
35,1892.8333333333335,398.33333333333337,7.0,0.2751232364269823,1306.4884033203125,"(np.int64(393), np.int64(1892), np.int64(403), np.int64(1895))"
35,1990.6666666666667,408.6666666666667,3.0,0.1179099584687067,1143.250244140625,"(np.int64(406), np.int64(1988), np.int64(412), np.int64(1994))"
35,900.0,478.0,2.0,0.07860663897913779,1153.50439453125,"(np.int64(472), np.int64(895), np.int64(485), np.int64(906))"
35,1219.5,841.5,4.0,0.15721327795827558,1326.39013671875,"(np.int64(841), np.int64(1219), np.int64(843), np.int64(1221))"
35,193.5,1103.25,3.0,0.1179099584687067,1286.97265625,"(np.int64(1101), np.int64(193), np.int64(1106), np.int64(195))"
35,99.5,1153.5,2.0,0.07860663897913779,1126.21533203125,"(np.int64(1153), np.int64(99), np.int64(1155), np.int64(101))"
35,661.3333333333334,1175.3333333333333,3.0,0.1179099584687067,1300.837646484375,"(np.int64(1175), np.int64(661), np.int64(1177), np.int64(663))"
35,1766.6666666666667,1346.6666666666667,3.0,0.1179099584687067,1304.09033203125,"(np.int64(1346), np.int64(1766), np.int64(1348), np.int64(1768))"
35,535.5,1424.5,2.0,0.07860663897913779,1299.9005126953125,"(np.int64(1424), np.int64(535), np.int64(1426), np.int64(537))"
35,1063.5,1731.5,4.0,0.15721327795827558,1279.66796875,"(np.int64(1730), np.int64(1062), np.int64(1734), np.int64(1066))"
35,453.6666666666667,1755.6666666666667,3.0,0.1179099584687067,1301.388916015625,"(np.int64(1755), np.int64(453), np.int64(1757), np.int64(455))"
35,1216.5,2023.0,2.0,0.07860663897913779,1290.0323486328125,"(np.int64(2023), np.int64(1216), np.int64(2024), np.int64(1218))"
36,487.037037037037,274.3703703703704,11.0,0.4323360917023714,1221.789306640625,"(np.int64(262), np.int64(485), np.int64(284), np.int64(492))"
36,465.4,377.3,10.0,0.39303281063851947,1310.639404296875,"(np.int64(376), np.int64(464), np.int64(380), np.int64(468))"
36,1892.4375,400.875,9.0,0.3537295295746675,1313.013916015625,"(np.int64(395), np.int64(1892), np.int64(405), np.int64(1894))"
36,1991.0,412.5,2.0,0.0786065621277039,1168.9749755859375,"(np.int64(412), np.int64(1991), np.int64(414), np.int64(1992))"
36,1883.3333333333333,792.3333333333334,3.0,0.11790984319155584,1223.06787109375,"(np.int64(792), np.int64(1883), np.int64(794), np.int64(1885))"
36,1219.3333333333333,843.3333333333334,3.0,0.11790984319155584,1326.1392822265625,"(np.int64(843), np.int64(1219), np.int64(845), np.int64(1221))"
36,191.83333333333331,1107.5,4.0,0.1572131242554078,1141.419677734375,"(np.int64(1105), np.int64(191), np.int64(1110), np.int64(194))"
36,1766.4,1348.8,5.0,0.19651640531925973,1300.045166015625,"(np.int64(1348), np.int64(1766), np.int64(1351), np.int64(1768))"
36,1062.8,1733.6,5.0,0.19651640531925973,1194.99072265625,"(np.int64(1732), np.int64(1062), np.int64(1736), np.int64(1065))"
36,453.0,1757.6666666666667,3.0,0.11790984319155584,1296.0267333984375,"(np.int64(1757), np.int64(452), np.int64(1759), np.int64(455))"
37,486.1,283.55,12.0,0.4716389115902452,1250.31494140625,"(np.int64(277), np.int64(484), np.int64(288), np.int64(491))"
37,464.42857142857144,379.7142857142857,7.0,0.275122698427643,1318.9852294921875,"(np.int64(378), np.int64(464), np.int64(382), np.int64(466))"
37,1890.7708333333333,403.9791666666667,18.0,0.7074583673853676,1323.2369384765625,"(np.int64(397), np.int64(1890), np.int64(408), np.int64(1893))"
37,1988.75,415.75,6.0,0.2358194557951226,1163.882568359375,"(np.int64(414), np.int64(1987), np.int64(418), np.int64(1991))"
37,1883.4285714285713,794.8571428571429,7.0,0.275122698427643,1320.57958984375,"(np.int64(794), np.int64(1881), np.int64(796), np.int64(1887))"
37,1217.3333333333333,846.3333333333334,3.0,0.11790972789756128,1320.3837890625,"(np.int64(846), np.int64(1217), np.int64(848), np.int64(1219))"
37,191.5,1108.0,6.0,0.23581945579512256,1187.994140625,"(np.int64(1106), np.int64(191), np.int64(1111), np.int64(193))"
37,99.0,1167.0,2.0,0.07860648526504085,1127.9390869140625,"(np.int64(1160), np.int64(99), np.int64(1175), np.int64(100))"
37,1765.0,1351.2857142857142,7.0,0.275122698427643,1312.27197265625,"(np.int64(1350), np.int64(1764), np.int64(1353), np.int64(1767))"
37,858.3333333333334,1365.0,3.0,0.11790972789756128,1229.6998291015625,"(np.int64(1364), np.int64(858), np.int64(1367), np.int64(860))"
37,1060.6,1736.8,5.0,0.19651621316260215,1309.1112060546875,"(np.int64(1736), np.int64(1059), np.int64(1739), np.int64(1063))"
37,451.2,1760.6,5.0,0.19651621316260215,1312.076171875,"(np.int64(1760), np.int64(450), np.int64(1762), np.int64(453))"
38,486.5,280.8461538461538,14.0,0.5502448588166768,1284.950439453125,"(np.int64(278), np.int64(483), np.int64(288), np.int64(489))"
38,1890.0,401.55555555555554,27.0,1.0611865134321625,1324.2567138671875,"(np.int64(396), np.int64(1889), np.int64(409), np.int64(1892))"
38,1987.6666666666665,415.0,4.0,0.15721281680476482,1147.19775390625,"(np.int64(414), np.int64(1986), np.int64(417), np.int64(1991))"
38,1121.0,733.5,2.0,0.07860640840238241,1243.5606689453125,"(np.int64(733), np.int64(1121), np.int64(735), np.int64(1122))"
38,1882.6363636363637,794.4545454545455,11.0,0.43233524621310326,1322.090087890625,"(np.int64(794), np.int64(1880), np.int64(796), np.int64(1886))"
38,190.8,1107.0,5.0,0.19651602100595603,1252.1441650390625,"(np.int64(1105), np.int64(190), np.int64(1110), np.int64(192))"
38,97.5,1165.5,2.0,0.07860640840238241,1145.14208984375,"(np.int64(1161), np.int64(97), np.int64(1171), np.int64(99))"
38,1764.4285714285713,1350.2857142857142,7.0,0.2751224294083384,1311.923095703125,"(np.int64(1349), np.int64(1764), np.int64(1353), np.int64(1766))"
38,857.5,1363.5,2.0,0.07860640840238241,1163.197998046875,"(np.int64(1363), np.int64(857), np.int64(1365), np.int64(859))"
38,1059.75,1736.0,4.0,0.15721281680476482,1279.53369140625,"(np.int64(1735), np.int64(1059), np.int64(1738), np.int64(1062))"
38,450.2,1760.4,5.0,0.19651602100595603,1265.6722412109375,"(np.int64(1760), np.int64(449), np.int64(1762), np.int64(452))"
39,485.8125,280.25,16.0,0.6288506522448103,1272.7235107421875,"(np.int64(275), np.int64(483), np.int64(286), np.int64(489))"
39,464.0,376.5,2.0,0.07860633153060129,1166.27001953125,"(np.int64(376), np.int64(464), np.int64(378), np.int64(465))"
39,1890.7692307692307,398.84615384615387,26.0,1.0218823098978167,1325.464599609375,"(np.int64(394), np.int64(1890), np.int64(406), np.int64(1893))"
39,1988.5,412.75,4.0,0.15721266306120257,1161.3345947265625,"(np.int64(411), np.int64(1988), np.int64(415), np.int64(1990))"
39,898.0,480.5,2.0,0.07860633153060129,1146.580810546875,"(np.int64(476), np.int64(894), np.int64(486), np.int64(903))"
39,191.0,1105.0,5.0,0.1965158288265032,1262.7476806640625,"(np.int64(1103), np.int64(190), np.int64(1108), np.int64(193))"
39,476.0,1122.5,2.0,0.07860633153060129,1230.14208984375,"(np.int64(1122), np.int64(476), np.int64(1124), np.int64(477))"
39,1765.0,1347.5,8.0,0.31442532612240515,1305.0927734375,"(np.int64(1346), np.int64(1764), np.int64(1350), np.int64(1767))"
39,1060.5,1733.5,2.0,0.07860633153060129,1164.0123291015625,"(np.int64(1733), np.int64(1060), np.int64(1735), np.int64(1062))"
39,450.2,1757.6,5.0,0.1965158288265032,1305.696533203125,"(np.int64(1757), np.int64(449), np.int64(1759), np.int64(452))"
40,488.5,274.2352941176471,18.0,0.7074562920389517,1325.8433837890625,"(np.int64(271), np.int64(484), np.int64(283), np.int64(491))"
40,464.5,374.5,2.0,0.07860625467099462,1146.623779296875,"(np.int64(373), np.int64(464), np.int64(377), np.int64(466))"
40,1891.2222222222222,397.2962962962963,27.0,1.0611844380584274,1324.23388671875,"(np.int64(391), np.int64(1890), np.int64(404), np.int64(1893))"
40,1988.5,410.75,3.0,0.11790938200649193,1170.919921875,"(np.int64(410), np.int64(1987), np.int64(412), np.int64(1991))"
40,897.4,476.8,7.0,0.2751218913484812,1169.1060791015625,"(np.int64(471), np.int64(894), np.int64(483), np.int64(905))"
40,1122.5,728.5,2.0,0.07860625467099462,1324.08056640625,"(np.int64(728), np.int64(1122), np.int64(730), np.int64(1124))"
40,1218.3333333333333,840.3333333333334,3.0,0.11790938200649193,1309.697021484375,"(np.int64(840), np.int64(1218), np.int64(842), np.int64(1220))"
40,191.5,1103.5,4.0,0.15721250934198924,1278.6561279296875,"(np.int64(1102), np.int64(191), np.int64(1106), np.int64(193))"
40,1766.0,1345.2857142857142,7.0,0.2751218913484812,1305.68603515625,"(np.int64(1344), np.int64(1765), np.int64(1347), np.int64(1768))"
40,451.0,1755.5,6.0,0.23581876401298385,1308.85400390625,"(np.int64(1755), np.int64(450), np.int64(1757), np.int64(453))"
41,488.1136363636364,266.7386363636364,25.0,0.9825772226628837,1328.87939453125,"(np.int64(258), np.int64(485), np.int64(283), np.int64(492))"
41,1892.2916666666667,396.9166666666667,24.0,0.9432741337563684,1327.7100830078125,"(np.int64(391), np.int64(1891), np.int64(404), np.int64(1894))"
41,1989.9444444444443,409.5555555555556,6.0,0.2358185334390921,1198.3642578125,"(np.int64(408), np.int64(1988), np.int64(412), np.int64(1993))"
41,898.8333333333334,476.25,6.0,0.2358185334390921,1153.6986083984375,"(np.int64(471), np.int64(894), np.int64(484), np.int64(907))"
41,1123.5,728.5,4.0,0.1572123556260614,1326.021240234375,"(np.int64(728), np.int64(1123), np.int64(730), np.int64(1125))"
41,1219.3333333333333,840.3333333333334,3.0,0.11790926671954605,1321.00634765625,"(np.int64(840), np.int64(1219), np.int64(842), np.int64(1221))"
41,478.0,1119.5,2.0,0.0786061778130307,1308.8980712890625,"(np.int64(1119), np.int64(478), np.int64(1121), np.int64(479))"
41,1766.888888888889,1344.888888888889,9.0,0.35372780015863814,1306.013916015625,"(np.int64(1343), np.int64(1766), np.int64(1347), np.int64(1769))"
41,5.0,1635.5,2.0,0.0786061778130307,1138.4462890625,"(np.int64(1635), np.int64(5), np.int64(1637), np.int64(6))"
41,451.8,1755.4,5.0,0.19651544453257674,1308.196533203125,"(np.int64(1755), np.int64(451), np.int64(1757), np.int64(454))"
42,486.3333333333333,258.0,3.0,0.11790915143014989,1130.911865234375,"(np.int64(257), np.int64(486), np.int64(260), np.int64(488))"
42,489.17241379310343,277.9655172413793,29.0,1.1397884638247824,1327.9879150390625,"(np.int64(271), np.int64(486), np.int64(285), np.int64(493))"
42,466.6666666666667,375.6666666666667,3.0,0.11790915143014989,1189.129150390625,"(np.int64(375), np.int64(466), np.int64(377), np.int64(468))"
42,1894.090909090909,396.90909090909093,22.0,0.8646671104877659,1311.9443359375,"(np.int64(391), np.int64(1893), np.int64(404), np.int64(1896))"
42,1992.25,410.875,8.0,0.31442440381373304,1176.0772705078125,"(np.int64(409), np.int64(1991), np.int64(414), np.int64(1994))"
42,900.861111111111,476.2222222222222,12.0,0.47163660572059957,1190.5853271484375,"(np.int64(471), np.int64(896), np.int64(483), np.int64(909))"
42,1124.8333333333333,728.5,6.0,0.23581830286029978,1331.58837890625,"(np.int64(727), np.int64(1124), np.int64(731), np.int64(1127))"
42,1220.5,840.5,4.0,0.15721220190686652,1325.896484375,"(np.int64(840), np.int64(1220), np.int64(842), np.int64(1222))"
42,479.6666666666667,1120.3333333333333,3.0,0.11790915143014989,1310.38232421875,"(np.int64(1120), np.int64(479), np.int64(1122), np.int64(481))"
42,1768.125,1345.125,8.0,0.31442440381373304,1305.722900390625,"(np.int64(1344), np.int64(1767), np.int64(1347), np.int64(1770))"
42,226.33333333333334,1432.6666666666667,3.0,0.11790915143014989,1127.73486328125,"(np.int64(1432), np.int64(226), np.int64(1434), np.int64(228))"
42,7.333333333333334,1637.6666666666665,4.0,0.15721220190686652,1149.65576171875,"(np.int64(1636), np.int64(6), np.int64(1640), np.int64(9))"
42,453.1666666666667,1755.8333333333333,6.0,0.23581830286029978,1304.4521484375,"(np.int64(1755), np.int64(452), np.int64(1758), np.int64(455))"
43,488.5416666666667,265.22222222222223,26.0,1.0218783132168836,1338.4005126953125,"(np.int64(258), np.int64(487), np.int64(283), np.int64(494))"
43,468.3333333333333,375.6666666666667,3.0,0.11790903614040964,1304.635009765625,"(np.int64(375), np.int64(468), np.int64(377), np.int64(470))"
43,1895.2916666666667,396.625,24.0,0.9432722891232771,1319.224365234375,"(np.int64(391), np.int64(1894), np.int64(403), np.int64(1898))"
43,1993.5,410.5,2.0,0.07860602409360642,1143.892822265625,"(np.int64(410), np.int64(1993), np.int64(412), np.int64(1995))"
43,901.1600000000001,476.44000000000005,13.0,0.5109391566084417,1159.933349609375,"(np.int64(470), np.int64(897), np.int64(483), np.int64(912))"
43,1126.3333333333333,728.5,6.0,0.23581807228081927,1328.2423095703125,"(np.int64(727), np.int64(1125), np.int64(731), np.int64(1128))"
43,1222.3333333333333,840.3333333333334,3.0,0.11790903614040964,1321.738037109375,"(np.int64(840), np.int64(1222), np.int64(842), np.int64(1224))"
43,193.0,1110.0,2.0,0.07860602409360642,1142.1824951171875,"(np.int64(1107), np.int64(192), np.int64(1114), np.int64(195))"
43,481.0,1119.5,2.0,0.07860602409360642,1309.58447265625,"(np.int64(1119), np.int64(481), np.int64(1121), np.int64(482))"
43,105.66666666666667,1158.6666666666667,3.0,0.11790903614040964,1142.3897705078125,"(np.int64(1151), np.int64(104), np.int64(1164), np.int64(109))"
43,1769.8333333333333,1344.6666666666667,6.0,0.23581807228081927,1305.697509765625,"(np.int64(1343), np.int64(1769), np.int64(1347), np.int64(1772))"
43,228.0,1432.25,4.0,0.15721204818721285,1242.649658203125,"(np.int64(1432), np.int64(227), np.int64(1434), np.int64(230))"
43,454.5,1755.8333333333333,6.0,0.23581807228081927,1313.2901611328125,"(np.int64(1755), np.int64(453), np.int64(1758), np.int64(457))"
44,489.0217391304348,266.6304347826087,28.0,1.100483261279531,1317.8731689453125,"(np.int64(257), np.int64(487), np.int64(283), np.int64(495))"
44,468.6666666666667,375.3333333333333,3.0,0.11790892085137832,1311.34228515625,"(np.int64(375), np.int64(468), np.int64(377), np.int64(470))"
44,1895.8,396.04,25.0,0.9825743404281526,1318.5784912109375,"(np.int64(391), np.int64(1895), np.int64(403), np.int64(1898))"
44,1994.3333333333333,411.5,4.0,0.15721189446850442,1141.2803955078125,"(np.int64(409), np.int64(1993), np.int64(415), np.int64(1996))"
44,902.0178571428571,477.6696428571429,14.0,0.5502416306397655,1217.168212890625,"(np.int64(471), np.int64(898), np.int64(484), np.int64(911))"
44,1425.0,648.5,2.0,0.07860594723425221,1146.8446044921875,"(np.int64(644), np.int64(1420), np.int64(654), np.int64(1431))"
44,1126.8,728.2,5.0,0.1965148680856305,1325.8406982421875,"(np.int64(727), np.int64(1126), np.int64(730), np.int64(1129))"
44,1223.0,840.5,2.0,0.07860594723425221,1321.0601806640625,"(np.int64(840), np.int64(1223), np.int64(842), np.int64(1224))"
44,358.5,877.5,2.0,0.07860594723425221,1248.72509765625,"(np.int64(877), np.int64(358), np.int64(879), np.int64(360))"
44,354.0,970.5,4.0,0.15721189446850442,1209.56640625,"(np.int64(970), np.int64(353), np.int64(972), np.int64(356))"
44,481.5,1119.5,2.0,0.07860594723425221,1308.808349609375,"(np.int64(1119), np.int64(481), np.int64(1121), np.int64(483))"
44,1770.25,1345.0,8.0,0.31442378893700884,1303.92333984375,"(np.int64(1344), np.int64(1769), np.int64(1347), np.int64(1773))"
44,228.6,1431.8,5.0,0.1965148680856305,1239.6602783203125,"(np.int64(1431), np.int64(228), np.int64(1434), np.int64(230))"
44,9.333333333333334,1637.0,3.0,0.11790892085137832,1195.2247314453125,"(np.int64(1636), np.int64(9), np.int64(1639), np.int64(11))"
44,455.3333333333333,1755.3333333333333,6.0,0.23581784170275663,1312.9619140625,"(np.int64(1754), np.int64(454), np.int64(1757), np.int64(457))"
45,488.0833333333333,262.7797619047619,25.0,0.9825733796775304,1294.3046875,"(np.int64(257), np.int64(486), np.int64(284), np.int64(494))"
45,468.3333333333333,375.6666666666667,3.0,0.11790880556130366,1314.341064453125,"(np.int64(375), np.int64(468), np.int64(377), np.int64(470))"
45,1894.9583333333333,396.3333333333333,24.0,0.9432704444904293,1318.2435302734375,"(np.int64(392), np.int64(1894), np.int64(403), np.int64(1897))"
45,901.0144230769231,474.72596153846155,19.0,0.7467557685549233,1242.6552734375,"(np.int64(469), np.int64(897), np.int64(483), np.int64(911))"
45,1126.5,728.5,2.0,0.07860587037420244,1199.5704345703125,"(np.int64(728), np.int64(1126), np.int64(730), np.int64(1128))"
45,358.5,877.0,2.0,0.07860587037420244,1253.812744140625,"(np.int64(877), np.int64(358), np.int64(878), np.int64(360))"
45,353.0,970.6666666666666,3.0,0.11790880556130366,1171.702880859375,"(np.int64(970), np.int64(352), np.int64(972), np.int64(355))"
45,480.5,1119.5,2.0,0.07860587037420244,1170.8123779296875,"(np.int64(1119), np.int64(480), np.int64(1121), np.int64(482))"
45,664.0,1173.5,2.0,0.07860587037420244,1200.2252197265625,"(np.int64(1173), np.int64(664), np.int64(1175), np.int64(665))"
45,1769.3333333333333,1344.8333333333333,6.0,0.23581761112260732,1306.3526611328125,"(np.int64(1343), np.int64(1768), np.int64(1347), np.int64(1771))"
45,228.0,1431.5,4.0,0.15721174074840488,1269.7109375,"(np.int64(1431), np.int64(227), np.int64(1433), np.int64(230))"
45,8.0,1636.3333333333333,3.0,0.11790880556130366,1192.02734375,"(np.int64(1636), np.int64(7), np.int64(1638), np.int64(10))"
45,454.7,1755.7,10.0,0.3930293518710122,1312.97900390625,"(np.int64(1754), np.int64(453), np.int64(1758), np.int64(457))"
46,488.11607142857144,263.54761904761904,28.0,1.1004811092145577,1314.6644287109375,"(np.int64(256), np.int64(485), np.int64(285), np.int64(493))"
46,1893.7407407407406,396.51851851851853,27.0,1.0611782124568947,1312.7548828125,"(np.int64(392), np.int64(1892), np.int64(402), np.int64(1896))"
46,902.1944444444445,475.8333333333333,16.0,0.6288463481226043,1209.716796875,"(np.int64(471), np.int64(896), np.int64(483), np.int64(910))"
46,356.0,877.5,2.0,0.07860579351532554,1142.332763671875,"(np.int64(877), np.int64(355), np.int64(879), np.int64(358))"
46,352.0,970.3333333333334,3.0,0.11790869027298831,1163.3902587890625,"(np.int64(970), np.int64(351), np.int64(972), np.int64(354))"
46,191.5,1109.75,3.0,0.11790869027298831,1167.130859375,"(np.int64(1108), np.int64(191), np.int64(1112), np.int64(193))"
46,98.0,1152.0,2.0,0.07860579351532554,1122.9493408203125,"(np.int64(1147), np.int64(98), np.int64(1158), np.int64(99))"
46,663.0,1173.5,2.0,0.07860579351532554,1204.432861328125,"(np.int64(1173), np.int64(663), np.int64(1175), np.int64(664))"
46,1768.4,1344.8,5.0,0.19651448378831385,1303.364013671875,"(np.int64(1344), np.int64(1768), np.int64(1347), np.int64(1770))"
46,227.0,1432.0,5.0,0.19651448378831385,1292.848388671875,"(np.int64(1431), np.int64(226), np.int64(1434), np.int64(229))"
46,7.5,1637.5,4.0,0.15721158703065108,1172.2841796875,"(np.int64(1637), np.int64(7), np.int64(1639), np.int64(9))"
46,1066.857142857143,1727.4285714285713,7.0,0.2751202773036394,1324.81396484375,"(np.int64(1726), np.int64(1066), np.int64(1730), np.int64(1069))"
46,453.14285714285717,1756.2857142857142,7.0,0.2751202773036394,1311.525390625,"(np.int64(1755), np.int64(452), np.int64(1758), np.int64(455))"
47,488.2236842105263,262.36842105263156,24.0,0.9432685999897727,1308.4603271484375,"(np.int64(255), np.int64(485), np.int64(284), np.int64(492))"
47,466.0,375.5,2.0,0.0786057166658144,1260.84228515625,"(np.int64(375), np.int64(466), np.int64(377), np.int64(467))"
47,1892.8148148148148,396.81481481481484,27.0,1.0611771749884944,1313.6005859375,"(np.int64(392), np.int64(1891), np.int64(403), np.int64(1895))"
47,900.7954545454545,477.6136363636364,14.0,0.5502400166607007,1237.7957763671875,"(np.int64(470), np.int64(896), np.int64(482), np.int64(908))"
47,356.3333333333333,876.3333333333334,3.0,0.1179085749987216,1191.9853515625,"(np.int64(876), np.int64(356), np.int64(878), np.int64(358))"
47,351.6666666666667,970.3333333333334,3.0,0.1179085749987216,1226.074951171875,"(np.int64(970), np.int64(351), np.int64(972), np.int64(353))"
47,662.3333333333334,1173.3333333333333,3.0,0.1179085749987216,1297.869140625,"(np.int64(1173), np.int64(662), np.int64(1175), np.int64(664))"
47,226.33333333333334,1431.1666666666667,6.0,0.2358171499974432,1246.9466552734375,"(np.int64(1430), np.int64(225), np.int64(1433), np.int64(228))"
47,6.0,1636.5,2.0,0.0786057166658144,1199.5262451171875,"(np.int64(1636), np.int64(6), np.int64(1638), np.int64(7))"
47,1066.4545454545455,1727.3636363636363,11.0,0.4323314416619792,1327.4962158203125,"(np.int64(1726), np.int64(1065), np.int64(1730), np.int64(1069))"
47,452.125,1756.125,8.0,0.3144228666632576,1316.198974609375,"(np.int64(1755), np.int64(451), np.int64(1758), np.int64(454))"
47,1591.5,1911.0,2.0,0.0786057166658144,1173.3165283203125,"(np.int64(1911), np.int64(1591), np.int64(1912), np.int64(1593))"
48,487.6995192307692,267.58653846153845,29.0,1.139781777234663,1275.9610595703125,"(np.int64(255), np.int64(485), np.int64(283), np.int64(491))"
48,465.2,374.2,5.0,0.19651409952321774,1319.7470703125,"(np.int64(373), np.int64(464), np.int64(376), np.int64(467))"
48,1892.764705882353,395.8235294117647,17.0,0.6681479383789404,1306.552734375,"(np.int64(391), np.int64(1891), np.int64(401), np.int64(1895))"
48,900.638888888889,476.0,20.0,0.7860563980928711,1264.70263671875,"(np.int64(469), np.int64(895), np.int64(482), np.int64(908))"
48,351.5,969.5,4.0,0.1572112796185742,1170.6607666015625,"(np.int64(969), np.int64(351), np.int64(971), np.int64(353))"
48,190.5,1108.5,2.0,0.0786056398092871,1223.0052490234375,"(np.int64(1108), np.int64(190), np.int64(1110), np.int64(192))"
48,95.0,1158.0,2.0,0.0786056398092871,1119.513427734375,"(np.int64(1157), np.int64(95), np.int64(1160), np.int64(96))"
48,662.0,1173.3333333333333,6.0,0.23581691942786132,1299.293212890625,"(np.int64(1172), np.int64(661), np.int64(1176), np.int64(664))"
48,794.5,1303.0,2.0,0.0786056398092871,1156.4219970703125,"(np.int64(1303), np.int64(794), np.int64(1304), np.int64(796))"
48,226.33333333333334,1430.6666666666667,3.0,0.11790845971393066,1242.9241943359375,"(np.int64(1430), np.int64(226), np.int64(1432), np.int64(228))"
48,2001.3333333333333,1556.3333333333333,3.0,0.11790845971393066,1153.33984375,"(np.int64(1556), np.int64(2001), np.int64(1558), np.int64(2003))"
48,6.333333333333333,1636.6666666666667,3.0,0.11790845971393066,1182.734375,"(np.int64(1636), np.int64(6), np.int64(1638), np.int64(8))"
48,1066.0,1727.5833333333333,12.0,0.47163383885572263,1327.8216552734375,"(np.int64(1726), np.int64(1064), np.int64(1730), np.int64(1069))"
48,452.3181818181818,1756.7727272727273,12.0,0.47163383885572263,1309.2017822265625,"(np.int64(1754), np.int64(450), np.int64(1759), np.int64(454))"
48,1590.0833333333335,1919.3333333333335,5.0,0.19651409952321774,1319.7725830078125,"(np.int64(1910), np.int64(1589), np.int64(1929), np.int64(1592))"
49,488.9230769230769,257.7692307692308,13.0,0.5109361592735912,1216.8511962890625,"(np.int64(255), np.int64(487), np.int64(261), np.int64(493))"
49,487.6666666666667,279.0,3.0,0.1179083444477518,1183.259033203125,"(np.int64(278), np.int64(487), np.int64(281), np.int64(489))"
49,466.0,374.75,4.0,0.15721112593033573,1298.064453125,"(np.int64(374), np.int64(465), np.int64(376), np.int64(468))"
49,1892.8947368421052,396.63157894736844,19.0,0.7467528481690947,1311.996337890625,"(np.int64(392), np.int64(1891), np.int64(401), np.int64(1895))"
49,901.0923076923078,476.8961538461539,20.0,0.7860556296516786,1212.749267578125,"(np.int64(469), np.int64(895), np.int64(482), np.int64(907))"
49,357.0,876.0,3.0,0.1179083444477518,1131.09912109375,"(np.int64(876), np.int64(356), np.int64(877), np.int64(359))"
49,352.0,970.0,3.0,0.1179083444477518,1141.43896484375,"(np.int64(969), np.int64(352), np.int64(972), np.int64(353))"
49,191.0,1109.5,2.0,0.07860556296516787,1178.6231689453125,"(np.int64(1109), np.int64(191), np.int64(1111), np.int64(192))"
49,662.5,1173.5,4.0,0.15721112593033573,1305.80712890625,"(np.int64(1173), np.int64(662), np.int64(1175), np.int64(664))"
49,226.5,1431.0,2.0,0.07860556296516787,1158.8173828125,"(np.int64(1431), np.int64(226), np.int64(1432), np.int64(228))"
49,7.0,1637.5,2.0,0.07860556296516787,1116.5118408203125,"(np.int64(1637), np.int64(7), np.int64(1639), np.int64(8))"
49,1066.0,1728.3846153846155,13.0,0.5109361592735912,1324.8118896484375,"(np.int64(1726), np.int64(1064), np.int64(1731), np.int64(1069))"
49,452.14285714285717,1756.2857142857142,7.0,0.27511947037808754,1256.535400390625,"(np.int64(1755), np.int64(451), np.int64(1758), np.int64(454))"
49,375.0,1866.5,2.0,0.07860556296516787,1257.6519775390625,"(np.int64(1866), np.int64(375), np.int64(1868), np.int64(376))"
49,1591.0,1919.75,6.0,0.2358166888955036,1324.544921875,"(np.int64(1911), np.int64(1590), np.int64(1930), np.int64(1593))"
